"_primaryKey","_firstSeenAt","_lastSeenAt","listingId","vin","stockNumber","year","make","model","trim","subTrim","bodyStyle","exteriorColor","interiorColor","engine","displacement","drivetrain","transmission","fuelType","mileage","listPrice","currentPrice","onePrice","badge","vehicleCondition","cabType","bedLength","mpgCity","mpgHighway","mpgCombined","noAccidents","serviceRecords","personalUse","oneOwner","ownerHistory","serviceRecordCount","imageCount","followCount","firstSeen","recordType","sellerType","advantage","sellerName","sellerCity","sellerState","sellerZip","sellerPhone","sellerRating","sellerReviewCount","sellerId","sellerInventoryUrl","sellerLatitude","sellerLongitude","sellerGroupName","sellerLogoUrl","sellerBadgeExperience","reliabilityBadge","reliabilityCostBadge","reliabilityRiskBadge","reliabilityAvgCost","listingUrl","images","imagesCount","topOptions","topOptionsCount","otherOptions","otherOptionsCount","description","icrUrl","windowSticker","sortScore","snapshotDamageSeverity"
"4JGFF5KEXLA0466715FB30H18KZ20260830","2026-09-03 22:19:26.503","2026-09-03 22:19:26.503","[PREMIUM]","[PREMIUM]","L26083A",2020,"Mercedes-Benz","GLS","450",,"SUV","White","Brown","6 Cyl","3.0 L","AWD","Automatic","Gasoline",82687,"[PREMIUM]","[PREMIUM]",28210,"FAIR","Used",,,19,23,21,,true,true,true,"['{""ownerNumber"":1,""purchaseDate"":""10/19/20"",""endOwnershipDate"":""08/30/26"",""city"":""Bellevue"",""state"":""WA""}']",21,,0,"2026-08-30","ENHANCED","NEW",true,"[PREMIUM]","Bellevue","WA","98005","[PREMIUM]",4.6,39,"5FB30H18KZ","[PREMIUM]","[PREMIUM]","[PREMIUM]","[PREMIUM]","[PREMIUM]","TOPRATED",,,,,"[PREMIUM]","[PREMIUM]",,"['Navigation System','Keyless Entry','Air Suspension','Heated Seats','Cargo Cover','Bucket Seats','Power Liftgate','Blind Spot Monitor','Alloy Wheels','Led Lights']",10,"['4-Wheel Disc Brakes','7-Passenger Seating','AM/FM','Active Suspension','Adjustable Steering Wheel','Advanced Front-Lighting System','Air Conditioning','Anti-Lock Brakes','Anti-Theft System','Auto-Dimming Mirror','Automatic Headlights','Aux Audio Adapter','Braking Assist','Child Safety Locks','Collision Warning System','Compact Spare Tire','Cross Traffic Alert','Cruise Control','Daytime Running Lights','Driver Adjustable Lumbar','Engine Immobilizer','Floor Mats','Front Airbags (Driver)','Front Airbags (Passenger)','Front Head Airbag','Front Knee Airbags (Driver)','Front Side Airbags (Driver)','HD Radio','Handsfree Power Liftgate','Handsfree/Bluetooth Integration','Hard Disk Drive','Heated Mirrors','High Performance Tires','Integrated Garage Door Opener','Keyless Ignition','Leather Steering Wheel','Memory Mirrors','Multi-Zone Climate Control','Parking Assist System','Pass-Through Rear Seat','Passenger Adjustable Lumbar','Passenger Sensing Airbag','Power Folding Mirrors','Power Locks','Power Mirrors','Power Seat (Dual)','Power Steering','Power Windows','Premium Sound System','Privacy Glass','Rain-Sensing Wipers','Rear Bench Seat','Rear Head Airbags','Rear Parking Sensors','Rear Spoiler','Rear Window Defroster','Rear-View Camera','Remote Trunk Release','Satellite Radio','Seat Memory','Smart Device Integration','Stability Control','Steering Wheel Controls','Sun/Moonroof','Telematics System','Third Row Seating','Tire Pressure Monitoring System','Traction Control','Trip Computer','Turn Signal Mirrors','Vanity Mirror/Light','Vinyl Seats','Wi-Fi Hotspot']",73,"Polar White 2020 Mercedes-Benz GLS GLS 450 4MATIC® 4MATIC® 9-Speed Automatic V6Recent Arrival!","[PREMIUM]","[PREMIUM]",156.5,"Accident Reported"
"JTMEWRFV7LD538705KFU2U8X00120260828","2026-09-03 22:19:26.500","2026-09-03 22:19:26.500","[PREMIUM]","[PREMIUM]","38705",2020,"Toyota","RAV4","XSE",,"SUV","Gray","Black","4 Cyl","2.5 L","AWD","Automatic","Hybrid",133299,"[PREMIUM]","[PREMIUM]",24460,"GOOD","Used",,,41,38,40,true,true,true,,"['{""ownerNumber"":1,""purchaseDate"":""06/24/20"",""endOwnershipDate"":""11/11/25"",""city"":""Austin"",""state"":""TX""}','{""ownerNumber"":2,""purchaseDate"":""02/17/26"",""endOwnershipDate"":""07/17/26"",""city"":""Austin"",""state"":""TX""}']",31,16,1,"2026-08-28","ENHANCED","USED",true,"[PREMIUM]","Hillsboro","OR","97123","[PREMIUM]",3.3,3,"KFU2U8X001","[PREMIUM]","[PREMIUM]","[PREMIUM]","[PREMIUM]","[PREMIUM]","ADVANTAGE",,,,,"[PREMIUM]","[PREMIUM]",16,"['Roof Rack','Keyless Entry','Fog Lights','Leather Seats','Tinted Windows','Led Lights','Lane Departure Warning','Heated Mirrors','Seat Memory','Side Airbags']",10,"['AM/FM','Adaptive Cruise Control','Adjustable Steering Wheel','Air Conditioning','Android Auto','Anti-Theft System','Apple Carplay','Automatic Headlights','Aux Audio Adapter','Child Safety Locks','Clock','Collision Warning System','Daytime Running Lights','Dual-Zone Climate Control','Front Airbags (Driver)','Front Airbags (Passenger)','Front Center Armrest','High-Beam Assist','Integrated Garage Door Opener','Intermittent Wipers','Keyless Ignition','Lane Keeping System','Leather Steering Wheel','Leather Trimmed Interior','Leatherette Seats','Overhead Console','Pedestrian Alert System','Power Mirrors','Power Seat (Dual)','Power Steering','Premium Sound System','Rear Spoiler','Rear Window Defroster','Rear Window Wiper','Rear-View Camera','Remote Fuel Door Release','Safety Sense Package','Side Curtain Airbags','Sliding Rear Window','Stability Control','Steering Wheel Controls','Tire Pressure Monitoring System','Vanity Mirror/Light']",43,"2020 Toyota RAV4 Hybrid - Metallic Grey with Black Roof Carfax Certified - Here at Stouffair Motors all vehicles are Clean Titles Only! 10,000 SQFT Indoor Warehouse of Custom Lifted Toyotas! We are the Largest Dealer of Custom Toyotas! 15+ Years in the business! 2.5L 4-Cylinder Hybrid AWD CVT Automatic ~40 MPG Combined Apple CarPlay &amp; Android Auto Backup Camera Adaptive/Dynamic Radar Cruise Control Lane Keep/Lane Tracing Assist Pre-Collision Warning with Pedestrian Detection Automatic High Beams Push-Button Start LED Headlights Multiple Drive Modes Spacious Cargo Area Toyota Safety Sense 2.0 Toyota OEM Roof Racks The 2020 Toyota RAV4 Hybrid combines excellent fuel economy with the versatility of all-wheel drive, making it a great choice for everyday driving and weekend adventures. With approximately 40 MPG combined, Apple CarPlay and Android Auto, adaptive cruise control, a backup camera, and Toyota Safety Sense 2.0, this RAV4 Hybrid offers efficiency, technology, and confidence on the road. Contact us today for more information or to schedule a test drive. - Air Conditioning, Climate Control, Dual Zone Climate Control, Cruise Control, Tinted Windows, Power Steering, Power Mirrors, Leather Steering Wheel, Power Drivers Seat, Memory Seat Position, Clock, Homelink System, Telescoping Steering Wheel, Steering Wheel Radio Controls, Driver Airbag, Passenger Airbag, Side Airbags, Keyless Entry, Rear Defogger, Fog Lights, Intermittent Wipers, AM/FM, Anti-Theft, Premium Sound System, Full Leather Interior Surface, Aux. Audio Input, Center Arm Rest, Child Proof Door Locks, Daytime Running Lights, Heated Mirrors, Overhead Console, Rear Spoiler, Rear Spoiler, Rear Wipers, Remote Fuel Door, Reverse Camera, Roll Stability Control, Side Curtain Airbags, Sliding Rear Window, Tire Pressure Monitor, Vanity Mirrors - Contact Sales team at 503-956-1819 or sales@stouffair.com for more information. -","[PREMIUM]","[PREMIUM]",155.2,
"5TDHBRCH0LS002173CB1T8GENGI20260901","2026-09-03 22:19:26.497","2026-09-03 22:19:26.497","[PREMIUM]","[PREMIUM]","13983",2020,"Toyota","Highlander","XLE",,"SUV","Brown","Black","4 Cyl","2.5 L","AWD","Automatic","Hybrid",172377,"[PREMIUM]","[PREMIUM]",23330,"GREAT","Used",,,35,35,35,,true,true,,"['{""ownerNumber"":1,""purchaseDate"":""05/22/20"",""endOwnershipDate"":""10/03/23"",""city"":""Williams"",""state"":""OR""}','{""ownerNumber"":2,""purchaseDate"":""10/03/23"",""endOwnershipDate"":""08/12/26"",""city"":""Kent"",""state"":""WA""}']",27,23,1,"2026-09-01","ENHANCED","USED",true,"[PREMIUM]","Everett","WA","98204","[PREMIUM]",3.4,7,"CB1T8GENGI","[PREMIUM]","[PREMIUM]","[PREMIUM]","[PREMIUM]","[PREMIUM]","ADVANTAGE","GREAT","AVERAGE","LOW",330,"[PREMIUM]","[PREMIUM]",23,"['Navigation System','Leather Seats','Bench Seat','Third Row Seating','Lane Departure Warning','Premium Sound System']",6,"['2nd Row Bench Seat','Adaptive Cruise Control','All-Weather Mat Protection Package','Collision Warning System','Lane Keeping System','Leatherette Seats','Multimedia Interface','Telematics System','Wi-Fi Hotspot']",9,"This 2020 Toyota Highlander Hybrid XLE is presented as a midsize SUV with the equipment expected from the XLE trim and the added efficiency of Toyota's hybrid system. This model combines a gasoline-electric drivetrain with the practical packaging of a three-row utility vehicle, and its cabin is arranged to accommodate daily driving, family use, and longer trips without changing the basic character of the vehicle. This example includes a second row bench seat, which increases rear passenger capacity relative to captain's-chair arrangements, and the third row seat provides additional seating when needed. The interior is finished with leather seats, giving the cabin a more polished appearance than cloth-trimmed versions, while the overall design remains straightforward and functional.<br /><br />This 2020 Toyota Highlander Hybrid XLE includes driver-assist and safety-related equipment that is commonly sought in this class. Adaptive Cruise Control is fitted, and Lane Keep Assist is part of the vehicle's equipment as well. Collision Warning is also included. These systems are integrated into the vehicle's broader electronic control and sensing package, and they operate alongside the rest of the Highlander's road-going hardware without changing the SUV's basic use case. This model's body style and hybrid powertrain are intended to cover a wide range of driving conditions, from commuting to highway travel, and the available assistance features add another layer of factory-installed technology to that role.<br /><br />This 2020 Toyota Highlander Hybrid XLE also includes infotainment and connectivity items that expand its convenience features. Premium Audio w/Dynamic Navigation is fitted, bringing the upgraded sound system together with in-dash navigation capability in one factory package. Wi-Fi Hotspot is present as well, providing an onboard connectivity option for passengers and devices. These features sit within the center display and audio environment already built into the Highlander, and they are paired with the rest of the vehicle's controls in a familiar Toyota layout. The equipment list reflects a well-specified example rather than a modified one, and the technology content is consistent with a mid-grade trim that has been further optioned for added day-to-day usefulness.<br /><br />This 2020 Toyota Highlander Hybrid XLE is also equipped with the All-Weather Floor Liner Package, which adds protective liners for the interior. The package is straightforward in purpose and is the kind of accessory set that is often added to help preserve the cabin from routine dirt, moisture, and debris. With the second row bench seat, leather upholstery, and the third row seat, the interior has the seating and trim items expected of a family-oriented SUV in this segment, while the hybrid system and factory options keep the vehicle's equipment list practical and complete. This example presents a combination of comfort, driver assistance, connectivity, and interior protection that can be verified by its listed features without needing any embellishment.","[PREMIUM]","[PREMIUM]",152.45,
"5UXTY5C04L9D50585KJKLBSUEFA20260829","2026-09-03 22:19:26.490","2026-09-03 22:19:26.490","[PREMIUM]","[PREMIUM]","L9D50585",2020,"BMW","X3","xDrive30i",,"SUV","Gray","Black","4 Cyl","2.0 L","AWD","Automatic","Gasoline",60212,"[PREMIUM]","[PREMIUM]",23520,"FAIR","Used",,,24,29,26,true,true,true,,"['{""ownerNumber"":1,""purchaseDate"":""02/03/21"",""endOwnershipDate"":""10/26/25"",""city"":""Eagle Point"",""state"":""OR""}','{""ownerNumber"":2,""purchaseDate"":""12/20/25"",""endOwnershipDate"":""08/29/26"",""city"":""Portland"",""state"":""OR""}']",9,11,0,"2026-08-29","ENHANCED","NEW",true,"[PREMIUM]","Tigard","OR","97223","[PREMIUM]",4.5,362,"KJKLBSUEFA","[PREMIUM]","[PREMIUM]","[PREMIUM]","[PREMIUM]","[PREMIUM]","TOPRATED","GOOD","AVERAGE","AVERAGE",360,"[PREMIUM]","[PREMIUM]",11,"['Premium Package','Driver Assistance Package','Navigation System','DVD','Keyless Entry','Fog Lights','Spoiler','Heated Seats','Heated Steering Wheel','Roof Rails']",10,"['12 Speakers','18 Inch Wheels','19 Inch Wheels','2nd Row Split/Folding Seats','4-Wheel Disc Brakes','4-Wheel Independent Suspension','AM/FM','Active Blind Spot','Adjustable Steering Wheel','Air Conditioning','Alloy Wheels','Ambient Lighting','Anti-Lock Brakes','Anti-Theft System','Auto Climate Control','Auto-Dimming Mirror','Automatic Headlights','BMW Assist','Blind Spot Monitor','Body Colored Bumpers','Braking Assist','Bucket Seats','Confidence Package','Connected Package Plus','Connected Package Pro','ConnectedDrive','Cruise Control','Delay-Off Headlights','Digital Instrument Cluster','Door Bin','Dual-Zone Climate Control','Emergency Communication System','Front Airbags (Driver)','Front Airbags (Passenger)','Front Anti-Roll Bar','Front Bucket Seats','Front Center Armrest','Front Knee Airbags (Driver)','Front Side Airbags (Driver)','Front Side Airbags (Passenger)','HD Radio','Handsfree/Bluetooth Integration','Head-Up Display','Heated Mirrors','Illuminated Entry','Integrated Garage Door Opener','Keyless Ignition','Lane Departure Warning','Leatherette Seats','Overhead Airbag','Panic Button','Panorama Sunroof','Park Assistant Plus','Parking Assistance Package','Parking Sensors','Passenger Sensing Airbag','Passive Keyless Entry','Power Liftgate','Power Mirrors','Power Seat (Dual)','Power Steering','Power Windows','Premium Sound System','Radio Data System','Rain-Sensing Wipers','Reading Lights','Rear Air Conditioning','Rear Anti-Roll Bar','Rear Center Armrest','Rear Window Defroster','Rear Window Wiper','Rear-View Camera','Remote Keyless Entry','Satellite Radio','Seat Memory','Side and Top View Camera','Speed-Sensing Steering','Sport Seats','Sport Steering Wheel','Stability Control','Steering Wheel Controls','Tachometer','Telematics System','Thermometer','Tire Pressure Monitoring System','Traction Control','Trip Computer','Turn Signal Mirrors','USB Adapter','USB Audio Interface','Vanity Mirror/Light','Wi-Fi Hotspot','Wireless Phone Charger','Wood Dash Trim','Wood Door Trim']",95,"Recent Arrival! Clean CARFAX. AWD<br /><br />24/29 City/Highway MPG","[PREMIUM]","[PREMIUM]",155,
"3VV3B7AX7LM080573035QPAZ00120260828","2026-09-03 22:19:26.486","2026-09-03 22:19:26.486","[PREMIUM]","[PREMIUM]","44620",2020,"Volkswagen","Tiguan","Unspecified",,"SUV","Silver",,"4 Cyl","2.0 L","FWD","Automatic","Gasoline",89552,"[PREMIUM]","[PREMIUM]",16810,,"Used",,,22,29,25,true,true,true,true,"['{""ownerNumber"":1,""purchaseDate"":""08/12/20"",""endOwnershipDate"":""03/22/22"",""city"":""Woodland Hills"",""state"":""CA""}']",36,12,0,"2026-08-28","ENHANCED","USED",true,"[PREMIUM]","Medford","OR","97501","[PREMIUM]",5,1,"035QPAZ001","[PREMIUM]","[PREMIUM]","[PREMIUM]","[PREMIUM]","[PREMIUM]","ADVANTAGE","GREAT","LOW","LOW",190,"[PREMIUM]","[PREMIUM]",12,"[]",,"['']",1,,"[PREMIUM]","[PREMIUM]",155.5,
"5NMS5CAA3LH1727563TOXW6500120260829","2026-09-03 22:19:26.486","2026-09-03 22:19:26.486","[PREMIUM]","[PREMIUM]","LH172756BP",2020,"Hyundai","Santa Fe","Limited Edition",,"SUV","Gray","Tan","4 Cyl","2.0 L","AWD","Automatic","Gasoline",100183,"[PREMIUM]","[PREMIUM]",18800,"GOOD","Used",,,20,26,22,,true,true,true,"['{""ownerNumber"":1,""purchaseDate"":""11/25/19"",""endOwnershipDate"":""06/02/26"",""city"":""Antioch"",""state"":""CA""}']",13,,0,"2026-08-29","ENHANCED","NEW",true,"[PREMIUM]","Klamath Falls","OR","97603","[PREMIUM]",4.5,319,"3TOXW65001","[PREMIUM]","[PREMIUM]","[PREMIUM]","[PREMIUM]","[PREMIUM]","TOPRATED","GREAT","LOW","LOW",220,"[PREMIUM]","[PREMIUM]",,"['Navigation System','Keyless Entry','Fog Lights','Leather Seats','Heated Seats','Heated Steering Wheel','Bucket Seats','Power Liftgate','Blind Spot Monitor','Alloy Wheels']",10,"['4-Wheel Disc Brakes','AM/FM','Adaptive Cruise Control','Adjustable Steering Wheel','Air Conditioning','Anti-Lock Brakes','Anti-Theft System','Apple Carplay','Auto-Dimming Mirror','Automatic Headlights','Aux Audio Adapter','Braking Assist','Child Safety Locks','Compact Spare Tire','Cross Traffic Alert','Daytime Running Lights','Driver Adjustable Lumbar','Engine Immobilizer','Front Airbags (Driver)','Front Airbags (Passenger)','Front Head Airbag','Front Side Airbags (Driver)','Handsfree Power Liftgate','Handsfree/Bluetooth Integration','Heated Mirrors','High Performance Tires','Integrated Garage Door Opener','Keyless Ignition','Lane Departure Warning','Lane Keeping System','Leather Steering Wheel','MP3','Memory Mirrors','Multi-Zone Climate Control','Onboard Communications System','Panorama Sunroof','Pass-Through Rear Seat','Power Locks','Power Mirrors','Power Seat (Dual)','Power Steering','Power Windows','Premium Sound System','Privacy Glass','Rain-Sensing Wipers','Rear Head Airbags','Rear Parking Sensors','Rear Spoiler','Rear Window Defroster','Rear-View Camera','Remote Trunk Release','Satellite Radio','Seat Memory','Smart Device Integration','Stability Control','Steering Wheel Controls','Telematics System','Tire Pressure Monitoring System','Traction Control','Trip Computer','Turn Signal Mirrors','Vanity Mirror/Light']",62,"Machine Gray exterior and Black/Beige interior, Limited trim. EPA 26 MPG Hwy/20 MPG City! CARFAX 1-Owner. Heated Leather Seats, NAV, Sunroof, All Wheel Drive, Panoramic Roof, Alloy Wheels, OPTION GROUP 01, Turbo. CLICK NOW!<br /><br />KEY FEATURES INCLUDE<br />Leather Seats, Navigation, Panoramic Roof. Rear Spoiler, MP3 Player, Sunroof, All Wheel Drive, Onboard Communications System, Aluminum Wheels, Remote Trunk Release. <br /><br />OPTION PACKAGES<br />OPTION GROUP 01 standard equipment. Hyundai Limited with Machine Gray exterior and Black/Beige interior features a 4 Cylinder Engine with 235 HP at 6000 RPM*. <br /><br />EXPERTS RAVE<br />Great Gas Mileage: 26 MPG Hwy. <br /><br />VISIT US TODAY<br />Youll only find high quality used cars, trucks and SUVs at Lithia Ford of Klamath Falls. We offer Klamath Falls Oregon, Beatty OR and Tulelake California a great selection of second hand cars, used pickups and pre-owned SUVs from todays leading manufacturers. We also have ongoing Pre-Owned Vehicle Specials that are designed to save you even more money! Dont miss them! <br /><br />New Disclaimer: Plus license and title. Price does not include a charge for 0.40% Oregon Corporate Activity Tax. A 0.5% state privilege tax will be added to new vehicle sales. Not all sales at MSRP. Prices include $215 dealer doc fee and $35 electronic vehicle registration. <br /> <br />Used Disclaimer: Plus license and title. Price does not include a charge for 0.40% Oregon Corporate Activity Tax. Not all sales at MSRP. Prices include $215 dealer doc fee and $35 electronic vehicle registration.<br />","[PREMIUM]","[PREMIUM]",152.75,
"JF2GTANC2L8253696S25TGDA4T120260826","2026-09-03 22:19:26.486","2026-09-03 22:19:26.486","[PREMIUM]","[PREMIUM]","E2814",2020,"Subaru","Crosstrek","Limited",,"SUV","Silver","Black","4 Cyl","2.0 L","AWD","Automatic","Gasoline",67451,"[PREMIUM]","[PREMIUM]",21730,"FAIR","Used",,,27,33,30,,true,true,true,"['{""ownerNumber"":1,""purchaseDate"":""06/23/20"",""endOwnershipDate"":""08/26/26"",""city"":""Kent"",""state"":""WA""}']",3,28,0,"2026-08-26","ENHANCED","NEW",true,"[PREMIUM]","Auburn","WA","98002","[PREMIUM]",4.6,423,"S25TGDA4T1","[PREMIUM]","[PREMIUM]","[PREMIUM]","[PREMIUM]","[PREMIUM]","TOPRATED","GREAT","AVERAGE","LOW",280,"[PREMIUM]","[PREMIUM]",28,"['Fog Lights','Heated Seats','Cargo Cover','Roof Rails','Folding Mirrors','Blind Spot Monitor','Smart Key','Paddle Shifter','Led Lights','Parking Sensors']",10,"['12V Power Outlet','3-Point Seat Belts','6 Speakers','AM/FM','Acoustic Windshield','Adaptive Cruise Control','Adjustable Headrests','Adjustable Seats','Adjustable Steering Wheel','Advanced Front-Lighting System','Air Conditioning','Air Filtration','Airbag Deactivation (Passenger)','Android Auto','Antenna','Anti-Lock Brakes','Anti-Theft System','Apple Carplay','Armrest Storage','Armrests','Auto Climate Control','Automatic Headlights','Black Grille','Body Colored Bumpers','Body Colored Door Handles','Braking Assist','CD (Single Disc)','Cargo Area Light','Cargo Area Tie Downs','Center Console','Child Safety Locks','Child Seat Anchors','Chrome Trimmed Interior','Clock','Collision Warning System','Color Coded Mirrors','Compact Spare Tire','Cross Traffic Alert','Cup Holder','Daytime Running Lights','Delay-Off Headlights','Digital Instrument Cluster','Door Pockets','Door Unlock Impact Sensor','Double Wishbone Rear Suspension','Dual-Zone Climate Control','Electronic Brake Force Distribution','Electronic Messaging Assistance','Engine Immobilizer','Floor Mats','Front Airbags (Driver)','Front Airbags (Passenger)','Front Bucket Seats','Front Center Armrest','Front Crumple Zones','Front Headrests','Front Knee Airbags (Driver)','Front Side Airbags','Front Stabilizer Bar','Front Ventilated Disc Brakes','Fuel Cut-Off Impact Sensor','Fuel Data Display','HD Radio','Handsfree/Bluetooth Integration','Heated Mirrors','Heated Windshield','High-Beam Assist','Hill Assist System','Illuminated Entry','Impact Absorbing Seats','Independent Suspension','Intermittent Wipers','Keyless Ignition','Lane Departure Warning','Lane Keeping System','Leather Shift Knob Trim','Leather Steering Wheel','Leather Trimmed Interior','Leather Trimmed Seats','Leatherette Door Trim','Low Fuel Level Indicator','MP3','MacPherson Front Suspension','Metal-Look Dash Trim','Metal-Look Door Trim','One-Touch Power Windows','Overhead Console','Panic Button','Passenger Sensing Airbag','Power Locks','Power Mirrors','Power Seat (Dual)','Power Steering','Radio Data System','Reading Lights','Rear Bench Seat','Rear Center Armrest','Rear Crumple Zones','Rear Disc Brakes','Rear Headrests','Rear Privacy Glass','Rear Seat Reminder','Rear Spoiler','Rear Stabilizer Bar','Rear Window Defroster','Rear Window Wiper','Rear-View Camera','Remote Trunk Release','Safety Brake Pedal System','Satellite Radio','Seat Belt Pretensioners','Seat Belt Warning System','Side Curtain Airbags','Simulated Carbon Fibre Door Trim','SiriusXM Travel Link','Smart Device Integration','Speed Sensitive Volume Control','Split/Folding Seats','Stability Control','Start-Stop System','Steel Spare Wheel Rim','Steering Wheel Controls','Stop and Go Assist','Tachometer','Telematics System','Thermometer','Tire Pressure Monitoring System','Touch-Screen Display','Traction Control','Trip Odometer','Turn Signal Mirrors','Vanity Mirror/Light','Voice-Activated Command System','Window Lockout Button','Wiper Activated Headlights']",135,"Recent Arrival! CARFAX One-Owner. Ice Silver Metallic 2020 Subaru Crosstrek Limited AWD Lineartronic CVT 2.0L DOHC Awards: * ALG Residual Value Awards, Residual Value Awards","[PREMIUM]","[PREMIUM]",156.5,
"YV4A22PL3L1586067RUENTIO00120260808","2026-09-03 22:19:26.486","2026-09-03 22:19:26.486","[PREMIUM]","[PREMIUM]","586067",2020,"Volvo","XC90","T6 Inscription",,"SUV","White","Gray","4 Cyl","2.0 L","AWD","Automatic","Gasoline",61648,"[PREMIUM]","[PREMIUM]",27960,"FAIR","Used",,,18,26,21,true,true,true,,"['{""ownerNumber"":1,""purchaseDate"":""06/19/20"",""endOwnershipDate"":""06/19/23"",""city"":""Agoura Hills"",""state"":""CA""}','{""ownerNumber"":2,""purchaseDate"":""06/20/23"",""endOwnershipDate"":""07/16/25"",""city"":""Agoura Hills"",""state"":""CA""}']",4,31,0,"2026-08-08","ENHANCED","USED",true,"[PREMIUM]","Bend","OR","97701","[PREMIUM]",3.1,19,"RUENTIO001","[PREMIUM]","[PREMIUM]","[PREMIUM]","[PREMIUM]","[PREMIUM]","ADVANTAGE",,,,,"[PREMIUM]","[PREMIUM]",31,"['Fog Lights','Spoiler','Tinted Windows','Dual Exhaust','Power Liftgate','Blind Spot Monitor','Third Row Seating','Heated Mirrors','Front Bench Seat','Wood Door Trim']",10,"['12V Power Outlet','14 Speakers','3-Point Seat Belts','4-Wheel Disc Brakes','Adaptive Cruise Control','Adjustable Headrests','Adjustable Seats','Adjustable Steering Wheel','Advanced Front-Lighting System','Air Conditioning','Air Filtration','Antenna','Anti-Lock Brakes','Anti-Theft System','Armrest Storage','Auto-Dimming Mirror','Body Colored Bumpers','Body Colored Door Handles','Body Colored Side Moldings','Body Side Moldings','Braking Assist','Cargo Area Concealed Storage','Cargo Area Light','Cargo Area Under Floor','Child Safety Locks','Chrome Bumpers','Chrome Front Grill','Collision Warning System','Color Coded Mirrors','Compact Spare Tire','Console','Cooled Glove Box','Cup Holder','Delayed Accessory Power','Digital Instrument Cluster','Door Bin','Double Wishbone Front Suspension','Downhill-Assist Control','Driver Foot Rest','Dual-Stage Front Airbags','Electric Parking Brake','Engine Immobilizer','Fade-To-Off Interior Lighting','Floor Mats','Front Anti-Roll Bar','Front Center Armrest','Front Headrests','Front Knee Airbags (Driver)','Front Side Airbags','Front Ventilated Disc Brakes','Hill Assist System','Illuminated Entry','Illuminated Glove Box','Integrated Garage Door Opener','LED Tail Lights','Leather Shift Knob Trim','Leather/Metal-Look Steering Wheel Trim','Leatherette Dash Trim','Leatherette Door Trim','Locking Glove Box','Maintenance Free Battery','Metal-Look Dash Trim','Metal-Look Grille','Multi-Link Suspension','Passenger Sensing Airbag','Permanent Locking Hubs','Piano Black Dash Trim','Pilot Assist','Power Folding Mirrors','Power Mirrors','Power Steering','Power Sun/Moonroof','Rain-Sensing Wipers','Reading Lights','Real-Time Traffic','Rear Anti-Roll Bar','Rear Center Armrest','Rear Headrests','Rear Ventilated Disc Brakes','Remote Fuel Door Release','Remote Trunk Release','Seat Belt Pretensioners','Side Curtain Airbags','Side Impact Door Beam','Speed-Sensing Steering','Split/Folding Seats','Start-Stop System','Steel Spare Wheel Rim','Steering Wheel Controls','Thermometer','Third Row Airbags','Tire Pressure Monitoring System','Turn Signal Mirrors','Valet Function','Vanity Mirror/Light','Vehicle Tracking System','Windshield Wiper Heater','Wood Dash Trim']",98,"2020 Volvo XC90 T6 Inscription1 MONTH 1,000 MILE LIMITED WARRANTY.AWD, Slate Leather.","[PREMIUM]","[PREMIUM]",150,
"1C4PJMLN1LD5415203QWRRT38B120260902","2026-09-03 22:19:26.485","2026-09-03 22:19:26.485","[PREMIUM]","[PREMIUM]","268957A",2020,"Jeep","Cherokee","Latitude","Plus","SUV","Blue","Black","4 Cyl","2.0 L","4WD","Automatic","Gasoline",24126,"[PREMIUM]","[PREMIUM]",21480,,"Used",,,,,,true,true,true,true,"['{""ownerNumber"":1,""purchaseDate"":""01/28/21"",""endOwnershipDate"":""Present"",""city"":""Seattle"",""state"":""WA""}']",9,26,0,"2026-09-02","ENHANCED","NEW",true,"[PREMIUM]","Seattle","WA","98134","[PREMIUM]",,,"3QWRRT38B1","[PREMIUM]","[PREMIUM]","[PREMIUM]","[PREMIUM]","[PREMIUM]","ADVANTAGE",,,,,"[PREMIUM]","[PREMIUM]",26,"['Keyless Entry','Fog Lights','Spoiler','Leather Seats','Roof Rails','Bucket Seats','Alloy Wheels','17 Inch Wheels','Heated Mirrors','Satellite Radio']",10,"['2nd Row Split/Folding Seats','4-Wheel Disc Brakes','4-Wheel Independent Suspension','6 Speakers','AM/FM','Adjustable Steering Wheel','Air Conditioning','Android Auto','Anti-Lock Brakes','Apple Carplay','Automatic Headlights','Auxiliary Transmission Cooler','Body Colored Bumpers','Braking Assist','Cloth Seats','Compass','Cruise Control','Delay-Off Headlights','Door Bin','Front Airbags (Driver)','Front Airbags (Passenger)','Front Anti-Roll Bar','Front Bucket Seats','Front Center Armrest','Front Knee Airbags (Driver)','Front Side Airbags (Driver)','Front Side Airbags (Passenger)','Handsfree/Bluetooth Integration','Head Restraint Whiplash Protection','Illuminated Entry','Intermittent Wipers','Leather Shift Knob Trim','Leather Trimmed Seats','Overhead Airbag','Overhead Console','Panic Button','Passenger Sensing Airbag','Power Mirrors','Power Seat (Dual)','Power Steering','Power Windows','Radio Data System','Reading Lights','Rear Anti-Roll Bar','Rear Center Armrest','Rear Side Airbags','Rear Window Defroster','Rear Window Wiper','Rear-View Camera','Remote Keyless Entry','Speed-Sensing Steering','Stability Control','Start-Stop System','Steering Wheel Controls','Tachometer','Telematics System','Thermometer','Tire Pressure Monitoring System','Traction Control','Trip Computer','Turn Signal Mirrors','USB Adapter','Uconnect System','Vanity Mirror/Light','Vinyl Seats','Voice-Activated Command System']",66,"CARFAX One-Owner. Clean CARFAX. Honda of Seattle is pleased to offer this vehicle with. ABS brakes, Alloy wheels, Compass, Electronic Stability Control, Heated door mirrors, Illuminated entry, Low tire pressure warning, ParkView Rear Back-Up Camera, Passenger door bin, Remote keyless entry, Traction control.<br /><br /><br />Priced below KBB Fair Purchase Price! Odometer is 45389 miles below market average! 21/29 City/Highway MPG<br /><br />IMPORTANT TERMS AND CONDITIONS www.hondaofseattle.com - 206.382.8800 Excellent selection of Used Vehicles, Financing Options, serving the greater Seattle Metropolitan area. All Vehicles are one of each. A dealer documentary service fee of up to $200 may be added to the sale price or capitalized cost. Prices exclude tax, title, and license. Any agreement is subject to execution of contract documents. Customer is requested to verify the existence and condition of any equipment listed. Offers expire on close of business day. **Based on 2018 EPA mileage ratings. Use for comparison purposes only. Your mileage will vary depending on how you drive and maintain your vehicle, driving conditions and other factors.","[PREMIUM]","[PREMIUM]",155.5,
"3PCAJ5M32LF118303Z0L1W7800120260829","2026-09-03 22:19:26.478","2026-09-03 22:19:26.478","[PREMIUM]","[PREMIUM]","V262469A",2020,"Infiniti","QX50","Luxe",,"SUV","Gray","Black","4 Cyl","2.0 L","AWD","Automatic","Gasoline",73478,"[PREMIUM]","[PREMIUM]",20080,"GOOD","Used",,,22,28,25,true,true,true,,"['{""ownerNumber"":1,""purchaseDate"":""08/28/20"",""endOwnershipDate"":""03/03/23"",""city"":""Valencia"",""state"":""CA""}','{""ownerNumber"":2,""purchaseDate"":""03/28/23"",""endOwnershipDate"":""08/29/26"",""city"":""Puyallup"",""state"":""WA""}']",14,1,0,"2026-08-29","ENHANCED","NEW",true,"[PREMIUM]","Puyallup","WA","98371","[PREMIUM]",4.3,456,"Z0L1W78001","[PREMIUM]","[PREMIUM]","[PREMIUM]","[PREMIUM]","[PREMIUM]","TOPRATED",,,,,"[PREMIUM]","[PREMIUM]",1,"['Cargo Package','Keyless Entry','Fog Lights','Heated Seats','Power Liftgate','Blind Spot Monitor','19 Inch Wheels','Alloy Wheels','Splash Guards','Satellite Radio']",10,"['2nd Row Split/Folding Seats','4-Wheel Disc Brakes','4-Wheel Independent Suspension','6 Speakers','AM/FM','Adjustable Steering Wheel','Air Conditioning','Android Auto','Anti-Lock Brakes','Anti-Theft System','Apple Carplay','Auto Climate Control','Auto-Dimming Mirror','Automatic Headlights','Beverage Holder','Body Colored Bumpers','Braking Assist','CD (Single Disc)','Cruise Control','Delay-Off Headlights','Door Bin','Dual-Zone Climate Control','Floor Mats','Front Airbags (Driver)','Front Airbags (Passenger)','Front Anti-Roll Bar','Front Bucket Seats','Front Center Armrest','Front Knee Airbags (Driver)','Front Side Airbags (Driver)','Front Side Airbags (Passenger)','Head Restraint Whiplash Protection','High-Beam Assist','Illuminated Entry','Integrated Garage Door Opener','Intermittent Wipers','Leather Shift Knob Trim','Leatherette Seats','Overhead Airbag','Overhead Console','Panic Button','Passenger Sensing Airbag','Power Mirrors','Power Seat (Dual)','Power Steering','Power Sun/Moonroof','Power Windows','Radio Data System','Reading Lights','Rear Anti-Roll Bar','Rear Center Armrest','Rear Parking Sensors','Rear Spoiler','Rear Window Defroster','Rear Window Wiper','Rear-View Camera','Remote Keyless Entry','Speed-Sensing Steering','Stability Control','Steering Wheel Controls','Tachometer','Thermometer','Tire Pressure Monitoring System','Traction Control','Trip Computer','Turn Signal Mirrors','Vanity Mirror/Light']",67,"2020 INFINITI QX50 LUXE Graphite Shadow<br /><br /><br />Don't Worry Leave Happy. We offer 100% Transparent Worry Free Pricing. We have the top rated Service Department on the West Coast and we are the #1 top selling VW Certified Dealer in Washington State.<br /><br />The Harnish Auto Family has been serving Western Washington for over thirty years! We always have over 700 new and pre-owned in inventory. A documentary service fee in an amount up to $200 may be added to the sale price or capitalized cost. The Documentary Service Fee is a negotiable fee.<br /><br />INFINITI QX50 LUXE 4D Sport Utility I4 AWD","[PREMIUM]","[PREMIUM]",154.25,
"7FARW2H99LE005924RVMTYV139120260830","2026-09-03 22:19:26.476","2026-09-03 22:19:26.476","[PREMIUM]","[PREMIUM]","LE005924P",2020,"Honda","CR-V","Touring",,"SUV","Silver","Black","4 Cyl","1.5 L","AWD","Automatic","Gasoline",50607,"[PREMIUM]","[PREMIUM]",27640,"FAIR","Used",,,27,32,29,true,true,true,,"['{""ownerNumber"":1,""purchaseDate"":""01/18/20"",""endOwnershipDate"":""02/18/21"",""city"":""Salem"",""state"":""OR""}','{""ownerNumber"":2,""purchaseDate"":""05/29/21"",""endOwnershipDate"":""05/31/24"",""city"":""Albany"",""state"":""OR""}','{""ownerNumber"":3,""purchaseDate"":""05/31/24"",""endOwnershipDate"":""08/21/26"",""city"":""Lebanon"",""state"":""OR""}']",16,23,0,"2026-08-30","ENHANCED","NEW",true,"[PREMIUM]","Eugene","OR","97401","[PREMIUM]",4.3,229,"RVMTYV1391","[PREMIUM]","[PREMIUM]","[PREMIUM]","[PREMIUM]","[PREMIUM]","ADVANTAGE","GREAT","LOW","LOW",240,"[PREMIUM]","[PREMIUM]",23,"['Remote Start','Navigation System','Keyless Entry','Fog Lights','Leather Seats','Heated Seats','Heated Steering Wheel','Bucket Seats','Power Liftgate','Blind Spot Monitor']",10,"['4-Wheel Disc Brakes','AM/FM','Adaptive Cruise Control','Adjustable Steering Wheel','Air Conditioning','Alloy Wheels','Anti-Lock Brakes','Anti-Theft System','Apple Carplay','Auto-Dimming Mirror','Automatic Headlights','Aux Audio Adapter','Braking Assist','Child Safety Locks','Compact Spare Tire','Cross Traffic Alert','Daytime Running Lights','Driver Adjustable Lumbar','Engine Immobilizer','Floor Mats','Front Airbags (Driver)','Front Airbags (Passenger)','Front Head Airbag','Front Side Airbags (Driver)','Handsfree Power Liftgate','Handsfree/Bluetooth Integration','Heated Mirrors','High Performance Tires','Integrated Garage Door Opener','Keyless Ignition','Lane Departure Warning','Lane Keeping System','Leather Steering Wheel','MP3','Multi-Zone Climate Control','Pass-Through Rear Seat','Power Locks','Power Mirrors','Power Seat (Dual)','Power Steering','Power Windows','Premium Sound System','Privacy Glass','Rain-Sensing Wipers','Rear Head Airbags','Rear Spoiler','Rear Window Defroster','Rear-View Camera','Remote Trunk Release','Satellite Radio','Seat Memory','Smart Device Integration','Stability Control','Steering Wheel Controls','Sun/Moonroof','Tire Pressure Monitoring System','Traction Control','Trip Computer','Turn Signal Mirrors','Vanity Mirror/Light','Wood Trimmed Interior']",61,"ONLY 50,607 Miles! FUEL EFFICIENT 32 MPG Hwy/27 MPG City! Nav System, Moonroof, Heated Leather Seats, Back-Up Camera, Adaptive Cruise Control, Remote Engine Start, Turbo Charged Engine, All Wheel Drive, Aluminum Wheels, Apple CarPlay® <br /><br />KEY FEATURES INCLUDE<br />Leather Seats, Apple CarPlay®, Navigation, Heated Driver Seat, Remote Engine Start, Adaptive Cruise Control, Back-Up Camera, All Wheel Drive, Bluetooth®, Smart Device Integration, Satellite Radio, Blind Spot Monitor, Keyless Entry, Lane Keeping Assist, Cross-Traffic Alert. Rear Spoiler, MP3 Player, Sunroof, Aluminum Wheels, Privacy Glass. Honda Touring with Lunar Silver Metallic exterior and Black interior features a 4 Cylinder Engine with 190 HP at 5600 RPM*. <br /><br />VEHICLE REVIEWS<br />Great Gas Mileage: 32 MPG Hwy. <br /><br />WHY BUY FROM US<br />At Lithia Chrysler Jeep Dodge Ram of Eugene, we believe every great adventure begins with the right vehicle-and an exceptional buying experience.Whether youre purchasing your very first vehicle, upgrading for your growing family, or preparing for your next road trip, camping weekend, or workday, were here to help you start that journey with confidence.Thats why weve created a buying experience thats Quick. Easy. Fun.Our team is committed to treating every customer with honesty, respect, and transparency. We take the time to understand your needs, answer your questions, and help you find the vehicle thats right for your lifestyle-not simply make a sale.We believe buying a vehicle should be exciting, memorable, and enjoyable. From your first conversation to the moment, you drive away, our goal is to exceed your expectations and earn your trust for years to come.At Lithia Chrysler Jeep Dodge Ram of Eugene, were more than a dealership-were your partner for every mile ahead. Please visit our website at www.lithiadodgeeugene.com. <br /><br />PLUS LICENSE &amp; TITLE<br />Price does not include a charge for 0.40% Oregon Corporate Activity Tax. Not all sales at MSRP. Prices include $215 dealer doc fee and $35 electronic vehicle registration. <br /><br />Plus license and title, and $250 title and registration processing fee. Price does not include a charge for 0.40% Oregon Corporate Activity Tax. A 0.5% state privilege tax will be added to new vehicles. Not all sales at MSRP.<br />","[PREMIUM]","[PREMIUM]",153,
"2T3J1RFV6LC111372OYYI9WI00120260820","2026-09-03 22:19:26.466","2026-09-03 22:19:26.466","[PREMIUM]","[PREMIUM]","LC111372H",2020,"Toyota","RAV4","TRD Off Road",,"SUV","Gray","Black","4 Cyl","2.5 L","AWD","Automatic","Gasoline",90996,"[PREMIUM]","[PREMIUM]",28510,"FAIR","Used",,,25,32,27,,true,true,,"['{""ownerNumber"":1,""purchaseDate"":""07/31/20"",""endOwnershipDate"":""09/27/23"",""city"":""Boise"",""state"":""ID""}','{""ownerNumber"":2,""purchaseDate"":""12/07/23"",""endOwnershipDate"":""08/20/26"",""city"":""Boise"",""state"":""ID""}']",23,16,0,"2026-08-20","ENHANCED","NEW",true,"[PREMIUM]","Bend","OR","97701","[PREMIUM]",4.7,201,"OYYI9WI001","[PREMIUM]","[PREMIUM]","[PREMIUM]","[PREMIUM]","[PREMIUM]","TOPRATED","GREAT","LOW","LOW",220,"[PREMIUM]","[PREMIUM]",16,"['Off-Road Package','Keyless Entry','Fog Lights','Heated Seats','Heated Steering Wheel','Bucket Seats','Power Liftgate','Blind Spot Monitor','Alloy Wheels','Limited Slip Differential']",10,"['4-Wheel Disc Brakes','AM/FM','Adaptive Cruise Control','Adjustable Steering Wheel','Air Conditioning','Air Filtration','Anti-Lock Brakes','Anti-Theft System','Apple Carplay','Automatic Headlights','Aux Audio Adapter','Braking Assist','Child Safety Locks','Compact Spare Tire','Cross Traffic Alert','Daytime Running Lights','Driver Adjustable Lumbar','Engine Immobilizer','Floor Mats','Front Airbags (Driver)','Front Airbags (Passenger)','Front Head Airbag','Front Side Airbags (Driver)','Handsfree/Bluetooth Integration','Heated Mirrors','Keyless Ignition','Lane Departure Warning','Lane Keeping System','Leather Steering Wheel','Locking Differential','MP3','Multi-Zone Climate Control','Off-Road Tires','Pass-Through Rear Seat','Power Locks','Power Mirrors','Power Seat (Dual)','Power Steering','Power Windows','Privacy Glass','Rain-Sensing Wipers','Rear Head Airbags','Rear Spoiler','Rear Window Defroster','Rear-View Camera','Remote Trunk Release','Satellite Radio','Smart Device Integration','Stability Control','Steering Wheel Controls','Sun/Moonroof','Telematics System','Tire Pressure Monitoring System','Traction Control','Trip Computer','Turn Signal Mirrors','Vanity Mirror/Light','Wheel Locks','Wi-Fi Hotspot']",59,"2020 Toyota RAV4 TRD Off Road Magnetic Gray Metallic AWD 8-Speed Automatic<br /><br /><br />Odometer is 4062 miles below market average! 25/32 City/Highway MPG<br /><br />NEW WINDSHIELD WIPERS INSTALLED, FRESH AIR FILTERS INSTALLED, FRESH OIL CHANGE PERFORMED, MULTI POINT SAFETY AND MECHANICAL INSPECTION PERFORMED BY CERTIFIED TECHNICIAN, INTERIOR and EXTERIOR PROFESSIONALLY DETAILED FOR DELIVERY, AWD, Black Premium Synthetic. At Bend Honda, we live our slogan every day -Happy People Making People Happy! Plus license and title. Price does not include a charge for 0.40% Oregon Corporate Activity Tax. Not all sales at MSRP.Prices include $215 dealer doc fee and $35 electronic vehicle registration. Please contact us with any questions. Plus license and title. Price does not include a charge for 0.40% Oregon Corporate Activity Tax. Not all sales at MSRP. Prices include $215 dealer doc fee and $35 electronic vehicle registration.","[PREMIUM]","[PREMIUM]",154.5,
"5UXCR6C01LLL76967TBWGABN00120260804","2026-09-03 22:19:26.431","2026-09-03 22:19:26.431","[PREMIUM]","[PREMIUM]","S3110",2020,"BMW","X5","xDrive40i",,"SUV","Black",,"6 Cyl","3.0 L","AWD","Automatic","Gasoline",63726,"[PREMIUM]","[PREMIUM]",28560,"FAIR","Used",,,20,26,22,true,true,,,"['{""ownerNumber"":1,""purchaseDate"":""10/09/19"",""endOwnershipDate"":""10/26/21"",""city"":""Coquitlam"",""state"":""BC""}','{""ownerNumber"":2,""purchaseDate"":""10/26/21"",""endOwnershipDate"":""11/05/21"",""city"":""Coquitlam"",""state"":""BC""}','{""ownerNumber"":3,""purchaseDate"":""11/05/21"",""endOwnershipDate"":""07/30/26"",""city"":""Port Coquitlam"",""state"":""BC""}']",1,42,0,"2026-08-04","ENHANCED","NEW",true,"[PREMIUM]","Bend","OR","97701","[PREMIUM]",4.6,214,"TBWGABN001","[PREMIUM]","[PREMIUM]","[PREMIUM]","[PREMIUM]","[PREMIUM]","TOPRATED",,,,,"[PREMIUM]","[PREMIUM]",42,"['Navigation System','Keyless Entry','Fog Lights','Spoiler','Heated Seats','Cargo Cover','Roof Rails','Power Liftgate','Blind Spot Monitor','19 Inch Wheels']",10,"['10 Speakers','12V Power Outlet','2nd Row Split/Folding Seats','4-Wheel Disc Brakes','4-Wheel Independent Suspension','AM/FM','Active Blind Spot','Adjustable Lumbar Support','Adjustable Seats','Adjustable Steering Wheel','Air Conditioning','Alloy Wheels','Anti-Lock Brakes','Anti-Theft System','Apple Carplay','Auto Climate Control','Auto-Dimming Mirror','Automatic Headlights','BMW Assist','Body Colored Bumpers','Braking Assist','Cargo Area Concealed Storage','Child Safety Locks','Collision Warning System','Compass','Cruise Control','Delay-Off Headlights','Digital Instrument Cluster','Door Bin','Downhill-Assist Control','Dual-Zone Climate Control','Emergency Communication System','Engine Immobilizer','Front Airbags (Driver)','Front Airbags (Passenger)','Front Anti-Roll Bar','Front Bucket Seats','Front Center Armrest','Front Headrests','Front Knee Airbags (Driver)','Front Knee Airbags (Passenger)','Front Side Airbags','Front Side Airbags (Driver)','Front Side Airbags (Passenger)','Handsfree/Bluetooth Integration','Heated Mirrors','High-Beam Assist','Hill Assist System','Illuminated Entry','Integrated Garage Door Opener','LED Lights','Leather Shift Knob Trim','Leather Steering Wheel','Leatherette Seats','Memorized Settings','Overhead Airbag','Panic Button','Passenger Sensing Airbag','Power Adjustable Headrest','Power Adjustable Steering Wheel','Power Mirrors','Power Seat (Dual)','Power Steering','Power Sun/Moonroof','Power Windows','Premium Sound System','Privacy Glass','Radio Data System','Rain-Sensing Wipers','Reading Lights','Rear Air Conditioning','Rear Anti-Roll Bar','Rear Center Armrest','Rear Cross Traffic Alert','Rear Window Defroster','Rear Window Wiper','Rear-View Camera','Remote Keyless Entry','Seat Memory','Side Curtain Airbags','Smart Device Integration','Speed-Sensing Steering','Sport Seats','Sport Steering Wheel','Stability Control','Steering Wheel Controls','Steering Wheel Memory','Tachometer','Thermometer','Tire Pressure Monitoring System','Traction Control','Trip Computer','Turn Signal Mirrors','Vanity Mirror/Light','Voice-Activated Command System','Windshield Wiper Heater','Wood Dash Trim','Wood Door Trim']",98,"Team Hyundai of Bend<br />2250 NE Hwy 20 • Bend, OR 97701<br />541-749-4025<br /><br />2020 BMW X5 xDrive40i AWD Luxury Sports Activity Vehicle<br /><br />Experience luxury, performance, and versatility in this 2020 BMW X5 xDrive40i AWD. Powered by BMW's refined 3.0L TwinPower Turbo inline 6-cylinder engine and equipped with the intelligent xDrive All-Wheel Drive system, this premium Sports Activity Vehicle delivers exhilarating performance while maintaining exceptional comfort for every drive. Whether you're commuting through Bend, exploring Central Oregon, or heading out on a weekend road trip, the X5 combines advanced technology, premium craftsmanship, and confident capability in one sophisticated package.<br /><br />Key Features &amp; Highlights<br /><br />• 3.0L TwinPower Turbo Inline 6-Cylinder Engine<br />• 8-Speed Automatic Transmission<br />• xDrive Intelligent All-Wheel Drive<br />• xDrive40i Sports Activity Vehicle<br />• BMW Driving Dynamics Control<br />• LED Headlights with Automatic High Beams<br />• Front Fog Lights<br />• Rain-Sensing Windshield Wipers with Heated Washer Jets<br />• Power Liftgate<br />• Roof Rails<br />• Deep-Tinted Privacy Glass<br />• SensaTec Upholstery<br />• 12-Way Power Front Seats with Lumbar Support<br />• Power Tilt &amp; Telescoping Steering Column<br />• Sport Leather Steering Wheel<br />• Dual-Zone Automatic Climate Control<br />• Integrated Navigation System with Voice Activation<br />• Smart Device Integration<br />• Hi-Fi Sound System with 10 Speakers<br />• Bluetooth Hands-Free Connectivity<br />• Streaming Audio<br />• Apple CarPlay Compatibility<br />• Digital Driver Information Display<br />• Garage Door Opener<br />• Cruise Control<br />• Cargo Area Concealed Storage<br />• Roll-Up Cargo Cover<br />• Cargo Space Lighting<br />• Remote Power Liftgate Access<br />• Four 12-Volt Power Outlets<br /><br />Advanced Safety Features<br /><br />BMW equips the X5 with a comprehensive suite of safety technologies including Frontal Collision Warning with City Collision Mitigation, Active Blind Spot Detection, Rear Cross-Traffic Alert, Driver Monitoring Alert, Front and Rear Parking Safety Systems, Rear Child Safety Locks, Tire Pressure Monitoring System, Hill Descent Control, Hill Hold Control, Brake Assist, Electronic Stability Control, Driver and Passenger Knee Airbags, Front Seat-Mounted Side Airbags, Side Curtain Airbags, and an engine immobilizer for added security.<br /><br />Every pre-owned vehicle at Team Hyundai of Bend is carefully inspected by our factory-trained technicians to help ensure quality, reliability, and long-term confidence before it reaches our lot.<br /><br />Financing options are available for qualified buyers, and our finance team works with a variety of trusted lenders to help find competitive payment options that fit your budget.<br /><br />Have a vehicle to trade? We make the process simple with competitive trade-in values and an easy appraisal process that helps you maximize your current vehicle's value toward your next purchase.<br /><br />Why Buy from Team Hyundai of Bend?<br /><br />Happily Serving Central Oregon for All Your Vehicle Sales and Service Needs! Our knowledgeable team is committed to providing a transparent, customer-focused buying experience backed by quality vehicles, competitive financing solutions, and exceptional service before and after the sale.<br /><br />#TeamHyundaiofBend #BendOregon #CentralOregon #BMW #X5 #BMWX5 #xDrive40i #LuxurySUV #AWD #TwinPowerTurbo #Navigation #AppleCarPlay #PowerLiftgate #AdventureReady #UsedLuxurySUV #NationwideShipping","[PREMIUM]","[PREMIUM]",154.25,
"1C4HJXDN1LW117053XE9NZ2600120260901","2026-09-03 22:19:26.398","2026-09-03 22:19:26.398","[PREMIUM]","[PREMIUM]","LW117053BC",2020,"Jeep","Wrangler","Sport","Altitude","SUV","White","Black","4 Cyl","2.0 L","4WD","Automatic","Gasoline",43999,"[PREMIUM]","[PREMIUM]",27320,"GOOD","Used",,,21,22,21,true,true,true,,"['{""ownerNumber"":1,""purchaseDate"":""01/12/20"",""endOwnershipDate"":""03/14/20"",""city"":""Springfield"",""state"":""OR""}','{""ownerNumber"":2,""purchaseDate"":""03/14/20"",""endOwnershipDate"":""Present"",""city"":""Springfield"",""state"":""OR""}']",8,1,0,"2026-09-01","ENHANCED","NEW",true,"[PREMIUM]","Oregon City","OR","97045","[PREMIUM]",4.6,1924,"XE9NZ26001","[PREMIUM]","[PREMIUM]","[PREMIUM]","[PREMIUM]","[PREMIUM]","TOPRATED","GOOD","AVERAGE","AVERAGE",250,"[PREMIUM]","[PREMIUM]",1,"['Technology Package','Convenience Package','Cold Weather Package','Protection Package','Spare Tire','Keyless Entry','Fog Lights','Trailer Hitch','Running Boards','Heated Seats']",10,"['17 Inch Wheels','18 Inch Wheels','2nd Row Split/Folding Seats','4-Wheel Disc Brakes','8 Speakers','AM/FM','Adjustable Steering Wheel','Air Conditioning','Air Filtration','All-Season Tires','Android Auto','Anti-Lock Brakes','Anti-Theft System','Apple Carplay','Armrest Storage','Auto Climate Control','Automatic Headlights','Aux Audio Adapter','Black Grille','Black Top','Body Colored Grille','Braking Assist','Bucket Seats','Child Safety Locks','Cloth Seats','Compass','Convertible Top','Cruise Control','Delay-Off Headlights','Digital Instrument Cluster','Door Bin','Driver Adjustable Lumbar','Engine Immobilizer','Floor Mats','Front Airbags (Driver)','Front Airbags (Passenger)','Front Anti-Roll Bar','Front Bucket Seats','Front Center Armrest','Front One-Touch Power Windows','Front Side Airbags (Driver)','Front Side Airbags (Passenger)','HD Suspension','Handsfree/Bluetooth Integration','Hard Top','Heated Mirrors','Heated Steering Wheel','Integrated Garage Door Opener','Intermittent Wipers','Keyless Ignition','Leather Steering Wheel','Limited Slip Differential','MP3','Maintenance Free Battery','Multi-Zone Climate Control','Pass-Through Rear Seat','Passenger Sensing Airbag','Power Locks','Power Mirrors','Power Steering','Power Windows','Privacy Glass','Radio Data System','Reading Lights','Rear Anti-Roll Bar','Rear Window Defroster','Rear Window Wiper','Rear-View Camera','Remote Keyless Entry','Rollover Protection Bars','Satellite Radio','Smart Device Integration','Stability Control','Start-Stop System','Steering Wheel Controls','Tachometer','Targa Top','Telematics System','Thermometer','Tire Pressure Monitoring System','Touch-Screen Display','Tow Hooks','Traction Control','Trailer Tow and Heavy Duty Electrical Package','Trailer Wiring','Trip Computer','USB Adapter','Uconnect System','Vanity Mirror/Light','Voice-Activated Command System']",90,"Plus license and title. Price does not include a charge for 0.40% Oregon Corporate Activity Tax. A 0.5% state privilege tax will be added to new vehicle sales. Not all sales at MSRP. Prices include $215 dealer doc fee and $35 electronic vehicle registration. Does not include optional $1,395 PermaPlate Interior &amp; Exterior Protection, $599 NW Protection Package, Door Cup &amp; Edge, $595 Forever Start Lifetime Battery Warranty, and $200 Carbon Neutral Program, 75 trees planted for every vehicle sold.<br />Clean CARFAX. Recent Arrival! Odometer is 20171 miles below market average! 21/22 City/Highway MPG<br /><br />1-Year SiriusXM Radio Service, 240 Amp Alternator, 3.45 Rear Axle Ratio, 4-Wheel Disc Brakes, 7 &amp; 4 Pin Wiring Harness, 7.0 Touchscreen Display, 700 Amp Maintenance Free Battery, 8 Speakers, ABS brakes, Air Conditioning, Air Conditioning w/Auto Temperature Control, Air Filtering, Altitude Package, AM/FM radio, Anti-Lock 4-Wheel Disc HD Brakes, Apple CarPlay (DISC), Automatic Headlamps, Aux Battery, Auxiliary Switches, Black 3-Piece Hard Top, Black Interior Accents, Body Color Grille w/Gloss Black, Brake assist, Bridgestone Brand Tires, Class II Receiver Hitch, Cloth Low-Back Bucket Seats, Cluster 7.0 TFT Color Display, Cold Weather Group, Compass, Convenience Group, Deep Tint Sunscreen Windows, Delay-off headlights, Driver door bin, Driver vanity mirror, Dual front impact airbags, Dual front side impact airbags, Electronic Stability Control, Freedom Panel Storage Bag, Front 1-Touch Down Power Windows, Front anti-roll bar, Front Bucket Seats, Front Center Armrest w/Storage, Front fog lights, Front reading lights, Google Android Auto (DISC), GPS Antenna Input, Heated Front Seats, Heated Steering Wheel, Heavy Duty Suspension w/Gas Shocks, Integrated Center Stack Radio, Integrated roll-over protection, Integrated Voice Command w/Bluetooth, Leather Wrapped Steering Wheel, Low tire pressure warning, Manufacturers Statement of Origin, Matte Black Jeep Badge, MOPAR Cargo Tub Liner, MOPAR Hardtop Headliner, MOPAR Plastic Door Sill Guards (DISC), No Soft Top, Non-Lock Fuel Cap w/o Discriminator, Normal Duty Suspension, Occupant sensing airbag, Outside temperature display, ParkView Rear Back-Up Camera, Passenger door bin, Passenger vanity mirror, Power Heated Mirrors, Power steering, Quick Order Package 22L Altitude, Radio data system, Radio: Uconnect 3 w/5 Display, Radio: Uconnect 4 w/7 Display, Rear anti-roll bar, Rear reading lights, Rear Window Defroster, Rear Window Wiper/Washer, Remote Keyless Entry, Security Alarm, Side Steps (DISC), SiriusXM Satellite Radio, Speed control, Speed Sensitive Power Locks, Split folding rear seat, Steering wheel mounted audio controls, Stop-Start Dual Battery System, Sun Visors w/Illuminated Vanity Mirrors, Tachometer, Technology Group, Telescoping steering wheel, Tilt steering wheel, Traction control, Trailer Tow &amp; HD Electrical Group, Trip computer, Universal Garage Door Opener, USB Host Flip, Variably intermittent wipers, Wheels: 17 x 7.5 Black Steel Styled, Wheels: 18 x 7.5 Gloss Black Aluminum, Wizard Black Instrument Panel Bezels, Wrangler Decal. Bright White Clearcoat 2020 Jeep Wrangler Unlimited Sport Altitude 4WD 8-Speed Automatic 2.0L I4 DOHC<br /><br /><br />BUY FROM AN AWARD WINNING DEALER<br /><br />Located at 1404 Main Street in Oregon City, our newly-remodeled Subaru dealership is conveniently located with easy access from both I-205 and McLoughlin Boulevard. Were active throughout Clackamas County neighborhoods as sponsors of the Mt. Pleasant School, Oregon City High School, The Oregon City Schools Foundation, the Oregon Humane Society and other community initiatives. Whether its a new Subaru, or quality pre-owned vehicles, we want you to have the Subaru that you want.&amp;Lt,br&gt;<br />Plus license and title. Price does not include a charge for 0.40% Oregon Corporate Activity Tax. Not all sales at MSRP. Prices include $215 dealer doc fee and $35 electronic vehicle registration. Does not include","[PREMIUM]","[PREMIUM]",154.25,
"3VV4B7AX1LM108081T7EE2ZOHG120260829","2026-09-03 22:19:26.398","2026-09-03 22:19:26.398","[PREMIUM]","[PREMIUM]","C710305",2020,"Volkswagen","Tiguan","SEL","Premium R-Line","SUV","White","Black","4 Cyl","2.0 L","AWD","Automatic","Gasoline",65360,"[PREMIUM]","[PREMIUM]",20950,"GOOD","Used",,,20,27,23,,true,true,,"['{""ownerNumber"":1,""purchaseDate"":""06/01/20"",""endOwnershipDate"":""12/18/22"",""city"":""McMinnville"",""state"":""OR""}','{""ownerNumber"":2,""purchaseDate"":""02/07/23"",""endOwnershipDate"":""06/22/23"",""city"":""McMinnville"",""state"":""OR""}','{""ownerNumber"":3,""purchaseDate"":""06/22/23"",""endOwnershipDate"":""03/08/24"",""city"":""Beaverton"",""state"":""OR""}','{""ownerNumber"":4,""purchaseDate"":""03/08/24"",""endOwnershipDate"":""08/29/26"",""city"":""Battle Ground"",""state"":""WA""}']",18,1,0,"2026-08-29","ENHANCED","NEW",true,"[PREMIUM]","Vancouver","WA","98662","[PREMIUM]",4.7,455,"T7EE2ZOHG1","[PREMIUM]","[PREMIUM]","[PREMIUM]","[PREMIUM]","[PREMIUM]","TOPRATED","GREAT","AVERAGE","LOW",420,"[PREMIUM]","[PREMIUM]",1,"['Navigation System','Keyless Entry','Fog Lights','Spoiler','Leather Seats','Heated Seats','Heated Steering Wheel','Roof Rails','Power Liftgate','Alloy Wheels']",10,"['20 Inch Wheels','2nd Row Split/Folding Seats','4-Wheel Disc Brakes','4-Wheel Independent Suspension','8 Speakers','AM/FM','Adjustable Steering Wheel','Air Conditioning','Android Auto','Anti-Lock Brakes','Anti-Theft System','Apple Carplay','Auto Climate Control','Auto-Dimming Mirror','Automatic Headlights','Body Colored Bumpers','Braking Assist','Collision Warning System','Compass','Cruise Control','Delay-Off Headlights','Door Bin','Dual-Zone Climate Control','Emergency Communication System','Front Airbags (Driver)','Front Airbags (Passenger)','Front Anti-Roll Bar','Front Bucket Seats','Front Center Armrest','Front Side Airbags (Driver)','Front Side Airbags (Passenger)','HD Radio','Heated Mirrors','High-Beam Assist','Illuminated Entry','Leather Shift Knob Trim','Leather Trimmed Interior','Overhead Airbag','Overhead Console','Panic Button','Passenger Sensing Airbag','Power Mirrors','Power Seat (Dual)','Power Steering','Power Sun/Moonroof','Power Windows','Radio Data System','Rain-Sensing Wipers','Reading Lights','Rear Anti-Roll Bar','Rear Center Armrest','Rear Window Defroster','Rear Window Wiper','Remote Keyless Entry','Satellite Radio','Seat Memory','Speed-Sensing Steering','Sport Seats','Stability Control','Steering Wheel Controls','Tachometer','Telematics System','Thermometer','Tire Pressure Monitoring System','Traction Control','Trip Computer','Turn Signal Mirrors','Vanity Mirror/Light','Volkswagen Car-Net']",69,"Recent Arrival! AWD AWD, Alloy wheels, Forward collision: FCW w/Autonomous Emergency Braking mitigation, Front Bucket Seats, Fully automatic headlights, Heated front seats, Memory seat, Navigation system: VW Car-Net Guide &amp; Inform, Power driver seat, Power Liftgate, Power moonroof, Radio: Discover Media AM/FM/HD, Remote keyless entry, Vienna Leather Seating Surfaces. 20/27 City/Highway MPG<br /><br /><br />--WARRANTY: This Dick Hannah used vehicle comes with limited warranty coverage of 100% labor and 100% parts for 12 months or 12,000 miles, whichever comes first. See dealership for full warranty details. See dealership representative for complete program details. Call and schedule your test drive experience today. You won't be disappointed. Open 7 days a week.","[PREMIUM]","[PREMIUM]",149,
"4JGFB4KB4LA248191KRGEIXV00120260901","2026-09-03 22:19:26.393","2026-09-03 22:19:26.393","[PREMIUM]","[PREMIUM]","LA248191",2020,"Mercedes-Benz","GLE","350",,"SUV","Blue","Tan","4 Cyl","2.0 L","AWD","Automatic","Gasoline",102189,"[PREMIUM]","[PREMIUM]",24780,"GOOD","Used",,,19,26,22,true,true,true,true,"['{""ownerNumber"":1,""purchaseDate"":""08/21/20"",""endOwnershipDate"":""Present"",""city"":""Seattle"",""state"":""WA""}']",7,1,0,"2026-09-01","ENHANCED","NEW",true,"[PREMIUM]","Bellevue","WA","98005","[PREMIUM]",4.5,403,"KRGEIXV001","[PREMIUM]","[PREMIUM]","[PREMIUM]","[PREMIUM]","[PREMIUM]","TOPRATED",,,,,"[PREMIUM]","[PREMIUM]",1,"['Premium Package','Navigation System','Trailer Hitch','Running Boards','Heated Seats','Heated Steering Wheel','Ambient Lighting','20 Inch Wheels','Ventilated Seats','Cooled Seats']",10,"['115V Power Outlet','All-Season Tires','High Intensity Discharge Headlights','Illuminated Entry','Keyless Ignition','Leatherette Seats','Panorama Sunroof','Parking Assist System','Parking Assistance Package','Power Seat (Dual)','Rear Spoiler','Rear-View Camera','Satellite Radio','Seat Memory','Side and Top View Camera','Silver Wheels','Surround Audio','Vinyl Seats','Wheel Locks','Wireless Phone Charger','Wood Trimmed Interior']",21,"<ul><li>Panorama Sliding Sunroof</li><li>Premium Package</li><li>Burmester ® Surround Sound System</li><li>Wheels: 20"" Twin 5-Spoke</li><li>Lunar Blue Metallic</li><li>Illuminated Running Boards</li><li>Panoramic Roof</li><li>Trailer Hitch</li><li>Navigation System</li><li>Ventilated Front Seats</li><li>Parking Assist Package</li><li>Heated Steering Wheel</li><li>Natural Grain Grey Oak Wood Trim</li><li>Silver Wheel Locking Bolts</li><li>Keyless Start</li><li>Rear Spoiler</li><li>Cooled Front Seat(S)</li><li>Heated Power Front Seats W/Driver Memory</li><li>Macchiato Headliner</li><li>Macchiato/Magmagrey, Mb-Tex Leatherette Seat Trim</li></ul><br /><br />This vehicle includes a Money-Back Guarantee* and passed our precise inspection process. Best of all the price you see is the price you pay. No haggling. No back and forth. No pressure. And this price is so good it is guaranteed. *Money-Back Guarantee is valid for 5 days or 250 miles, whichever comes first. Subject to certain terms and conditions. See store for details. Some restrictions apply. <br /><br />Check out this pre-owned 2020 Mercedes-Benz GLE we recently got in. Want more room? Want more style? This Mercedes-Benz GLE GLE 350 is the vehicle for you. The Mercedes-Benz GLE GLE 350's pristine good looks were combined with the Mercedes-Benz high standard of excellence in order to make this a unique find. Savor the satisfaction of safety in any condition with this AWD Mercedes-Benz GLE. Superior acceleration, unmatched traction and stability as well as a luxurious interior round out the impressive features of this AWD Mercedes-Benz GLE. You can forget your phone at home, but thanks to this car you'll always have your navigation system.<br /><br />","[PREMIUM]","[PREMIUM]",158,
"1GYKPGRSXLZ149088VSY1YJN1MR20260901","2026-09-03 22:19:26.385","2026-09-03 22:19:26.385","[PREMIUM]","[PREMIUM]","3639",2020,"Cadillac","XT6","Sport",,"SUV","Red","Black","6 Cyl","3.6 L","AWD","Automatic","Gasoline",60384,"[PREMIUM]","[PREMIUM]",28100,"GOOD","Used",,,17,24,20,,true,true,true,"['{""ownerNumber"":1,""purchaseDate"":""01/03/21"",""endOwnershipDate"":""08/21/26"",""city"":""Portland"",""state"":""OR""}']",13,30,0,"2026-09-01","ENHANCED","USED",true,"[PREMIUM]","Sunnyside","WA","98944","[PREMIUM]",3.8,8,"VSY1YJN1MR","[PREMIUM]","[PREMIUM]","[PREMIUM]","[PREMIUM]","[PREMIUM]","ADVANTAGE",,,,,"[PREMIUM]","[PREMIUM]",30,"['Driver Assistance Package','Preferred Equipment Package','Navigation System','Leather Seats','Alloy Wheels','20 Inch Wheels','Bose Sound System','7-Passenger Seating']",8,"['14 Speakers','AM/FM','Adaptive Cruise Control','Adjustable Seats','All-Season Tires','Automatic Seat Belt','Braking Assist','Cadillac CUE','Camera Washer','Confidence Package','Digital Instrument Cluster','Enhanced Visibility and Technology Package','Front Bucket Seats','Head-Up Display','Parking Assist System','Pedestrian Alert System','Perforated Seats','Power Seat (Dual)','Rear-View Camera','Rear-View Mirror Camera','Side and Top View Camera','Start-Stop System','Telematics System']",23,"Adaptive Cruise Control - Advanced, Audio System Feature, Bose Performance Series 14-Speaker System, Automatic Parking Assist With Braking, Automatic Seat Belt Tightening, Cadillac User Experience With Embedded Navigation, Am/Fm Stereo, Driver Assist Package, Emissions, Connecticut, Delaware, Maine, Maryland, Massachusetts, New Jersey, New York, Oregon, Pennsylvania, Rhode Island, Vermont And Washington State Requirements, Engine, 3.6L V6, Di, Vvt, With Automatic Stop/Start, Enhanced Automatic Emergency Braking, Availability, Enhanced Visibility And Technology Package, Garnet Metallic, Gauge Cluster, 8"" Color Driver Information Center Display, Hd Surround Vision, Head-Up Display, Jet Black, Leather Seating Surfaces With Mini-Perforated Inserts, License Plate Bracket, Front, Rear Camera Mirror Washer, Rear Camera Mirror, With Lens Cleaning Feature, Rear Pedestrian Alert, Reverse Automatic Braking, Seating, 7-Passenger, Seats, Front Bucket Includes 8-Way Power Driver Seat Adjuster, Sport Preferred Equipment Group, Surround Vision Recorder, Tires, P235/55R20 All-Season, H-Rated, Blackwall, Transmission, 9-Speed Automatic, Wheels, 20"" (50.8 Cm) 12-Spoke Alloy With Pearl Nickel Finish. Elevate your daily drive with the sophisticated styling of this stunning 2020 Cadillac XT6 AWD 4dr Sport. Draped in a head-turning Garnet Metallic exterior finish, this luxury midsize SUV commands attention on any road while projecting an aura of refined performance. Inside, the Jet Black interior provides a sleek, premium cabin environment designed to cocoon passengers in modern comfort. For discerning buyers seeking a perfect blend of high-end styling, spaciousness, and modern luxury, this 2020 Cadillac XT6 stands out as a premier choice in the premium pre-owned market.Under the hood, the 2020 Cadillac XT6 Sport delivers an engaging driving experience powered by a robust 3.6L 6-cylinder engine. This potent powerplant is paired with an advanced All Wheel Drive (AWD) system, engineered to optimize traction and stability across varying road conditions, whether navigating slick winter streets or winding highway passes. True to its Sport designation, the drivetrain and chassis are tuned to offer a responsive and dynamic ride, giving drivers an exceptional balance of utility, power, and confident handling without sacrificing the smooth ride quality expected of a world-class luxury vehicle.This meticulously equipped 2020 Cadillac XT6 AWD 4dr Sport comes loaded with advanced technology to elevate your peace of mind and convenience on every journey. Stay fully connected and on course with the Cadillac User Experience featuring embedded navigation and AM/FM stereo. Navigating tight spaces and highway traffic is made effortless thanks to the integrated Enhanced Visibility and Technology Package alongside the comprehensive Driver Assist Package, which offer cutting-edge driver aids. Complete with a front license plate bracket, this exceptionally styled, tech-forward luxury SUV is ready to deliver a first-class ownership experience. All advertised prices exclude government fees and taxes, any finance charges, any dealer document preparation charge, and any emission testing charge. While we try to make sure that all prices posted here are accurate at all times, we cannot be responsible for typographical and other errors that may appear on the site. We make every effort to provide you the most accurate, up-to-the-minute information, however it is your responsibility to verify with the Dealer that all details listed are accurate. The dealership is not responsible for typographical, pricing, product information, advertising or shipping errors. Advertised prices and available quantities are subject to change without notice. All rates and offers are dependent on bank approval, which varies based on applicant's credit as well as the vehicle.","[PREMIUM]","[PREMIUM]",156,
"JF2SKAJCXLH492061I25HUDQSHJ20260829","2026-09-03 22:19:26.384","2026-09-03 22:19:26.384","[PREMIUM]","[PREMIUM]","S26567A",2020,"Subaru","Forester","Premium",,"SUV","Blue","Gray","4 Cyl","2.5 L","AWD","Automatic","Gasoline",90288,"[PREMIUM]","[PREMIUM]",20090,,"Used",,,26,33,29,,true,true,,"['{""ownerNumber"":1,""purchaseDate"":""02/15/20"",""endOwnershipDate"":""06/24/25"",""city"":""Dallas"",""state"":""OR""}','{""ownerNumber"":2,""purchaseDate"":""06/24/25"",""endOwnershipDate"":""08/29/26"",""city"":""Dallas"",""state"":""OR""}']",19,18,0,"2026-08-29","ENHANCED","NEW",true,"[PREMIUM]","Albany","OR","97322","[PREMIUM]",4.8,301,"I25HUDQSHJ","[PREMIUM]","[PREMIUM]","[PREMIUM]","[PREMIUM]","[PREMIUM]","TOPRATED","GOOD","AVERAGE","AVERAGE",380,"[PREMIUM]","[PREMIUM]",18,"['Technology Package','Driver Assistance Package','Popular Package','Keyless Entry','Heated Seats','Cargo Cover','Bucket Seats','Blind Spot Monitor','Alloy Wheels','Led Lights']",10,"['4-Wheel Disc Brakes','5-Passenger Seating','AM/FM','Adaptive Cruise Control','Adjustable Steering Wheel','Advanced Front-Lighting System','Air Conditioning','All-Season Tires','All-Weather Floor Mats','Anti-Lock Brakes','Anti-Theft System','Auto-Dimming Mirror','Automatic Headlights','Aux Audio Adapter','Braking Assist','CD (Single Disc)','Cargo Tray','Child Safety Locks','Cloth Seats','Cloth Upholstery','Collision Warning System','Compact Spare Tire','Compass','Confidence Package','Daytime Running Lights','Driver Adjustable Lumbar','Engine Immobilizer','Floor Mats','Front Airbags (Driver)','Front Airbags (Passenger)','Front Head Airbag','Front Knee Airbags (Driver)','Front Side Airbags (Driver)','HD Radio','Handsfree/Bluetooth Integration','Heated Mirrors','Illuminated Entry','Integrated Garage Door Opener','Intermittent Wipers','Keyless Ignition','Lane Departure Warning','Lane Keeping System','Leather Steering Wheel','Limited Slip Differential','Multimedia Interface','Pass-Through Rear Seat','Passenger Sensing Airbag','Power Locks','Power Mirrors','Power Panorama Sunroof','Power Seat (Dual)','Power Steering','Power Tailgate','Power Windows','Privacy Glass','Rear Bench Seat','Rear Cross Traffic Alert','Rear Head Airbags','Rear Spoiler','Rear Window Defroster','Rear-View Camera','Satellite Radio','Smart Device Integration','Stability Control','Steering Wheel Controls','Telematics System','Tire Pressure Monitoring System','Traction Control','Trip Computer','USB Adapter','Vanity Mirror/Light','Wi-Fi Hotspot']",72,"This 2020 Subaru Forester Premium in blue combines reliability with modern convenience for everyday driving. With all-wheel drive and a fuel-efficient 2.5L engine delivering 26 city and 33 highway MPG, this five-passenger SUV handles various road conditions with ease. The Forester Premium comes equipped with thoughtfully designed features that enhance both comfort and safety.- Back up Camera- All-Wheel Drive- Heated Front Seats- Keyless Entry with Push-Button Start- Panoramic Power Moonroof- Blind Spot Detection with Rear Cross Traffic Alert- SiriusXM AM/FM Radio with Subaru Starlink Multimedia System- Apple CarPlay and Android Auto Integration- Power Rear Gate- Driver Assist Technology PackageThis vehicle presents well with regular maintenance evident throughout. The 90,288 miles reflect typical use for its model year, and the overall condition suggests proper care from its previous owner.The 2020 Forester Premium delivers the dependable Subaru heritage you expect with the practical features you need. Schedule your test drive today to experience this capable SUV firsthand.","[PREMIUM]","[PREMIUM]",156.5,
"1FM5K8HC0LGC48589PJON348DW120260812","2026-09-03 22:19:26.175","2026-09-03 22:19:26.175","[PREMIUM]","[PREMIUM]","48589B",2020,"Ford","Explorer","Platinum",,"SUV","Gray","Tan","6 Cyl","3.0 L","4WD","Automatic","Gasoline",100068,"[PREMIUM]","[PREMIUM]",23820,,"Used",,,18,24,20,true,true,true,true,"['{""ownerNumber"":1,""purchaseDate"":""01/02/21"",""endOwnershipDate"":""08/12/26"",""city"":""Keno"",""state"":""OR""}']",26,5,1,"2026-08-12","ENHANCED","NEW",true,"[PREMIUM]","Medford","OR","97504","[PREMIUM]",4.3,300,"PJON348DW1","[PREMIUM]","[PREMIUM]","[PREMIUM]","[PREMIUM]","[PREMIUM]","TOPRATED",,,,,"[PREMIUM]","[PREMIUM]",5,"['Remote Start','Navigation System','Ecoboost','Keyless Entry','Fog Lights','Trailer Hitch','Leather Seats','Heated Seats','Heated Steering Wheel','Bucket Seats']",10,"['21 Inch Wheels','2nd Row Bench Seat','2nd Row Split/Folding Seats','4-Wheel Disc Brakes','AM/FM','Adaptive Cruise Control','Adjustable Steering Wheel','Air Conditioning','All-Season Tires','Alloy Wheels','Anti-Lock Brakes','Anti-Theft System','Armrest','Auto-Dimming Mirror','Automatic Headlights','Aux Audio Adapter','Blind Spot Monitor','Braking Assist','Child Safety Locks','Compact Spare Tire','Cross Traffic Alert','Daytime Running Lights','Driver Adjustable Lumbar','Engine Immobilizer','Floor Mats','Front Airbags (Driver)','Front Airbags (Passenger)','Front Head Airbag','Front Side Airbags (Driver)','Handsfree Power Liftgate','Handsfree/Bluetooth Integration','Heated Mirrors','High Performance Tires','Integrated Garage Door Opener','Keyless Ignition','Lane Departure Warning','Lane Keeping System','Leather Steering Wheel','MP3','Memory Mirrors','Multi-Zone Climate Control','Onboard Communications System','Panorama Sunroof','Pass-Through Rear Seat','Passenger Adjustable Lumbar','Power Liftgate','Power Locks','Power Mirrors','Power Seat (Dual)','Power Steering','Power Windows','Premium Sound System','Privacy Glass','Quad Seating','Rain-Sensing Wipers','Rear Air Conditioning','Rear Bench Seat','Rear Bucket Seats','Rear Head Airbags','Rear Parking Sensors','Rear Spoiler','Rear Window Defroster','Rear-View Camera','Remote Trunk Release','Satellite Radio','Seat Memory','Smart Device Integration','Stability Control','Steering Wheel Controls','Telematics System','Third Row Seating','Tire Pressure Monitoring System','Traction Control','Trip Computer','Turbocharger','Turn Signal Mirrors','Vanity Mirror/Light','Wi-Fi Hotspot','Wood Trimmed Interior']",79,"CARFAX 1-Owner. FUEL EFFICIENT 24 MPG Hwy/18 MPG City! Heated Leather Seats, Third Row Seat, Nav System, Moonroof, Panoramic Roof, 4x4, Quad Bucket Seats, Turbo Charged Engine, WHEELS: 21 PREMIUM POLISHED ALUMINUM... Hitch. <br /><br />KEY FEATURES INCLUDE<br />Leather Seats, Navigation, Panoramic Roof. Rear Spoiler, MP3 Player, Sunroof, 4x4, Onboard Communications System, Remote Trunk Release, Keyless Entry. <br /><br />VISIT US TODAY<br />Lithia Chrysler Jeep Dodge has been a supporting member of the Southern Oregon community since 1946. We are conveniently located just past Costco on Hwy 62. Drop in and see us today and see the benefits that the Superstore has to offer. <br /><br />OPTION PACKAGES<br />WHEELS: 21 PREMIUM POLISHED ALUMINUM Tires: P275/45R21 AS BSW, 2ND ROW 35/30/35 BENCH W/E-Z ENTRY &amp; ARMREST E-Z entry is manually activated, TRANSMISSION: 10-SPEED AUTOMATIC W/SELECTSHIFT Active Transmission Warm-Up (ATWU) (STD). Ford Platinum with Magnetic exterior and Light Sandstone interior features a V6 Cylinder Engine with 365 HP at 5500 RPM*. <br /><br />EXPERTS REPORT<br />Great Gas Mileage: 24 MPG Hwy. <br /><br />SHOP WITH CONFIDENCE<br />CARFAX 1-Owner AutoCheck One Owner <br /><br />Plus license and title. Price does not include a charge for 0.40% Oregon Corporate Activity Tax. A 0.5% state privilege tax will be added to new vehicle sales. Not all sales at MSRP. Prices include $215 dealer doc fee, $35 electronic vehicle registration and $1,190 Ultimate 5-Zone Clear Mask. Does not include optional $977 Vehicle Theft Recovery Tracker.<br />","[PREMIUM]","[PREMIUM]",157.7,
"5XYPH4A54LG677205PJON348DW120260813","2026-09-03 22:19:26.169","2026-09-03 22:19:26.169","[PREMIUM]","[PREMIUM]","677205BB",2020,"Kia","Sorento","EX",,"SUV","Red","Black","6 Cyl","3.3 L","FWD","Automatic","Gasoline",92401,"[PREMIUM]","[PREMIUM]",17930,,"Used",,,19,26,22,true,true,true,,"['{""ownerNumber"":1,""purchaseDate"":""06/16/20"",""endOwnershipDate"":""10/16/23"",""city"":""Apple Valley"",""state"":""CA""}','{""ownerNumber"":2,""purchaseDate"":""10/16/23"",""endOwnershipDate"":""01/24/24"",""state"":""CA""}','{""ownerNumber"":3,""purchaseDate"":""04/12/24"",""endOwnershipDate"":""06/19/26"",""city"":""Medford"",""state"":""OR""}']",17,5,0,"2026-08-13","ENHANCED","NEW",true,"[PREMIUM]","Medford","OR","97504","[PREMIUM]",4.3,300,"PJON348DW1","[PREMIUM]","[PREMIUM]","[PREMIUM]","[PREMIUM]","[PREMIUM]","TOPRATED",,,,,"[PREMIUM]","[PREMIUM]",5,"['Remote Start','Keyless Entry','Fog Lights','Trailer Hitch','Leather Seats','Heated Seats','Bucket Seats','Power Liftgate','Blind Spot Monitor','Alloy Wheels']",10,"['4-Wheel Disc Brakes','AM/FM','Adaptive Cruise Control','Adjustable Steering Wheel','Air Conditioning','Anti-Lock Brakes','Anti-Theft System','Apple Carplay','Automatic Headlights','Aux Audio Adapter','Braking Assist','Child Safety Locks','Compact Spare Tire','Cross Traffic Alert','Driver Adjustable Lumbar','Engine Immobilizer','Front Airbags (Driver)','Front Airbags (Passenger)','Front Head Airbag','Front Side Airbags (Driver)','Handsfree Power Liftgate','Handsfree/Bluetooth Integration','Heated Mirrors','High Performance Tires','Intermittent Wipers','Keyless Ignition','Lane Departure Warning','Lane Keeping System','Leather Steering Wheel','Luggage Rack','MP3','Multi-Zone Climate Control','Panorama Sunroof','Pass-Through Rear Seat','Power Locks','Power Mirrors','Power Seat (Dual)','Power Steering','Power Windows','Privacy Glass','Rear Air Conditioning','Rear Head Airbags','Rear Parking Sensors','Rear Spoiler','Rear Window Defroster','Rear-View Camera','Remote Trunk Release','Roof Rail Crossbars','Smart Device Integration','Stability Control','Steering Wheel Controls','Third Row Seating','Tire Pressure Monitoring System','Traction Control','Trip Computer','Turn Signal Mirrors','Vanity Mirror/Light']",57,"EPA 26 MPG Hwy/19 MPG City! Sangria exterior and Black interior. Heated Leather Seats, Moonroof, Third Row Seat, Panoramic Roof, Aluminum Wheels, TOW HITCH 3.3L, REMOTE START PUSH BUTTON, CROSS BARS FOR PANORAMIC ROOF, Hitch <br /><br />KEY FEATURES INCLUDE<br />Leather Seats, Third Row Seat, Panoramic Roof. Rear Spoiler, MP3 Player, Sunroof, Aluminum Wheels, Keyless Entry, Privacy Glass, Remote Trunk Release. <br /><br />WHY BUY FROM US<br />Lithia Chrysler Jeep Dodge has been a supporting member of the Southern Oregon community since 1946. We are conveniently located just past Costco on Hwy 62. Drop in and see us today and see the benefits that the Superstore has to offer. <br /><br />OPTION PACKAGES<br />REMOTE START PUSH BUTTON, TOW HITCH 3.3L, CROSS BARS FOR PANORAMIC ROOF. Kia EX V6 with Sangria exterior and Black interior features a V6 Cylinder Engine with 290 HP at 6400 RPM*. <br /><br />EXPERTS CONCLUDE<br />Great Gas Mileage: 26 MPG Hwy. <br /><br />Plus license and title. Price does not include a charge for 0.40% Oregon Corporate Activity Tax. A 0.5% state privilege tax will be added to new vehicle sales. Not all sales at MSRP. Prices include $215 dealer doc fee, $35 electronic vehicle registration and $1,190 Ultimate 5-Zone Clear Mask. Does not include optional $977 Vehicle Theft Recovery Tracker.<br />","[PREMIUM]","[PREMIUM]",156.75,
"1C4HJXDG5LW1061999PBZ3XWIL120260830","2026-09-03 22:19:25.912","2026-09-03 22:19:25.912","[PREMIUM]","[PREMIUM]","W3933A",2020,"Jeep","Wrangler","Sport",,"SUV","Gray","Black","6 Cyl","3.6 L","4WD","Automatic","Gasoline",34526,"[PREMIUM]","[PREMIUM]",27600,"FAIR","Used",,,18,22,20,true,true,true,,"['{""ownerNumber"":1,""purchaseDate"":""07/15/20"",""endOwnershipDate"":""10/19/22"",""city"":""Santa Ana"",""state"":""CA""}','{""ownerNumber"":2,""purchaseDate"":""11/21/22"",""endOwnershipDate"":""02/14/23"",""state"":""AZ""}','{""ownerNumber"":3,""purchaseDate"":""02/14/23"",""endOwnershipDate"":""02/03/25"",""city"":""Central Point"",""state"":""OR""}','{""ownerNumber"":4,""purchaseDate"":""02/03/25"",""endOwnershipDate"":""08/30/26"",""city"":""White City"",""state"":""OR""}']",4,9,0,"2026-08-30","ENHANCED","NEW",true,"[PREMIUM]","Beaverton","OR","97005","[PREMIUM]",4.5,1098,"9PBZ3XWIL1","[PREMIUM]","[PREMIUM]","[PREMIUM]","[PREMIUM]","[PREMIUM]","TOPRATED",,,,,"[PREMIUM]","[PREMIUM]",9,"['Convenience Package','Keyless Entry','Fog Lights','Bucket Seats','Tinted Windows','Alloy Wheels','Led Lights','17 Inch Wheels','Hard Top','Heated Mirrors']",10,"['2nd Row Split/Folding Seats','4-Wheel Disc Brakes','8 Speakers','AM/FM','Adjustable Steering Wheel','Air Conditioning','Anti-Lock Brakes','Anti-Theft System','Armrest Storage','Audio Package','Automatic Headlights','Braking Assist','Cloth Seats','Cloth Upholstery','Compass','Cruise Control','Delay-Off Headlights','Door Bin','Front Airbags (Driver)','Front Airbags (Passenger)','Front Anti-Roll Bar','Front Bucket Seats','Front Center Armrest','Front One-Touch Power Windows','Front Side Airbags (Driver)','Front Side Airbags (Passenger)','Handsfree/Bluetooth Integration','Integrated Garage Door Opener','Intermittent Wipers','LED Fog Lights','LED Headlamp and Fog Lamp Package','Leather Steering Wheel','Passenger Sensing Airbag','Power Locks','Power Mirrors','Power Steering','Power Windows','Radio Data System','Reading Lights','Rear Anti-Roll Bar','Rear Window Defroster','Rear Window Wiper','Rear-View Camera','Remote Keyless Entry','Rollover Protection Bars','S Package','Satellite Radio','Soft Top','Stability Control','Start-Stop System','Steering Wheel Controls','Tachometer','Telematics System','Thermometer','Tire Pressure Monitoring System','Traction Control','Trip Computer','Uconnect System','Vanity Mirror/Light','Voice-Activated Command System']",60,"Clean CARFAX. Sting-Gray Clearcoat 2020 Jeep Wrangler Unlimited Sport S 4WD 8-Speed Automatic 3.6L V6 24V VVT Alloy Wheels, Audio Package, Backup Camera, Bluetooth. Recent Arrival! Odometer is 30235 miles below market average! Experience the better way. Work with one person from start to finish and receive our lowest price up front. 156 point rigorous inspection, a powertrain warranty on all used non-certified cars, copy of repair order, free CARFAX, market based pricing, and a 5-day exchange policy. We are located at 10760 SW Canyon RD. In Beaverton, OR.","[PREMIUM]","[PREMIUM]",158,
"1C4PJMCB8LD5947857G8IZEN42120260808","2026-09-03 22:19:25.823","2026-09-03 22:19:25.823","[PREMIUM]","[PREMIUM]","65833 T",2020,"Jeep","Cherokee","Latitude",,"SUV","White","Black","4 Cyl","2.4 L","4WD","Automatic","Gasoline",53614,"[PREMIUM]","[PREMIUM]",18530,"GOOD","Used",,,21,29,24,,true,true,,"['{""ownerNumber"":1,""purchaseDate"":""08/29/20"",""endOwnershipDate"":""07/27/21"",""city"":""Grants Pass"",""state"":""OR""}','{""ownerNumber"":2,""purchaseDate"":""07/27/21"",""endOwnershipDate"":""05/11/22"",""city"":""Grants Pass"",""state"":""OR""}','{""ownerNumber"":3,""purchaseDate"":""05/11/22"",""endOwnershipDate"":""08/06/26"",""city"":""Grants Pass"",""state"":""OR""}']",11,26,0,"2026-08-08","ENHANCED","NEW",true,"[PREMIUM]","Grants Pass","OR","97526","[PREMIUM]",4.8,458,"7G8IZEN421","[PREMIUM]","[PREMIUM]","[PREMIUM]","[PREMIUM]","[PREMIUM]","TOPRATED","GREAT","LOW","LOW",210,"[PREMIUM]","[PREMIUM]",26,"['Cold Weather Package','Remote Start','Keyless Entry','Spoiler','Heated Seats','Heated Steering Wheel','Roof Rails','Bucket Seats','Folding Mirrors','Blind Spot Monitor']",10,"['17 Inch Wheels','2nd Row Split/Folding Seats','4-Wheel Disc Brakes','4-Wheel Independent Suspension','6 Speakers','AM/FM','Adjustable Steering Wheel','Air Conditioning','Airbags','All-Weather Floor Mats','Alloy Wheels','Android Auto','Anti-Lock Brakes','Apple Carplay','Automatic Headlights','Body Colored Bumpers','Braking Assist','Cloth Seats','Cloth Upholstery','Compass','Cross Traffic Alert','Cruise Control','Delay-Off Headlights','Door Bin','Front Airbags (Driver)','Front Airbags (Passenger)','Front Anti-Roll Bar','Front Bucket Seats','Front Center Armrest','Front Knee Airbags (Driver)','Front Side Airbags (Driver)','Front Side Airbags (Passenger)','Head Restraint Whiplash Protection','Heated Mirrors','Illuminated Entry','Independent Suspension','Intermittent Wipers','Leather Steering Wheel','One-Touch Power Windows','Overhead Airbag','Overhead Console','Panic Button','Parking Assist System','Passenger Sensing Airbag','Power Mirrors','Power Steering','Radio Data System','Reading Lights','Rear Anti-Roll Bar','Rear Center Armrest','Rear Side Airbags','Rear Window Defroster','Rear Window Wiper','Rear-View Camera','Remote Keyless Entry','SafetyTec Package','Speed-Sensing Steering','Stability Control','Start-Stop System','Steering Wheel Controls','Tachometer','Telematics System','Thermometer','Tire Pressure Monitoring System','Touch-Screen Display','Traction Control','Trip Computer','Turn Signal Mirrors','Uconnect System','Vanity Mirror/Light','Windshield Wiper Heater']",71,"Powered by Trust | Driven by Value Family Owned &amp; Operated - Proudly Serving Southern Oregon Since 1983!<br /><br />This 2020 Jeep Cherokee Latitude in white delivers capable performance and practical comfort for your daily adventures. With its 2.4L four-cylinder engine paired with a nine-speed automatic transmission and four-wheel drive, this Cherokee handles diverse road conditions while achieving 21 city and 29 highway mpg. You'll appreciate the balance of efficiency and capability that makes this vehicle a smart choice for Southern Oregon drivers.<br /><br />- Blind Spot &amp; Cross Path Detection<br />- ParkSense Rear Park Assist with Stop<br />- Uconnect 4 with 7"" touchscreen display<br />- Apple CarPlay and Android Auto integration<br />- Heated front seats and heated steering wheel<br />- Remote Start System<br />- Engine Block Heater<br />- Leather-wrapped steering wheel<br />- Power Multi-Function fold-away mirrors<br />- ParkView rear back-up camera<br />- Windshield wiper de-icer<br />- 1-touch power windows<br />- Split folding rear seat<br />- Alloy wheels<br /><br />The Cold Weather Group package equips this Cherokee for harsh conditions with practical features designed for year-round reliability. The engine block heater ensures dependable cold-weather starts, while the heated front seats and steering wheel provide comfort during those frigid Southern Oregon mornings. Windshield wiper de-icer and all-season floor mats round out the package, showing consideration for regional driving demands.<br /><br />Interior comfort and connectivity define the daily driving experience. The Uconnect 4 system with its seven-inch display keeps you connected with Apple CarPlay and Android Auto compatibility. Steering wheel-mounted audio controls let you manage entertainment safely, while the remote keyless entry and illuminated entry add convenience. Cloth bucket seats with front center armrest provide comfortable seating for your commute or weekend getaway.<br /><br />Safety features give you confidence behind the wheel. Beyond the SafetyTec package's blind spot and cross path detection, this Cherokee includes a complete complement of airbags, electronic stability control, traction control, and four-wheel disc brakes. The ParkView rear back-up camera and ParkSense rear park assist with stop make parking and reversing straightforward, even in tight spaces.<br /><br />The capable four-wheel drive system and independent suspension handle various road conditions with competence. This Cherokee is built to take on whatever terrain or weather you encounter, from mountain passes to rural roads. At 53,614 miles, this vehicle represents solid value with plenty of service life ahead.<br /><br />Roe Motors has been a trusted, family-owned business in the Rogue Valley for over 40 years. We are dedicated to supporting our community and providing outstanding customer service. Don't take our word for it, read what our customers have to say at www.roemotors.com. Call 800-624-4451 Dlr #3044 MPG Data is derived from www.fueleconomy.gov Some features may require a subscription fee, at an additional cost.","[PREMIUM]","[PREMIUM]",157.25,
"2FMPK4J97LBB18428GCTFVHE00120260901","2026-09-03 22:19:25.818","2026-09-03 22:19:25.818","[PREMIUM]","[PREMIUM]","26H970A",2020,"Ford","Edge","SEL",,"SUV","White","Black","4 Cyl","2.0 L","AWD","Automatic","Gasoline",55135,"[PREMIUM]","[PREMIUM]",19700,"FAIR","Used",,,21,28,23,,true,true,true,"['{""ownerNumber"":1,""purchaseDate"":""02/20/21"",""endOwnershipDate"":""08/30/26"",""city"":""Pendleton"",""state"":""OR""}']",12,12,0,"2026-09-01","ENHANCED","NEW",true,"[PREMIUM]","Hermiston","OR","97838","[PREMIUM]",4.7,381,"GCTFVHE001","[PREMIUM]","[PREMIUM]","[PREMIUM]","[PREMIUM]","[PREMIUM]","TOPRATED","GOOD","AVERAGE","AVERAGE",250,"[PREMIUM]","[PREMIUM]",12,"['Towing Package','Convenience Package','Cold Weather Package','Camper Package','Remote Start','Navigation System','Ecoboost','Keyless Entry','Fog Lights','Trailer Hitch']",10,"['110V Power Outlet','18 Inch Wheels','AM/FM','Adaptive Cruise Control','Adjustable Lumbar Support','Adjustable Steering Wheel','Air Conditioning','All-Season Tires','Alloy Wheels','Android Auto','Anti-Lock Brakes','Anti-Theft System','Apple Carplay','Auto Climate Control','Automatic Headlights','Blind Spot Monitor','Braking Assist','Bucket Seats','CD (Single Disc)','Cargo Net','Co-Pilot 360 Assist Package','Collision Warning System','Confidence Package','Cross Traffic Alert','Daytime Running Lights','Driver Attention Alert System','Dual Airbags','Dual-Zone Climate Control','Engine Immobilizer','Evasive Steering Assist','Floor Mats','Fordpass Connect','Front Knee Airbags (Driver)','Front Knee Airbags (Passenger)','Handsfree Power Liftgate','Handsfree/Bluetooth Integration','Heated Seats','Heated Steering Wheel','High-Beam Assist','Hill Assist System','Integrated Garage Door Opener','Keyless Ignition','LED Lights','Lane Departure Warning','Lane Keeping System','Leather Seats','Leatherette Seats','MP3','MyKey System','Panorama Sunroof','Pedestrian Alert System','Power Liftgate','Power Locks','Power Seat (Dual)','Power Steering','Power Sun/Moonroof','Power Windows','Premium Sound System','Premium Wheels','Real-Time Traffic','Rear Parking Sensors','Rear Spoiler','Rear-View Camera','Satellite Radio','Side Airbags','Side Curtain Airbags','Stability Control','Steering Wheel Controls','Stop and Go Assist','Sync 3','Telematics System','Touch-Screen Display','Traction Control','Trailer Stability Assist','Trailer Tow Package','Voice-Activated Command System','Wi-Fi Hotspot','Windshield Wiper Heater','Wireless Phone Charger']",79,"<b>Vehicle Details</b><br />This pre-owned 2020 Ford Edge SEL delivers a refined blend of style, capability, and everyday comfort, making it a smart choice for drivers in Hermiston, OR. Equipped with All-Wheel Drive and a 4-cylinder 2.0L gasoline engine, this midsize SUV is built to handle changing road conditions with confidence while providing smooth, responsive performance. Its SEL trim adds upscale touches and practical features that enhance every drive.<br /><br />Inside, you'll find leather seats that create a premium feel, along with automatic climate control to help keep the cabin comfortable in any season. Remote start adds convenience on busy mornings, while the back-up camera and rear parking sensors make maneuvering in tight spaces easier and more secure. The spacious interior offers versatile seating and cargo room, giving you the flexibility needed for commuting, errands, road trips, and weekend adventures.<br /><br />The Ford Edge is known for its bold design, comfortable ride, and well-rounded technology, and this 2020 SEL model is no exception. Whether you're shopping for a dependable family SUV or a versatile daily driver, this vehicle offers an appealing balance of utility and refinement. If you're looking for a pre-owned Ford Edge AWD SUV in Hermiston, OR, this one deserves a closer look. Take advantage of its thoughtful features and confident performance today.<br /><br /><b>Equipment</b><br />Cold Weather Package: Front and Rear Floor Liners, Windshield Wiper De-Icer, Heated Steering Wheel, Ford Co-Pilot360 Assist+: Voice-Activated Touchscreen Navigation System, Evasive Steering Assist, Adaptive Cruise Control with Stop and Go, Lane Centering. Convenience Package, Wireless Charging Pad, Universal Garage Door Opener, Perimeter Alarm, Foot-Activated Hands-Free Liftgate, Remote Start System, Panoramic Roof, Trailer Tow Package","[PREMIUM]","[PREMIUM]",158.25,
"3VVEX7B22RM004765VEIESY400120260830","2026-09-03 20:19:14.836","2026-09-03 20:19:14.836","[PREMIUM]","[PREMIUM]","TC224475A",2024,"Volkswagen","Taos","SE",,"SUV","White","Black","4 Cyl","1.5 L","FWD","Automatic","Gasoline",18700,"[PREMIUM]","[PREMIUM]",22470,"GOOD","Used",,,28,36,31,true,true,true,true,"['{""ownerNumber"":1,""purchaseDate"":""08/30/24"",""endOwnershipDate"":""08/29/26"",""city"":""Surprise"",""state"":""AZ""}']",9,3,0,"2026-08-30","ENHANCED","NEW",true,"[PREMIUM]","Peoria","AZ","85382","[PREMIUM]",4.7,824,"VEIESY4001","[PREMIUM]","[PREMIUM]","[PREMIUM]","[PREMIUM]","[PREMIUM]","TOPRATED",,,,,"[PREMIUM]","[PREMIUM]",3,"['Remote Start','Spoiler','Heated Seats','Heated Steering Wheel','Roof Rails','Folding Mirrors','Power Liftgate','Blind Spot Monitor','Led Lights','Lane Departure Warning']",10,"['12V Power Outlet','3-Point Seat Belts','Adaptive Cruise Control','Adjustable Headrests','Adjustable Seats','Adjustable Steering Wheel','Air Conditioning','Air Filtration','Airbag Deactivation (Passenger)','Alert System Impact Sensor','Antenna','Anti-Lock Brakes','Anti-Theft System','Armrest Storage','Auto Climate Control','Automatic Hazard Warning Lights','Automatic Headlights','Body Colored Bumpers','Braking Assist','Cargo Area Light','Center Console','Child Safety Locks','Child Seat Anchors','Clock','Collision Warning System','Color Coded Mirrors','Cup Holder','Daytime Running Lights','Delay-Off Headlights','Digital Instrument Cluster','Door Unlock Impact Sensor','Driver Adjustable Lumbar','Dual-Zone Climate Control','Electric Parking Brake','Electronic Brake Force Distribution','Electronic Messaging Assistance','Engine Immobilizer','Front Airbags (Driver)','Front Airbags (Passenger)','Front Bucket Seats','Front Crumple Zones','Front Headrests','Front Side Airbags','Front Stabilizer Bar','Fuel Cut-Off Impact Sensor','Fuel Data Display','Heated Mirrors','High-Beam Assist','Hill Assist System','Independent Suspension','Inside Rear-View Mirror - Manual Day/Night','Integrated Cell Phone','Keyless Ignition','LED Tail Lights','Lane Keeping System','Low Fuel Level Indicator','MacPherson Front Suspension','One-Touch Power Windows','Passenger Sensing Airbag','Post-Collision Safety System','Power Locks','Power Mirrors','Power Seat (Dual)','Power Steering','Privacy Glass','Rain-Sensing Wipers','Reading Lights','Rear Air Ducts','Rear Bench Seat','Rear Center Armrest','Rear Cross Traffic Alert','Rear Crumple Zones','Rear Headrests','Rear Spoiler','Rear Window Defroster','Rear Window Wiper','Remote Windows','Safety Brake Pedal System','Seat Belt Pretensioners','Seat Belt Warning System','Side Airbags','Side Curtain Airbags','Split/Folding Seats','Stability Control','Start-Stop System','Steering Wheel Controls','Tachometer','Thermometer','Traction Control','Trip Odometer','USB Audio Interface','Vanity Mirror/Light','Voice-Activated Command System','Warranty','Window Lockout Button','Windshield Wiper Heater']",96,"Please call for availability. Please contact Bennet Foreman or Ana Urias we are waiting and looking forward to your call 1-866-364-7572 Please call to make an appointment and to verify the vehicle is still in stock.","[PREMIUM]","[PREMIUM]",173,
"5N1BT3AAXRC706960ZVKI1RF8H120260829","2026-09-03 20:19:14.809","2026-09-03 20:19:14.809","[PREMIUM]","[PREMIUM]","SG8572",2024,"Nissan","Rogue","S",,"SUV","Gray","Black","3 Cyl","1.5 L","FWD","Automatic","Gasoline",53260,"[PREMIUM]","[PREMIUM]",20460,"GOOD","Used",,,30,37,33,true,true,,true,"['{""ownerNumber"":1,""purchaseDate"":""03/21/24"",""endOwnershipDate"":""07/28/26"",""state"":""CA""}']",9,38,1,"2026-08-29","ENHANCED","NEW",true,"[PREMIUM]","Glendale","AZ","85301","[PREMIUM]",4.6,1306,"ZVKI1RF8H1","[PREMIUM]","[PREMIUM]","[PREMIUM]","[PREMIUM]","[PREMIUM]","TOPRATED",,,,,"[PREMIUM]","[PREMIUM]",38,"['Keyless Entry','Spoiler','Bucket Seats','Blind Spot Monitor','Alloy Wheels','Led Lights','17 Inch Wheels','Limited Slip Differential','Lane Departure Warning','Satellite Radio']",10,"['2nd Row Split/Folding Seats','4 Speakers','4-Wheel Disc Brakes','4-Wheel Independent Suspension','AM/FM','Adjustable Steering Wheel','Air Conditioning','All-Season Tires','Android Auto','Anti-Lock Brakes','Apple Carplay','Automatic Headlights','Aux Audio Adapter','Body Colored Bumpers','Braking Assist','Child Safety Locks','Cloth Seats','Collision Warning System','Compact Spare Tire','Cross Traffic Alert','Cruise Control','Daytime Running Lights','Delay-Off Headlights','Door Bin','Engine Immobilizer','First Aid Kit','Floor Mats','Front Airbags (Driver)','Front Airbags (Passenger)','Front Anti-Roll Bar','Front Bucket Seats','Front Center Armrest','Front Head Airbag','Front Knee Airbags (Driver)','Front Side Airbags (Driver)','Front Side Airbags (Passenger)','Handsfree/Bluetooth Integration','High-Beam Assist','Illuminated Entry','Independent Suspension','Intermittent Wipers','Keyless Ignition','NissanConnect','Overhead Airbag','Overhead Console','Panic Button','Pass-Through Rear Seat','Passenger Sensing Airbag','Power Locks','Power Mirrors','Power Seat (Dual)','Power Steering','Power Windows','Privacy Glass','Radio Data System','Reading Lights','Rear Anti-Roll Bar','Rear Bench Seat','Rear Center Armrest','Rear Head Airbags','Rear Parking Sensors','Rear Side Airbags','Rear Spoiler','Rear Window Defroster','Rear Window Wiper','Rear-View Camera','Remote Keyless Entry','Smart Device Integration','Stability Control','Steering Wheel Controls','Tachometer','Telematics System','Thermometer','Tire Pressure Monitoring System','Traction Control','Trip Computer','Vanity Mirror/Light']",77,"CARFAX One-Owner. Clean CARFAX. 2024 Nissan Rogue S 1.5L DOHC Gun Metallic FWD CVT with Xtronic ***ONE OWNER***, ***CLEAN CARFAX***, ***BACKUP CAMERA***.Why Buy From Sands Chevrolet in Glendale? With 91 years of trusted service, Sands Chevrolet has proudly served generations of Arizona drivers with unmatched courtesy, transparency, and community commitment. As a family-owned dealership since 1934, we believe in doing things the right way no tricks, no games, and absolutely no surprise pricing. Every pre-owned vehicle is thoroughly inspected and reconditioned by our certified technicians to meet our high standards. Whether you're shopping online or on-site, you'll always get upfront, honest pricing and a pressure-free experience. We're here 7 days a week and available online 24/7 so whenever you're ready, we're ready. Sands Chevrolet in Glendale where what you see is what you get. Every time. Odometer is 1976 miles below market average! 30/37 City/Highway MPG2024 Nissan Rogue Proudly serving Glendale and the surrounding cities of Sun city, Sun city west, El mirage, Youngtown, Peoria,Surprise,Litchfield park, Phoenix, Buckeye, Avondale, New River and Wickenberg.","[PREMIUM]","[PREMIUM]",176.45,
"3GKALVEG1RL2286252G2ON0VTKB20260828","2026-09-03 20:19:14.805","2026-09-03 20:19:14.805","[PREMIUM]","[PREMIUM]","RL228625W",2024,"GMC","Terrain","SLT",,"SUV","White","Black","4 Cyl","1.5 L","AWD","Automatic","Gasoline",56137,"[PREMIUM]","[PREMIUM]",24740,"GREAT","Used",,,23,28,25,true,true,,true,"['{""ownerNumber"":1,""purchaseDate"":""12/11/23"",""endOwnershipDate"":""04/01/26"",""city"":""Littleton"",""state"":""CO""}']",10,35,0,"2026-08-28","ENHANCED","NEW",true,"[PREMIUM]","Surprise","AZ","85388","[PREMIUM]",4.6,357,"2G2ON0VTKB","[PREMIUM]","[PREMIUM]","[PREMIUM]","[PREMIUM]","[PREMIUM]","TOPRATED","GREAT","AVERAGE","LOW",350,"[PREMIUM]","[PREMIUM]",35,"['Preferred Equipment Package','Remote Start','Keyless Entry','Fog Lights','Leather Seats','Heated Seats','Heated Steering Wheel','Bucket Seats','Power Liftgate','18 Inch Wheels']",10,"['12V Power Outlet','4-Wheel Disc Brakes','5-Passenger Seating','AM/FM','Adjustable Seats','Air Conditioning','All-Season Tires','Alloy Wheels','Android Auto','Anti-Lock Brakes','Anti-Theft System','Apple Carplay','Auto-Dimming Mirror','Automatic Headlights','Aux Audio Adapter','Collision Warning System','Compact Spare Tire','Cruise Control','Daytime Running Lights','Driver Adjustable Lumbar','Floor Mats','Front Airbags (Driver)','Front Airbags (Passenger)','Front Bucket Seats','Front Head Airbag','Front Side Airbags (Driver)','GMC Infotainment System','Handsfree Power Liftgate','Handsfree/Bluetooth Integration','Heated Mirrors','Integrated Garage Door Opener','IntelliLink','Keyless Ignition','Lane Departure Warning','Lane Keeping System','Leather Trimmed Seats','Memory Mirrors','Multi-Zone Climate Control','Pass-Through Rear Seat','Passenger Adjustable Lumbar','Passenger Sensing Airbag','Perforated Seats','Power Locks','Power Mirrors','Power Seat (Dual)','Power Windows','Privacy Glass','Rear Bench Seat','Rear Head Airbags','Rear-View Camera','Remote Trunk Release','Satellite Radio','Seat Memory','Smart Device Integration','Stability Control','Steering Wheel Controls','Telematics System','Tire Pressure Monitoring System','Touch-Screen Display','Traction Control','Trip Computer','Turn Signal Mirrors','Voice-Activated Command System','Wi-Fi Hotspot']",64,"The 2024 GMC Terrain SLT offers a premium driving experience with a host of impressive features. Boasting a sleek white exterior, this SUV combines style and capability with its 1.5L DOHC engine and 9-Speed Automatic AWD transmission.- License Plate Front Mounting Package (will be forced on orders with ship-to states that require a front license plate)Climb inside and discover the well-appointed interior, featuring:- 8-Way Power Driver Seat Adjuster- Perforated Leather-Appointed Seat Trim- Wireless Apple CarPlay/Wireless Android Auto- Heated Front Seats- Power Driver Lumbar Control- Preferred Equipment Group 4SAThe Terrain SLT also comes equipped with a suite of advanced safety and technology features to keep you connected and secure on the road. Enjoy the convenience of the 8"" GMC Infotainment Audio System, Bluetooth for phone, and SiriusXM radio.With its impressive fuel efficiency, delivering 23 city / 28 highway MPG, the 2024 GMC Terrain SLT blends style, capability, and practicality. Experience the difference for yourself - schedule a test drive today.","[PREMIUM]","[PREMIUM]",175.5,
"7FARS3H49RE000799FJQT2CVGPE20260824","2026-09-03 20:19:14.788","2026-09-03 20:19:14.788","[PREMIUM]","[PREMIUM]","60702A",2024,"Honda","CR-V","EX",,"SUV","Silver","Black","4 Cyl","1.5 L","FWD","Automatic","Gasoline",56980,"[PREMIUM]","[PREMIUM]",28730,"GREAT","Used",,,28,34,30,true,true,true,true,"['{""ownerNumber"":1,""purchaseDate"":""09/15/23"",""endOwnershipDate"":""08/24/26"",""city"":""El Centro"",""state"":""CA""}']",9,,0,"2026-08-24","ENHANCED","NEW",true,"[PREMIUM]","Imperial","CA","92251","[PREMIUM]",4.5,134,"FJQT2CVGPE","[PREMIUM]","[PREMIUM]","[PREMIUM]","[PREMIUM]","[PREMIUM]","TOPRATED","GREAT","AVERAGE","LOW",370,"[PREMIUM]","[PREMIUM]",,"['Keyless Entry','Spoiler','Heated Seats','Blind Spot Monitor','18 Inch Wheels','Alloy Wheels','Heated Mirrors','Cloth Seats']",8,"['2nd Row Split/Folding Seats','4-Wheel Disc Brakes','4-Wheel Independent Suspension','6 Speakers','AM/FM','Adaptive Cruise Control','Adjustable Steering Wheel','Air Conditioning','Android Auto','Anti-Lock Brakes','Anti-Theft System','Apple Carplay','Auto Climate Control','Automatic Headlights','Body Colored Bumpers','Braking Assist','Compass','Delay-Off Headlights','Door Bin','Dual-Zone Climate Control','Front Airbags (Driver)','Front Airbags (Passenger)','Front Anti-Roll Bar','Front Bucket Seats','Front Center Armrest','Front Knee Airbags (Driver)','Front Side Airbags (Driver)','Front Side Airbags (Passenger)','High-Beam Assist','Illuminated Entry','Intermittent Wipers','Overhead Airbag','Overhead Console','Panic Button','Passenger Sensing Airbag','Power Mirrors','Power Seat (Dual)','Power Steering','Power Sun/Moonroof','Power Windows','Radio Data System','Reading Lights','Rear Anti-Roll Bar','Rear Center Armrest','Rear Side Airbags','Rear Window Defroster','Rear Window Wiper','Rear-View Camera','Remote Keyless Entry','Speed-Sensing Steering','Stability Control','Steering Wheel Controls','Tachometer','Thermometer','Tire Pressure Monitoring System','Traction Control','Trip Computer','Turn Signal Mirrors','Vanity Mirror/Light']",59,"CARFAX One-Owner. Clean CARFAX. 28/34 City/Highway MPG<br /><br />LOCAL TRADE, ONE OWNER.<br /><br /><br />2024 Honda CR-V EX FWD CVT For any questions about any vehicle please contact our Sales Department at 760-457-0050. Used Toyota Imperial, Used Toyota Imperial Valley, Used Cars El Centro, Used Cars Calexico, Used Cars Imperial Valley, Used Cars Brawley, Used Cars Holtville Used Cars Westmorland, Used Cars Winterhaven and beyond.","[PREMIUM]","[PREMIUM]",174.25,
"KL77LFE28RC234267PDC7LAP00120260820","2026-09-03 20:19:14.777","2026-09-03 20:19:14.777","[PREMIUM]","[PREMIUM]","P900548",2024,"Chevrolet","Trax","LS",,"SUV","White","Black","3 Cyl","1.2 L","FWD","Automatic","Gasoline",35458,"[PREMIUM]","[PREMIUM]",19670,"GOOD","Used",,,28,32,30,true,true,true,true,"['{""ownerNumber"":1,""purchaseDate"":""06/16/24"",""endOwnershipDate"":""07/23/26"",""city"":""Paradise Valley"",""state"":""AZ""}']",2,7,0,"2026-08-20","ENHANCED","NEW",true,"[PREMIUM]","Mesa","AZ","85206","[PREMIUM]",4.6,3843,"PDC7LAP001","[PREMIUM]","[PREMIUM]","[PREMIUM]","[PREMIUM]","[PREMIUM]","TOPRATED",,,,,"[PREMIUM]","[PREMIUM]",7,"['Convenience Package','Preferred Equipment Package','Remote Start','Keyless Entry','Spoiler','Heated Seats','Bucket Seats','Folding Mirrors','17 Inch Wheels','Lane Departure Warning']",10,"['2nd Row Split/Folding Seats','4 Speakers','4-Wheel Disc Brakes','5-Passenger Seating','AM/FM','Adjustable Headrests','Adjustable Seats','Adjustable Steering Wheel','Air Conditioning','All-Season Tires','All-Weather Floor Mats','Anti-Lock Brakes','Anti-Theft System','Automatic Headlights','Aux Audio Adapter','Body Colored Bumpers','Braking Assist','Chevrolet Infotainment System','Cloth Seats','Collision Warning System','Color Coded Mirrors','Compact Spare Tire','Compass','Cruise Control','Daytime Running Lights','Delay-Off Headlights','Door Bin','Emergency Communication System','Engine Immobilizer','Floor Mats','Front Airbags (Driver)','Front Airbags (Passenger)','Front Anti-Roll Bar','Front Bucket Seats','Front Center Armrest','Front Head Airbag','Front Headrests','Front Side Airbags (Driver)','Front Side Airbags (Passenger)','Handsfree/Bluetooth Integration','Heated Mirrors','High-Beam Assist','Illuminated Entry','Independent Suspension','Intermittent Wipers','Lane Keeping System','Overhead Airbag','Overhead Console','Panic Button','Pass-Through Rear Seat','Passenger Sensing Airbag','Power Locks','Power Mirrors','Power Steering','Power Windows','Premium Sound System','Privacy Glass','Radio Data System','Reading Lights','Rear Bench Seat','Rear Head Airbags','Rear Seat Entertainment','Rear Side Airbags','Rear Spoiler','Rear Window Defroster','Rear Window Wiper','Rear-View Camera','Remote Keyless Entry','Satellite Radio','Smart Device Integration','Stability Control','Steering Wheel Controls','Tachometer','Telematics System','Thermometer','Tire Pressure Monitoring System','Touch-Screen Display','Tow Hooks','Traction Control','Trip Computer','Vanity Mirror/Light','Voice-Activated Command System','Wheel Covers','Wi-Fi Hotspot']",84,"Remainder of factory warranty applies to this low mileage beauty!!!!!, REMAINING FACTORY POWERTRAIN WARRANTY APPLIES!!!!, Trax LS, 4D Sport Utility, FWD. We are located in Mesa at u.S. 60 and Superstition Springs boulevard. CARFAX One-Owner. Clean CARFAX. Awards:* Car and Driver 10 BestCar and Driver, January 2017. Priced below KBB Fair Purchase Price! Odometer is 18712 miles below market average! Recent Arrival! 28/32 City/Highway MPG","[PREMIUM]","[PREMIUM]",173,
"KL4AMGSL5RB137116198FMI600120260815","2026-09-03 20:19:14.720","2026-09-03 20:19:14.720","[PREMIUM]","[PREMIUM]","B6214A",2024,"Buick","Encore GX","Avenir",,"SUV","Red","Tan","3 Cyl","1.3 L","AWD","Automatic","Gasoline",12558,"[PREMIUM]","[PREMIUM]",27520,"GREAT","Used",,,26,28,27,true,true,true,,"['{""ownerNumber"":1,""purchaseDate"":""07/12/24"",""endOwnershipDate"":""08/28/25"",""city"":""Moorhead"",""state"":""MN""}','{""ownerNumber"":2,""purchaseDate"":""08/28/25"",""endOwnershipDate"":""08/14/26"",""city"":""Apache Junction"",""state"":""AZ""}']",3,26,1,"2026-08-15","ENHANCED","NEW",true,"[PREMIUM]","Mesa","AZ","85206","[PREMIUM]",3.1,7,"198FMI6001","[PREMIUM]","[PREMIUM]","[PREMIUM]","[PREMIUM]","[PREMIUM]","ADVANTAGE",,,,,"[PREMIUM]","[PREMIUM]",26,"['Convenience Package','Preferred Equipment Package','Remote Start','Navigation System','Keyless Entry','Leather Seats','Heated Seats','Cargo Cover','Heated Steering Wheel','Bucket Seats']",10,"['19 Inch Wheels','4-Wheel Disc Brakes','5-Passenger Seating','7 Speakers','AM/FM','Adaptive Cruise Control','Adjustable Seats','Adjustable Steering Wheel','Air Conditioning','Airbags','All-Weather Floor Mats','Alloy Wheels','Android Auto','Anti-Lock Brakes','Anti-Theft System','Apple Carplay','Auto-Dimming Mirror','Automatic Headlights','Aux Audio Adapter','Avenir Technology Package','Blind Spot Monitor','Bose Sound System','Camera Washer','Child Safety Locks','Collision Warning System','Compact Spare Tire','Cross Traffic Alert','Daytime Running Lights','Driver Adjustable Lumbar','Engine Immobilizer','Floor Mats','Front Airbags (Driver)','Front Airbags (Passenger)','Front Bucket Seats','Front Head Airbag','Front Knee Airbags (Driver)','Front Side Airbags (Driver)','Handsfree Power Liftgate','Handsfree/Bluetooth Integration','Heated Mirrors','High Performance Tires','Integrated Garage Door Opener','Keyless Ignition','Lane Departure Warning','Lane Keeping System','Leather Trimmed Seats','Memorized Settings','Memory Mirrors','Multi-Zone Climate Control','Parking Assist System','Pass-Through Rear Seat','Passenger Adjustable Lumbar','Passenger Sensing Airbag','Power Locks','Power Mirrors','Power Seat (Dual)','Power Steering','Power Windows','Privacy Glass','Rain-Sensing Wipers','Rear Air Conditioning','Rear Bench Seat','Rear Head Airbags','Rear Side Airbags','Rear Window Defroster','Rear-View Camera','Rear-View Mirror Camera','Satellite Radio','Seat Memory','Side and Top View Camera','Smart Device Integration','Stability Control','Steering Wheel Controls','Telematics System','Tire Pressure Monitoring System','Touch-Screen Display','Traction Control','Vanity Mirror/Light','Voice-Activated Command System','Wi-Fi Hotspot','Wireless Phone Charger','Wood Trimmed Interior']",82,"Discover the 2024 Buick Encore GX Avenir, a sophisticated compact crossover designed for those who value both style and substance in their daily drive.- Bose Premium 7-Speaker Audio System with SiriusXM- Wireless Apple CarPlay and Wireless Android Auto- Wireless Charging Pad- Heated Steering Wheel- 8-Way Power Driver Seat with Memory Function- 6-Way Power Front Passenger Seat- Heated Front Seats- Leather-Appointed Seat Trim- Auto-Dimming Rear-View Mirror- Rear Camera Mirror with Washer- HD Surround Vision- Adaptive Cruise Control- Hands-Free Power Liftgate- 19"" Avenir Premium Pearl Nickel Aluminum Wheels- Electronic Stability Control with Traction ControlThe Avenir trim elevates your ownership experience with premium appointments throughout the cabin. The leather-appointed seats provide comfort for daily commutes and longer journeys alike, while heated front seats add warmth during cooler months. Power adjustments with memory settings allow you to find your ideal driving position instantly, and the heated steering wheel adds an extra layer of comfort on chilly mornings.Technology seamlessly integrates into your drive with wireless Apple CarPlay and Android Auto connectivity, keeping you connected without distraction. The Bose Premium audio system delivers crisp sound quality whether you're enjoying your favorite music or SiriusXM satellite radio. Wireless charging conveniently powers your devices while the comprehensive camera system, including rear camera mirror and HD surround vision, provides confidence during parking and low-speed maneuvering.The 1.3L EcoTec Turbo engine paired with a 9-speed automatic transmission and all-wheel drive delivers a practical balance of efficiency and capability. With an EPA-estimated 26 MPG city and 28 MPG highway, this crossover provides respectable fuel economy for daily driving. Advanced safety features including adaptive cruise control, electronic stability control, and a comprehensive airbag system contribute to confident operation in various driving conditions.The Encore GX Avenir combines functional design with refined comfort, making it an excellent choice for buyers seeking a well-equipped compact crossover. Its manageable size makes navigation in urban environments effortless, while the spacious interior accommodates passengers and cargo with room to spare.Thanks for looking ! If you need any more information ,such as additional photo's, a free copy of the vehicle history report or any other information to help you make an informed decision ,we are here to help . Just give us a call at (480) 924-0123. Send us an email or come visit us at our easy to get to location just off RT 60 in Superstition Springs AZ. Proudly serving Phoenix,Mesa,Avondale,Chandler,Tucson,Tempe,Scottsdale.","[PREMIUM]","[PREMIUM]",174.45,
"KM8KM4DE5RU301200FEVY02UBGX20260901","2026-09-03 20:19:14.702","2026-09-03 20:19:14.702","[PREMIUM]","[PREMIUM]","PRU301200",2024,"Hyundai","Ioniq 5","SE",,"SUV","White","Black","Electric","Unspecified","RWD","Automatic","Electric",38384,"[PREMIUM]","[PREMIUM]",22370,"GREAT","Used",,,132,98,114,true,true,true,true,"['{""ownerNumber"":1,""purchaseDate"":""07/01/24"",""endOwnershipDate"":""07/09/26"",""city"":""Los Angeles"",""state"":""CA""}']",5,32,0,"2026-09-01","ENHANCED","USED",true,"[PREMIUM]","Henderson","NV","89014","[PREMIUM]",3.6,25,"FEVY02UBGX","[PREMIUM]","[PREMIUM]","[PREMIUM]","[PREMIUM]","[PREMIUM]","ADVANTAGE",,,,,"[PREMIUM]","[PREMIUM]",32,"['Navigation System','Keyless Entry','Heated Seats','Bucket Seats','Blind Spot Monitor','Alloy Wheels','Led Lights','Lane Departure Warning','Heated Mirrors','Keyless Ignition']",10,"['4-Wheel Disc Brakes','5-Passenger Seating','77 kWh battery','AM/FM','Adaptive Cruise Control','Adjustable Steering Wheel','Air Conditioning','Anti-Lock Brakes','Anti-Theft System','Automatic Headlights','Aux Audio Adapter','Braking Assist','Child Safety Locks','Cloth Seats','Collision Warning System','Cross Traffic Alert','Daytime Running Lights','Driver Adjustable Lumbar','Engine Immobilizer','Front Airbags (Driver)','Front Airbags (Passenger)','Front Head Airbag','Front Side Airbags (Driver)','HD Radio','Handsfree/Bluetooth Integration','High Performance Tires','Intermittent Wipers','Lane Keeping System','Leather Steering Wheel','Multi-Zone Climate Control','Pass-Through Rear Seat','Passenger Sensing Airbag','Power Locks','Power Mirrors','Power Seat (Dual)','Power Steering','Power Windows','Privacy Glass','Rear Bench Seat','Rear Head Airbags','Rear Parking Sensors','Rear Side Airbags','Rear Spoiler','Rear Window Defroster','Rear-View Camera','Remote Trunk Release','Smart Device Integration','Stability Control','Steering Wheel Controls','Telematics System','Tire Pressure Monitoring System','Traction Control','Trip Computer','Turn Signal Mirrors','Vanity Mirror/Light','Wi-Fi Hotspot']",56,"At EchoPark, it’s all about offering you options for a happy experience. We have thousands of new-to-you makes and models that range from sedans to trucks to SUVs to luxury vehicles. For your peace of mind, every car undergoes a 190-point inspection and comes with a free Carfax report, and many are still under factory warranty. Our network of stores coast-to-coast makes picking up your new vehicle a breeze. And if it ends up not being a perfect match, you can return it with our 7-Day Money Back Guarantee.It’s all part of our promise to you: we make car buying and selling, happier.In In Nevada, price excludes tax, tag, title, $699 documentary fee and $699 appearance protection*In Nevada, price excludes required taxes, tag, title, other governmental fees and includes a $699 documentary fee. We have taken reasonable efforts to ensure display of accurate data, however, the information shown may contain errors and omissions, may not reflect all vehicle items and accessories, and errors with regard to pricing may occur. All displayed inventory is subject to prior sale and all prices expire at midnight on the date displayed. Price shown is for the state in which Dealer is physically located and if transferred to another state, the price may change. Dealer is not responsible for any errors but should be consulted in person to confirm the information on this page.USED VEHICLES MAY BE SUBJECT TO UNREPAIRED MANUFACTURER RECALLS. PLEASE CONTACT THE MANUFACTURER OR A DEALER FOR THAT LINE MAKE FOR RECALL ASSISTANCE/QUESTIONS OR CHECK THE NATIONAL HIGHWAY TRAFFIC SAFETY ADMINISTRATION WEBSITE FOR CURRENT RECALL INFORMATION BEFORE PURCHASING.*","[PREMIUM]","[PREMIUM]",174.25,
"5N1BT3AA4RC687984WCJLWVU4E120260813","2026-09-03 20:19:14.694","2026-09-03 20:19:14.694","[PREMIUM]","[PREMIUM]","8065H",2024,"Nissan","Rogue","S",,"SUV","Gray","Black","3 Cyl","1.5 L","FWD","Automatic","Gasoline",63504,"[PREMIUM]","[PREMIUM]",19740,"GREAT","Used",,,30,37,33,true,true,,true,"['{""ownerNumber"":1,""purchaseDate"":""02/15/24"",""endOwnershipDate"":""08/08/26"",""city"":""Tulsa"",""state"":""OK""}']",5,23,0,"2026-08-13","ENHANCED","NEW",true,"[PREMIUM]","Henderson","NV","89014","[PREMIUM]",4.5,163,"WCJLWVU4E1","[PREMIUM]","[PREMIUM]","[PREMIUM]","[PREMIUM]","[PREMIUM]","TOPRATED",,,,,"[PREMIUM]","[PREMIUM]",23,"['Navigation System','Keyless Entry','Spoiler','Blind Spot Monitor','Alloy Wheels','17 Inch Wheels','Satellite Radio','Side Airbags','Nissanconnect','Cloth Seats']",10,"['2nd Row Split/Folding Seats','4 Speakers','4-Wheel Disc Brakes','4-Wheel Independent Suspension','5-Passenger Seating','AM/FM','Adjustable Steering Wheel','Air Conditioning','Airbags','Android Auto','Anti-Lock Brakes','Apple Carplay','Automatic Headlights','Body Colored Bumpers','Braking Assist','Cruise Control','Delay-Off Headlights','Door Bin','First Aid Kit','Floor Mats','Front Airbags (Driver)','Front Airbags (Passenger)','Front Anti-Roll Bar','Front Bucket Seats','Front Center Armrest','Front Knee Airbags (Driver)','Front Side Airbags (Driver)','Front Side Airbags (Passenger)','High-Beam Assist','Illuminated Entry','Intermittent Wipers','Overhead Airbag','Overhead Console','Panic Button','Passenger Sensing Airbag','Power Mirrors','Power Steering','Power Windows','Radio Data System','Reading Lights','Rear Anti-Roll Bar','Rear Center Armrest','Rear Parking Sensors','Rear Side Airbags','Rear Window Defroster','Rear Window Wiper','Remote Keyless Entry','Stability Control','Steering Wheel Controls','Tachometer','Telematics System','Thermometer','Tire Pressure Monitoring System','Traction Control','Trip Computer','Vanity Mirror/Light']",56,"This 2024 Nissan Rogue S in gray delivers reliable performance and thoughtful design for the modern driver. With its 1.5L DOHC engine paired with CVT Xtronic transmission, this front-wheel-drive crossover achieves 30 city and 37 highway MPG, balancing efficiency with everyday practicality. The Rogue S presents a compelling choice for those seeking dependable transportation with genuine value.<br /><br />- 4-Wheel Disc Brakes with ABS<br />- Blind Spot Warning<br />- NissanConnect featuring Apple CarPlay and Android Auto<br />- Electronic Stability Control and Traction Control<br />- Rear Parking Sensors<br />- Auto High-beam Headlights<br />- Four Wheel Independent Suspension<br />- 17"" Aluminum Alloy Wheels<br />- Split Folding Rear Seat<br />- Dual Front Impact and Side Impact Airbags plus Overhead Airbag<br /><br />The interior combines comfort with functionality. Cloth seating accommodates five passengers, with front bucket seats and a rear center armrest providing everyday convenience. Climate control and power windows create a comfortable cabin environment. Steering wheel-mounted audio controls and an overhead console put key functions within easy reach, while illuminated entry and front reading lights enhance usability throughout your journey.<br /><br />Safety systems work consistently to protect you and your passengers. Electronic Stability Control and Traction Control maintain vehicle stability, while eight strategically positioned airbags surround occupants. The braking system features four-wheel disc brakes with ABS, complemented by brake assist technology. Rear Parking Sensors and Blind Spot Warning add practical awareness tools for daily driving.<br /><br />The technological foundation includes AM/FM radio with SiriusXM capability and NissanConnect connectivity featuring Apple CarPlay and Android Auto integration, keeping you connected to navigation, messaging, and entertainment options. Power door mirrors, auto headlight functionality, and speed-sensitive wipers round out the practical amenities that make ownership straightforward.<br /><br />Complete the purchase confidence with floor mats and a one-piece cargo area protector included to protect your investment from day one. Contact us to schedule a test drive and confirm this Rogue S meets your expectations.","[PREMIUM]","[PREMIUM]",175.5,
"7MMVABDM6RN215684VNHALCLEG720260901","2026-09-03 20:19:14.674","2026-09-03 20:19:14.674","[PREMIUM]","[PREMIUM]","260535A",2024,"Mazda","CX-50","S","Premium","SUV","Red","Black","4 Cyl","2.5 L","AWD","Automatic","Gasoline",29370,"[PREMIUM]","[PREMIUM]",27280,"GOOD","Used",,,24,30,27,true,true,true,true,"['{""ownerNumber"":1,""purchaseDate"":""05/17/24"",""endOwnershipDate"":""Present"",""city"":""Queen Creek"",""state"":""AZ""}']",8,5,0,"2026-09-01","ENHANCED","NEW",true,"[PREMIUM]","Tempe","AZ","85284","[PREMIUM]",4.6,397,"VNHALCLEG7","[PREMIUM]","[PREMIUM]","[PREMIUM]","[PREMIUM]","[PREMIUM]","TOPRATED","GREAT","AVERAGE","LOW",440,"[PREMIUM]","[PREMIUM]",5,"['Premium Package','Spoiler','Heated Seats','Cargo Cover','Tinted Windows','Folding Mirrors','Dual Exhaust','Power Liftgate','Blind Spot Monitor','17 Inch Wheels']",10,"['12 Speakers','12V Power Outlet','3-Point Seat Belts','4-Wheel Disc Brakes','Adaptive Cruise Control','Adjustable Headrests','Adjustable Lumbar Support','Adjustable Seats','Adjustable Steering Wheel','Air Conditioning','Air Filtration','All-Season Tires','All-Weather Floor Mats','Android Auto','Antenna','Anti-Lock Brakes','Apple Carplay','Auto Climate Control','Auto-Dimming Mirror','Automatic Headlights','Black Grille','Body Colored Bumpers','Body Colored Door Handles','Body Side Moldings','Braking Assist','Cargo Area Light','Cargo Area Under Floor','Child Safety Locks','Chrome Bumpers','Cloth Seats','Collision Warning System','Compact Spare Tire','Cup Holder','Daytime Running Lights','Delay-Off Headlights','Delayed Accessory Power','Digital Instrument Cluster','Door Bin','Driver Foot Rest','Dual-Stage Front Airbags','Dual-Zone Climate Control','Electric Parking Brake','Engine Immobilizer','Floor Mats','Front Anti-Roll Bar','Front Bucket Seats','Front Center Armrest','Front Headrests','Front Knee Airbags (Driver)','Front Knee Airbags (Passenger)','Front Side Airbags','Front Ventilated Disc Brakes','Glove Box','Heated Mirrors','High-Beam Assist','Hill Assist System','Illuminated Entry','Independent Suspension','LED Lights - High Beam','LED Lights - Low Beam','LED Tail Lights','Leather Steering Wheel','Leather/Metal-Look Shift Knob Trim','Leatherette Dash Trim','Leatherette Door Trim','Leatherette Seats','Maintenance Free Battery','Metal-Look Dash Trim','Overhead Console','Passenger Sensing Airbag','Permanent Locking Hubs','Piano Black Dash Trim','Power Mirrors','Power Seat (Dual)','Power Steering','Power Sun/Moonroof','Rain-Sensing Wipers','Reading Lights','Rear Bench Seat','Rear Center Armrest','Rear Cross Traffic Alert','Rear Headrests','Rear Stabilizer Bar','Rear-View Camera','Remote Fuel Door Release','Remote Trunk Release','Seat Belt Pretensioners','Side Curtain Airbags','Side Impact Door Beam','Speed-Sensing Steering','Split/Folding Seats','Steel Spare Wheel Rim','Steering Wheel Controls','Stop and Go Assist','Telematics System','Thermometer','Tire Pressure Monitoring System','Torsion Bar Suspension','Turn Signal Mirrors','Valet Function','Vanity Mirror/Light','Vehicle Tracking System','Weather Package','Windshield Wiper Heater']",104,"This <b>2024 Mazda CX-50 2.5 S Premium Package</b>, has an Soul Red Crystal Metallic exterior and an Black w/Gray interior color. 29,370 miles. Reach out to us at 480-496-4035 and reference Stock Number 260535A <b>IMPORTANT PACKAGE INFORMATION:</b> <b>Weather Package ($375 value)<ul><li>Cargo Liner with Seatback Protection</li><li>All-Weather Floor Mats</li><li>Roadside Assistance Kit</li></ul></b> Safety and Security<ul><li> The vehicle is equipped with a system that senses, and then prepares, the vehicle and/or occupants, for an impending forward collision.</li><li> The vehicle constantly monitors the roadway in front of the vehicle and identifies and tracks pedestrians on an interior display. If the system determines a likely impact, it will automatically take preventative steps to avoid hitting the pedestrian.</li><li> The vehicle is equipped with a camera that displays an image of the area behind the vehicle on an interior display.</li></ul>Technology and Telematics<ul><li> Android Auto/Apple CarPlay smart device wireless mirroring</li><li> Mobile devices can wirelessly connect to the internet through the vehicle's private mobile network.</li></ul> city24/highway30 <b>OTHER NOTABLE FEATURES AND OPTIONS YOU SHOULD KNOW ABOUT:</b> SOUL RED CRYSTAL METALLIC, BLACK W/GRAY, HALF LEATHERETTE SEAT TRIM, SOUL RED CRYSTAL METALLIC PAINT CHARGE, WEATHER PACKAGE, RETRACTABLE CARGO COVER Recent investments by us! 160 Point Inspection Synthetic Oil Service Interior and Exterior Detailing Thoroughly Vacuum Thoroughly Clean Interior Surfaces and Panels Treat with Conditioners Interior Control Cleaning Hand Wash Vehicle Clean Door Jambs and Hinges Clean Rims, Tires and Windows Clean Engine Compartment This Mazda has gone through our service process - You can request the full inspection at anytime. <b>SELLING DISCLOSURE</b> The Horne Price only excludes your state tax and tag fees. The Horne Price includes all non-conditional rebates and incentives. We make every effort to provide accurate information, any obvious discrepancies are corrected immediately. Please contact the dealer with any questions. <b>FINANCING OPTIONS:</b> Take advantage of our attractive low-rate financing options. Our access to various Credit Unions and National Banks can provide financing for most credit levels. We can tailor a finance package to fit your needs. To get started, complete our secure online credit application.","[PREMIUM]","[PREMIUM]",173,
"JF2SKAGC4RH403939QBDUS1DX1120260827","2026-09-03 18:19:18.246","2026-09-03 18:19:18.246","[PREMIUM]","[PREMIUM]","SB1290A",2024,"Subaru","Forester","Sport",,"SUV","Silver","Gray","4 Cyl","2.5 L","AWD","Automatic","Gasoline",23553,"[PREMIUM]","[PREMIUM]",29680,"GREAT","Used",,,26,33,29,true,true,true,true,"['{""ownerNumber"":1,""purchaseDate"":""10/30/23"",""endOwnershipDate"":""08/26/26"",""city"":""Phoenix"",""state"":""AZ""}']",7,10,1,"2026-08-27","ENHANCED","NEW",true,"[PREMIUM]","Peoria","AZ","85382","[PREMIUM]",4.6,1016,"QBDUS1DX11","[PREMIUM]","[PREMIUM]","[PREMIUM]","[PREMIUM]","[PREMIUM]","TOPRATED",,,,,"[PREMIUM]","[PREMIUM]",10,"['Keyless Entry','Fog Lights','Heated Seats','Cargo Cover','Subwoofer','Bucket Seats','Blind Spot Monitor','18 Inch Wheels','Alloy Wheels','Paddle Shifter']",10,"['4-Wheel Disc Brakes','5-Passenger Seating','9 Speakers','AM/FM','Adaptive Cruise Control','Adjustable Steering Wheel','Advanced Front-Lighting System','Air Conditioning','All-Weather Floor Mats','Android Auto','Anti-Lock Brakes','Anti-Theft System','Apple Carplay','Auto-Dimming Mirror','Automatic Headlights','Aux Audio Adapter','Braking Assist','Child Safety Locks','Cloth Seats','Cloth Upholstery','Collision Warning System','Compact Spare Tire','Compass','Cross Traffic Alert','Daytime Running Lights','Downhill-Assist Control','Driver Adjustable Lumbar','Electronic Messaging Assistance','Engine Immobilizer','Floor Mats','Front Airbags (Driver)','Front Airbags (Passenger)','Front Head Airbag','Front Knee Airbags (Driver)','Front Side Airbags (Driver)','HD Radio','Handsfree/Bluetooth Integration','Harman/Kardon Sound System','Heated Mirrors','High Performance Tires','Illuminated Entry','Integrated Cell Phone','Integrated Garage Door Opener','Intermittent Wipers','Keyless Ignition','LED Lights','Lane Departure Warning','Lane Keeping System','Leather Steering Wheel','Limited Slip Differential','Multimedia Interface','Panorama Sunroof','Pass-Through Rear Seat','Passenger Sensing Airbag','Power Locks','Power Mirrors','Power Seat (Dual)','Power Steering','Power Tailgate','Power Windows','Privacy Glass','Rear Bench Seat','Rear Head Airbags','Rear Spoiler','Rear Window Defroster','Rear-View Camera','Satellite Radio','SiriusXM Travel Link','Smart Device Integration','Stability Control','Steering Wheel Controls','Telematics System','Tire Pressure Monitoring System','Touch-Screen Sound System','Traction Control','Trailer Stability Assist','Trip Computer','Turn Signal Mirrors','USB Adapter','Valet Function','Vanity Mirror/Light','Voice-Activated Command System','Wi-Fi Hotspot','Windshield Wiper Heater','iPod Adapter']",85,"Only 23,554 Miles! Delivers 33 Highway MPG and 26 City MPG! This Subaru Forester boasts a Regular Unleaded H-4 2.5 L/152 engine powering this Variable transmission. ICE SILVER METALLIC, GRAY, SPORT CLOTH UPHOLSTERY -inc: orange stitching, EXTERIOR &amp; INTERIOR AUTO-DIMMING MIRROR -inc: Auto-Dimming Exterior Mirror w/Approach Light, Part number J201SFL301, Auto-Dimming Mirror w/Compass &amp; HomeLink, Part number H501SSJ000.*This Subaru Forester Comes Equipped with These Options *ALL-WEATHER FLOOR LINERS -inc: Part number J501SSJ030, 8"" AUDIO W/HARMAN/KARDON &amp; RAB &amp; POWER REAR GATE -inc: Reverse Automatic Braking System (RAB), Power Rear Gate, automatic close and height memory, Radio: Subaru STARLINK 8.0"" Multimedia Plus System, AM/FM stereo HD Radio, multi-touch gesture high resolution display screen, voice activated controls, Bluetooth audio streaming, hands-free phone connectivity and hands-free SMS text messaging connectivity (refer to subaru.com for cell phone compatibility), Near Field Communication (NFC), iPod control capability, SiriusXM All Access radio and SiriusXM Travel Link (4 months free trial/subscription required after), smartphone integration for AHA, Android Auto, Apple CarPlay, Pandora and STARLINK cloud applications (refer to subaru.com for app availability), USB and Over The Air (OTA) audio system update, steering wheel controls for audio and Bluetooth, 3.5mm auxiliary input jack and dual USB A input/charge ports, harman/kardon 9-Speaker Audio System, subwoofer and 576 watt equivalent maximum, Wireless Phone Connectivity, Wheels: 18"" x 7.0 J Black Finish Aluminum-Alloy, Variable Intermittent Wipers w/Heated Wiper Park, Valet Function, Trip Computer, Transmission: Lineartronic CVT -inc: 7-speed manual shift mode, steering wheel paddle-shift control switches and X-MODE: dual mode system w/Hill Descent Control (HDC), Transmission w/Driver Selectable Mode and Oil Cooler, Towing Equipment -inc: Trailer Sway Control.* Visit Us Today *Live a little- stop by Moore Chrysler Jeep located at 8600 West Bell Rd, Peoria, AZ 85382 to make this car yours today!","[PREMIUM]","[PREMIUM]",186.45,
"JM3KFBEL2R0484523B96MCF600120260901","2026-09-03 18:19:18.206","2026-09-03 18:19:18.206","[PREMIUM]","[PREMIUM]","260869A",2024,"Mazda","CX-5","S","Premium Plus","SUV","Gray","Black","4 Cyl","2.5 L","AWD","Automatic","Gasoline",24654,"[PREMIUM]","[PREMIUM]",29770,"GOOD","Used",,,,,,true,true,true,true,"['{""ownerNumber"":1,""purchaseDate"":""09/03/24"",""endOwnershipDate"":""Present"",""city"":""Mesa"",""state"":""AZ""}']",7,19,0,"2026-09-01","ENHANCED","NEW",true,"[PREMIUM]","Apache Junction","AZ","85119","[PREMIUM]",4.5,883,"B96MCF6001","[PREMIUM]","[PREMIUM]","[PREMIUM]","[PREMIUM]","[PREMIUM]","TOPRATED","GOOD","AVERAGE","AVERAGE",410,"[PREMIUM]","[PREMIUM]",19,"['Premium Plus Package','Keyless Entry','Leather Seats','Heated Seats','Heated Steering Wheel','Bucket Seats','Power Liftgate','Blind Spot Monitor','19 Inch Wheels','Alloy Wheels']",10,"['4-Wheel Disc Brakes','5-Passenger Seating','AM/FM','Adaptive Cruise Control','Adjustable Steering Wheel','Advanced Front-Lighting System','Air Conditioning','Airbags','Anti-Lock Brakes','Auto-Dimming Mirror','Automatic Headlights','Aux Audio Adapter','Braking Assist','Cargo Net','Child Safety Locks','Collision Warning System','Compact Spare Tire','Cooled Seats','Cross Traffic Alert','Daytime Running Lights','Driver Adjustable Lumbar','Engine Immobilizer','Floor Mats','Front Airbags (Driver)','Front Airbags (Passenger)','Front Head Airbag','Front Side Airbags (Driver)','HD Radio','Handsfree/Bluetooth Integration','Head-Up Display','Heated Mirrors','High Performance Tires','Integrated Garage Door Opener','Keyless Ignition','LED Lights','Lane Departure Warning','Lane Keeping System','Leather Steering Wheel','Leather Trimmed Seats','Multi-Zone Climate Control','Pass-Through Rear Seat','Passenger Sensing Airbag','Power Equipment','Power Folding Mirrors','Power Locks','Power Mirrors','Power Seat (Dual)','Power Steering','Power Sun/Moonroof','Power Windows','Premium Sound System','Privacy Glass','Rain-Sensing Wipers','Rear Bench Seat','Rear Head Airbags','Rear Heated Seats','Rear Spoiler','Rear Window Defroster','Rear-View Camera','Remote Trunk Release','Satellite Radio','Seat Memory','Smart Device Integration','Stability Control','Steering Wheel Controls','Telematics System','Tire Pressure Monitoring System','Traction Control','Trip Computer','Turn Signal Mirrors','Vanity Mirror/Light','Voice-Activated Command System','Wi-Fi Hotspot']",73,"This 2024 Mazda CX-5 2.5 S Premium Plus Package delivers refined SUV capability with a stylish Machine Gray Metallic exterior and an efficient SKYACTIV®-G 2.5L engine offering strong fuel economy. With just over 24,600 miles, this well-maintained crossover combines everyday practicality with premium comfort features that make every drive enjoyable.- Heated front and rear seats for all-season comfort- Leather seat trim and heated steering wheel- Infotainment system with voice command and SiriusXM- Apple CarPlay and Android Auto compatibility- Power moonroof for an open-air feel- All-wheel drive for confident handling- 19"" aluminum alloy wheels- Advanced safety features including multiple airbags and electronic stability control- Rear parking camera for convenient visibility- HomeLink garage door transmitterThis CX-5 presents excellent value for a model year 2024 with low mileage relative to its age. The Premium Plus Package elevates the standard experience with leather accents, enhanced climate control, and convenience technologies that appeal to discerning drivers. Power features throughout from the moonroof to the liftgate add everyday convenience, while the memory seat and power driver's seat ensure personalized comfort for frequent commuters.Visit us today to experience this impressive CX-5 firsthand. Our team is ready to answer your questions and arrange a test drive at your convenience.","[PREMIUM]","[PREMIUM]",178,
"KNDC34LA7R5169173EINZ6I600120260830","2026-09-03 18:19:18.205","2026-09-03 18:19:18.205","[PREMIUM]","[PREMIUM]","K2397",2024,"Kia","EV6","Wind",,"SUV","White","Black","Electric","Unspecified","RWD","Automatic","Electric",58877,"[PREMIUM]","[PREMIUM]",24410,"GREAT","Used",,,134,101,117,true,true,true,true,"['{""ownerNumber"":1,""purchaseDate"":""10/10/23"",""endOwnershipDate"":""08/04/26"",""city"":""Queen Creek"",""state"":""AZ""}']",6,9,0,"2026-08-30","ENHANCED","NEW",true,"[PREMIUM]","Surprise","AZ","85388","[PREMIUM]",4.8,948,"EINZ6I6001","[PREMIUM]","[PREMIUM]","[PREMIUM]","[PREMIUM]","[PREMIUM]","TOPRATED",,,,,"[PREMIUM]","[PREMIUM]",9,"['Technology Package','Remote Start','Navigation System','Keyless Entry','Leather Seats','Heated Seats','Bucket Seats','Power Liftgate','Blind Spot Monitor','Alloy Wheels']",10,"['4-Wheel Disc Brakes','5-Passenger Seating','77 kWh battery','AM/FM','Adaptive Cruise Control','Adjustable Steering Wheel','Air Conditioning','Anti-Lock Brakes','Anti-Theft System','Auto-Dimming Mirror','Automatic Headlights','Aux Audio Adapter','Braking Assist','Child Safety Locks','Collision Warning System','Cooled Seats','Cross Traffic Alert','Daytime Running Lights','Driver Adjustable Lumbar','Engine Immobilizer','Front Airbags (Driver)','Front Airbags (Passenger)','Front Head Airbag','Front Knee Airbags (Driver)','Front Side Airbags (Driver)','HD Radio','Handsfree Power Liftgate','Handsfree/Bluetooth Integration','Heated Mirrors','High Performance Tires','Keyless Ignition','LED Lights','Lane Departure Warning','Lane Keeping System','Leather Trimmed Seats','Memory Mirrors','Multi-Zone Climate Control','Parking Assist System','Pass-Through Rear Seat','Passenger Adjustable Lumbar','Passenger Sensing Airbag','Power Folding Mirrors','Power Locks','Power Mirrors','Power Seat (Dual)','Power Steering','Power Windows','Premium Sound System','Privacy Glass','Rain-Sensing Wipers','Rear Bench Seat','Rear Head Airbags','Rear Parking Sensors','Rear Spoiler','Rear Window Defroster','Rear-View Camera','Remote Trunk Release','Satellite Radio','Seat Memory','Side and Top View Camera','Smart Device Integration','Smart Parking Assist','Stability Control','Steering Wheel Controls','Telematics System','Tire Pressure Monitoring System','Traction Control','Trip Computer','Turn Signal Mirrors','Vanity Mirror/Light','Vinyl Seats','Warranty','Wheel Locks','Wi-Fi Hotspot']",74,,"[PREMIUM]","[PREMIUM]",176.25,
"3CZRZ1H58RM721030J078U00120260825","2026-09-03 18:19:18.174","2026-09-03 18:19:18.174","[PREMIUM]","[PREMIUM]","H270062A",2024,"Honda","HR-V","Sport",,"SUV","Gray","Black","4 Cyl","2.0 L","FWD","Automatic","Gasoline",33309,"[PREMIUM]","[PREMIUM]",26510,"GREAT","Used",,,26,32,28,true,true,true,true,"['{""ownerNumber"":1,""purchaseDate"":""10/28/23"",""endOwnershipDate"":""08/25/26"",""city"":""Las Vegas"",""state"":""NV""}']",4,32,0,"2026-08-25","ENHANCED","NEW",true,"[PREMIUM]","Henderson","NV","89014","[PREMIUM]",4.7,3469,"J078U001","[PREMIUM]","[PREMIUM]","[PREMIUM]","[PREMIUM]","[PREMIUM]","TOPRATED",,,,,"[PREMIUM]","[PREMIUM]",32,"['Keyless Entry','Spoiler','Heated Seats','Blind Spot Monitor','18 Inch Wheels','Alloy Wheels','Heated Mirrors','Hondalink','Cloth Seats']",9,"['2nd Row Split/Folding Seats','4-Wheel Disc Brakes','4-Wheel Independent Suspension','6 Speakers','AM/FM','Adaptive Cruise Control','Adjustable Steering Wheel','Air Conditioning','Android Auto','Anti-Lock Brakes','Anti-Theft System','Apple Carplay','Auto Climate Control','Automatic Headlights','Body Colored Bumpers','Braking Assist','Cloth Upholstery','Delay-Off Headlights','Door Bin','Emergency Communication System','Front Airbags (Driver)','Front Airbags (Passenger)','Front Anti-Roll Bar','Front Bucket Seats','Front Center Armrest','Front Knee Airbags (Driver)','Front Side Airbags (Driver)','Front Side Airbags (Passenger)','High-Beam Assist','Illuminated Entry','Intermittent Wipers','Leather Shift Knob Trim','Leather Steering Wheel','Overhead Airbag','Panic Button','Passenger Sensing Airbag','Power Mirrors','Power Steering','Power Windows','Radio Data System','Reading Lights','Rear Anti-Roll Bar','Rear Side Airbags','Rear Window Defroster','Rear Window Wiper','Rear-View Camera','Remote Keyless Entry','Speed-Sensing Steering','Stability Control','Steering Wheel Controls','Tachometer','Telematics System','Thermometer','Tire Pressure Monitoring System','Traction Control','Trip Computer','Turn Signal Mirrors','Vanity Mirror/Light']",58,"Welcome to Findlay Honda in Henderson. All of our cars are hand picked and inspected for your peace of mind. This HR-V is equipped with the following options:<br /><br /><br />Sport Urban Gray Pearl FWD CVT 2.0L I4 DOHC 16V i-VTEC<br /><br />Recent Arrival! 26/32 City/Highway MPG","[PREMIUM]","[PREMIUM]",176.25,
"3VV5X7B26RM0575518XXSGCT1OI20260902","2026-09-03 18:19:18.163","2026-09-03 18:19:18.163","[PREMIUM]","[PREMIUM]","AVWTRM057551",2024,"Volkswagen","Taos","S",,"SUV","White","Black","4 Cyl","1.5 L","FWD","Automatic","Gasoline",28792,"[PREMIUM]","[PREMIUM]",20290,"GOOD","Used",,,28,36,31,true,true,true,true,"['{""ownerNumber"":1,""purchaseDate"":""03/26/24"",""endOwnershipDate"":""Present"",""city"":""Estero"",""state"":""FL""}']",5,15,0,"2026-09-02","ENHANCED","NEW",true,"[PREMIUM]","Avondale","AZ","85323","[PREMIUM]",,,"8XXSGCT1OI","[PREMIUM]","[PREMIUM]","[PREMIUM]","[PREMIUM]","[PREMIUM]","TOPRATED","GOOD","AVERAGE","AVERAGE",380,"[PREMIUM]","[PREMIUM]",15,"['Keyless Entry','Spoiler','Heated Steering Wheel','Roof Rails','Bucket Seats','Blind Spot Monitor','Alloy Wheels','Led Lights','17 Inch Wheels','Lane Departure Warning']",10,"['2nd Row Split/Folding Seats','4-Wheel Disc Brakes','5-Passenger Seating','6 Speakers','AM/FM','Active Blind Spot','Adaptive Cruise Control','Adjustable Steering Wheel','Air Conditioning','Anti-Lock Brakes','Automatic Headlights','Aux Audio Adapter','Body Colored Bumpers','Braking Assist','Child Safety Locks','Cloth Seats','Collision Warning System','Compact Spare Tire','Compass','Cross Traffic Alert','Daytime Running Lights','Delay-Off Headlights','Door Bin','Emergency Communication System','Floor Mats','Front Airbags (Driver)','Front Airbags (Passenger)','Front Anti-Roll Bar','Front Bucket Seats','Front Center Armrest','Front Head Airbag','Front Side Airbags (Driver)','Front Side Airbags (Passenger)','Handsfree/Bluetooth Integration','High Performance Tires','High-Beam Assist','Illuminated Entry','Independent Suspension','Keyless Ignition','Lane Keeping System','Leather Shift Knob Trim','MP3','Overhead Airbag','Overhead Console','Panic Button','Pass-Through Rear Seat','Passenger Sensing Airbag','Power Locks','Power Mirrors','Power Steering','Power Windows','Radio Data System','Rain-Sensing Wipers','Reading Lights','Rear Anti-Roll Bar','Rear Bench Seat','Rear Center Armrest','Rear Head Airbags','Rear Spoiler','Rear Window Defroster','Rear Window Wiper','Rear-View Camera','Remote Keyless Entry','Side Impact Door Beam','Smart Device Integration','Speed-Sensing Steering','Stability Control','Steering Wheel Controls','Tachometer','Telematics System','Thermometer','Tire Pressure Monitoring System','Torsion Bar Suspension','Traction Control','Trip Computer','Vanity Mirror/Light','Volkswagen Car-Net','Wi-Fi Hotspot']",78,"This 2024 Volkswagen Taos 1.5T S in white delivers practical efficiency and everyday reliability. With 28,792 miles, this certified vehicle represents smart value for drivers seeking a well-maintained compact SUV. The turbocharged 1.5L engine pairs with an 8-speed automatic transmission to balance performance with impressive fuel economy at 28 city and 36 highway MPG.**Key Features:**- Certified vehicle- Active Blind Spot Monitor- Exterior Parking Camera Rear- VW Car-Net Safe &amp; Secure emergency communication system- 17 Silver Painted Alloy Wheels- Heated steering wheel- Split folding rear seat- Dual front airbags with side impact protection- Electronic Stability Control and traction control- Auto High-beam Headlights with delay-off functionThis Taos is equipped with modern conveniences including steering wheel-mounted audio controls, remote keyless entry, and a trip computer to help track your journey. The cabin features front bucket seats with cloth surfaces and a front center armrest, while the split folding rear seat maximizes cargo versatility. Climate control with rear window defroster ensures year-round comfort, and the heated steering wheel adds welcome warmth during colder months.Safety is prioritized with a comprehensive suite of features including ABS brakes, Electronic Stability Control, and VW Car-Net Safe &amp; Secure a 5-year emergency communication system. The exterior parking camera and active blind spot monitor provide added confidence during everyday driving and maneuvers.Stop by and experience this efficient, well-equipped Taos for yourself. Our team is ready to answer your questions and arrange a test drive.","[PREMIUM]","[PREMIUM]",178,
"5XYK53DF4RG197711EINZ6I600120260829","2026-09-03 18:19:18.163","2026-09-03 18:19:18.163","[PREMIUM]","[PREMIUM]","64197A",2024,"Kia","Sportage","SX Prestige",,"SUV","Gray","Black","4 Cyl","2.5 L","FWD","Automatic","Gasoline",49234,"[PREMIUM]","[PREMIUM]",28850,"GREAT","Used",,,25,33,28,true,true,true,true,"['{""ownerNumber"":1,""purchaseDate"":""05/11/24"",""endOwnershipDate"":""08/29/26"",""city"":""Peoria"",""state"":""AZ""}']",16,11,1,"2026-08-29","ENHANCED","NEW",true,"[PREMIUM]","Surprise","AZ","85388","[PREMIUM]",4.8,948,"EINZ6I6001","[PREMIUM]","[PREMIUM]","[PREMIUM]","[PREMIUM]","[PREMIUM]","TOPRATED","GREAT","AVERAGE","LOW",440,"[PREMIUM]","[PREMIUM]",11,"['Navigation System','Keyless Entry','Fog Lights','Heated Seats','Heated Steering Wheel','Bucket Seats','Power Liftgate','Blind Spot Monitor','Alloy Wheels','Led Lights']",10,"['4-Wheel Disc Brakes','5-Passenger Seating','AM/FM','Adaptive Cruise Control','Adjustable Steering Wheel','Air Conditioning','Anti-Lock Brakes','Anti-Theft System','Automatic Headlights','Aux Audio Adapter','Braking Assist','Carmine Red Interior Color Package','Child Safety Locks','Collision Warning System','Compact Spare Tire','Cooled Seats','Cross Traffic Alert','Daytime Running Lights','Driver Adjustable Lumbar','Engine Immobilizer','Floor Mats','Front Airbags (Driver)','Front Airbags (Passenger)','Front Head Airbag','Front Side Airbags (Driver)','HD Radio','Handsfree Power Liftgate','Handsfree/Bluetooth Integration','Heated Mirrors','High Performance Tires','Keyless Ignition','Lane Departure Warning','Lane Keeping System','Leather Steering Wheel','Leatherette Seats','Multi-Zone Climate Control','Panorama Sunroof','Pass-Through Rear Seat','Passenger Sensing Airbag','Power Locks','Power Mirrors','Power Seat (Dual)','Power Steering','Power Windows','Premium Sound System','Privacy Glass','Rain-Sensing Wipers','Rear Bench Seat','Rear Head Airbags','Rear Parking Sensors','Rear Side Airbags','Rear Spoiler','Rear Window Defroster','Rear-View Camera','Remote Trunk Release','Satellite Radio','Seat Memory','Smart Device Integration','Stability Control','Steering Wheel Controls','Telematics System','Tire Pressure Monitoring System','Traction Control','Trip Computer','Turn Signal Mirrors','Vanity Mirror/Light','Vinyl Seats','Warranty']",68,"CARFAX One-Owner. Clean CARFAX. Certified. Wolf Gray 2024 Kia Sportage SX-Prestige FWD 8-Speed Automatic I4 ***ONE OWNER***, ***CLEAN CARFAX***, ***NAVIGATION***, ***BLUE TOOTH***, ***CERTIFIED***, ***FREE CARFAX***, ***LEATHER***, ***BACKUP CAMERA***, ***HEATED AND COOLED SEATS***, ***DUAL POWER SEATS***, ***BLIND-SPOT ALERT***, ***PANORAMA ROOF***, SX-Prestige, 4D Sport Utility, I4, 8-Speed Automatic, FWD, Wolf Gray, Black w/Premium Leatherette Seat Trim.Recent Arrival! 25/33 City/Highway MPGKia Certified Pre-Owned Details:* 165 Point Inspection* Powertrain Limited Warranty: 120 Month/100,000 Mile (whichever comes first) from original in-service date* Vehicle History* Roadside Assistance* Transferable Warranty* Limited Warranty: 12 Month/12,000 Mile (whichever comes first) ""Platinum Coverage"" from certified purchase date* Warranty Deductible: $50* Includes Rental Car and Trip Interruption Reimbursement. 3 month Sirius trial subscription2024 Kia Sportage Proudly serving Surprise, Sun City, Sun city west, El mirage, Youngtown, Peoria, Glendale, Litchfield park, Phoenix AZ., Goodyear, Buckeye, Avondale, New River, Wickenberg,","[PREMIUM]","[PREMIUM]",178.45,
"KNDPV3DF1R7257592EINZ6I600120260829","2026-09-03 18:19:18.159","2026-09-03 18:19:18.159","[PREMIUM]","[PREMIUM]","63697A",2024,"Kia","Sportage","EX",,"SUV","Gray","Black","4 Cyl","2.5 L","FWD","Automatic","Gasoline",27525,"[PREMIUM]","[PREMIUM]",27070,"GREAT","Used",,,25,33,28,true,true,true,true,"['{""ownerNumber"":1,""purchaseDate"":""02/03/24"",""endOwnershipDate"":""08/29/26"",""city"":""Buckeye"",""state"":""AZ""}']",7,33,1,"2026-08-29","ENHANCED","NEW",true,"[PREMIUM]","Surprise","AZ","85388","[PREMIUM]",4.8,948,"EINZ6I6001","[PREMIUM]","[PREMIUM]","[PREMIUM]","[PREMIUM]","[PREMIUM]","TOPRATED",,,,,"[PREMIUM]","[PREMIUM]",33,"['Navigation System','Keyless Entry','Heated Seats','Bucket Seats','Blind Spot Monitor','Alloy Wheels','Led Lights','Lane Departure Warning','Heated Mirrors','Satellite Radio']",10,"['4-Wheel Disc Brakes','5-Passenger Seating','AM/FM','Adjustable Steering Wheel','Air Conditioning','All-Season Tires','Anti-Lock Brakes','Anti-Theft System','Automatic Headlights','Aux Audio Adapter','Braking Assist','Child Safety Locks','Collision Warning System','Compact Spare Tire','Cross Traffic Alert','Cruise Control','Daytime Running Lights','Driver Adjustable Lumbar','Engine Immobilizer','Floor Mats','Front Airbags (Driver)','Front Airbags (Passenger)','Front Head Airbag','Front Side Airbags (Driver)','HD Radio','Handsfree/Bluetooth Integration','Keyless Ignition','Lane Keeping System','Leather Steering Wheel','Leatherette Seats','Multi-Zone Climate Control','Pass-Through Rear Seat','Passenger Sensing Airbag','Power Locks','Power Mirrors','Power Seat (Dual)','Power Steering','Power Windows','Privacy Glass','Rain-Sensing Wipers','Rear Bench Seat','Rear Head Airbags','Rear Parking Sensors','Rear Side Airbags','Rear Spoiler','Rear Window Defroster','Rear-View Camera','Smart Device Integration','Stability Control','Steering Wheel Controls','Telematics System','Tire Pressure Monitoring System','Traction Control','Trip Computer','Turn Signal Mirrors','Vanity Mirror/Light','Vinyl Seats','Warranty']",58,"CARFAX One-Owner. Clean CARFAX. Certified. Gravity Gray 2024 Kia Sportage EX FWD 8-Speed Automatic I4 ***ONE OWNER***, ***CLEAN CARFAX***, ***BLUE TOOTH***, ***CERTIFIED***, ***FREE CARFAX***, ***LEATHER***, ***BACKUP CAMERA***, ***POWER SEAT***, ***HEATED SEATS***, ***BLIND-SPOT ALERT***, EX, 4D Sport Utility, I4, 8-Speed Automatic, FWD, Gravity Gray, Black w/Leatherette Seat Trim.Recent Arrival! Odometer is 739 miles below market average! 25/33 City/Highway MPGKia Certified Pre-Owned Details:* Includes Rental Car and Trip Interruption Reimbursement. 3 month Sirius trial subscription* Vehicle History* Powertrain Limited Warranty: 120 Month/100,000 Mile (whichever comes first) from original in-service date* Limited Warranty: 12 Month/12,000 Mile (whichever comes first) ""Platinum Coverage"" from certified purchase date* Roadside Assistance* 165 Point Inspection* Warranty Deductible: $50* Transferable Warranty2024 Kia Sportage Proudly serving Surprise, Sun City, Sun city west, El mirage, Youngtown, Peoria, Glendale, Litchfield park, Phoenix AZ., Goodyear, Buckeye, Avondale, New River, Wickenberg,","[PREMIUM]","[PREMIUM]",178.45,
"3N1CP5DV0RL5116913F9ALFMY5120260830","2026-09-03 18:19:18.150","2026-09-03 18:19:18.150","[PREMIUM]","[PREMIUM]","260580A",2024,"Nissan","Kicks","SR",,"SUV","Red","Black","4 Cyl","1.6 L","FWD","Automatic","Gasoline",30310,"[PREMIUM]","[PREMIUM]",20500,"GOOD","Used",,,31,36,33,true,true,true,true,"['{""ownerNumber"":1,""purchaseDate"":""09/25/24"",""endOwnershipDate"":""08/30/26"",""city"":""Phoenix"",""state"":""AZ""}']",9,25,0,"2026-08-30","ENHANCED","NEW",true,"[PREMIUM]","Phoenix","AZ","85014","[PREMIUM]",4.4,1118,"3F9ALFMY51","[PREMIUM]","[PREMIUM]","[PREMIUM]","[PREMIUM]","[PREMIUM]","TOPRATED",,,,,"[PREMIUM]","[PREMIUM]",25,"['Remote Start','Keyless Entry','Fog Lights','Spoiler','Bucket Seats','Blind Spot Monitor','Alloy Wheels','Led Lights','Splash Guards','17 Inch Wheels']",10,"['2nd Row Split/Folding Seats','4-Wheel Disc Brakes','6 Speakers','AM/FM','Adaptive Cruise Control','Adjustable Steering Wheel','Air Conditioning','Airbags','Android Auto','Anti-Lock Brakes','Apple Carplay','Auto Climate Control','Automatic Headlights','Body Colored Bumpers','Braking Assist','Cargo Mat','Cloth Seats','Cross Traffic Alert','Delay-Off Headlights','Door Bin','Floor Mats','Front Airbags (Driver)','Front Airbags (Passenger)','Front Anti-Roll Bar','Front Bucket Seats','Front Center Armrest','Front Knee Airbags (Driver)','Front Side Airbags (Driver)','Front Side Airbags (Passenger)','Handsfree/Bluetooth Integration','Heated Mirrors','High Performance Tires','High-Beam Assist','Illuminated Entry','Independent Suspension','Intermittent Wipers','Keyless Ignition','Lane Departure Warning','Leather Steering Wheel','Overhead Airbag','Panic Button','Pass-Through Rear Seat','Passenger Sensing Airbag','Power Mirrors','Power Steering','Power Windows','Radio Data System','Reading Lights','Rear Bench Seat','Rear Parking Sensors','Rear Side Airbags','Rear Window Defroster','Rear Window Wiper','Rear-View Camera','Remote Keyless Entry','Satellite Radio','Side Airbags','Sport Steering Wheel','Stability Control','Steering Wheel Controls','Tachometer','Thermometer','Tire Pressure Monitoring System','Traction Control','Trip Computer','Turn Signal Mirrors','Vanity Mirror/Light','Wi-Fi Hotspot']",68,"<p>Experience the 2024 Nissan Kicks SR in Scarlet Ember Tintcoat with advanced safety, smart technology, and sporty style for confident urban driving.</p><br /><p>This 2024 Nissan Kicks SR combines a dynamic 4-cylinder engine with a CVT transmission featuring Xtronic for smooth, efficient performance in a front-wheel-drive setup. Designed for the modern driver, it offers adaptive cruise control and an aerial view display system, enhancing awareness and convenience on every trip. Safety is paramount with features like blind spot monitoring, cross-traffic alert, lane departure warning, front and rear collision mitigation, and a comprehensive airbag system including knee and side airbags.</p><br /><p>Inside, enjoy cloth bucket seats with a pass-through rear bench for versatile cargo and passenger arrangements. The leather steering wheel adds a touch of refinement, while steering wheel audio controls and Bluetooth connectivity keep entertainment and communication at your fingertips. LED headlights, fog lamps, heated mirrors, and power-adjustable mirrors improve visibility and comfort in all conditions. Additional highlights include keyless entry and start, remote engine start, a back-up camera, rear parking aid, and a WiFi hotspot for connected journeys. Aluminum wheels with performance tires front and rear complete this sporty, capable package built to meet your daily driving needs.</p><br /><p>Be sure to call or visit ABC Nissan to discover more. Your new favorite vehicle awaits - don't let someone else drive it home!</p>‌","[PREMIUM]","[PREMIUM]",178,
"1FMCU0MN5RUA73969940ANK9V0620260812","2026-09-03 18:19:18.130","2026-09-03 18:19:18.130","[PREMIUM]","[PREMIUM]","CAA73969",2024,"Ford","Escape","ST-Line",,"SUV","Gray","Black","3 Cyl","1.5 L","FWD","Automatic","Gasoline",27874,"[PREMIUM]","[PREMIUM]",23160,"GREAT","Used",,,27,34,30,true,true,,true,"['{""ownerNumber"":1,""purchaseDate"":""07/19/24"",""endOwnershipDate"":""08/01/26"",""city"":""Kahului"",""state"":""HI""}']",1,9,0,"2026-08-12","ENHANCED","NEW",true,"[PREMIUM]","Prescott","AZ","86301","[PREMIUM]",4.8,56,"940ANK9V06","[PREMIUM]","[PREMIUM]","[PREMIUM]","[PREMIUM]","[PREMIUM]","TOPRATED",,,,,"[PREMIUM]","[PREMIUM]",9,"['Ecoboost','Keyless Entry','Spoiler','Roof Rails','Bucket Seats','Power Liftgate','18 Inch Wheels','Alloy Wheels','Satellite Radio','Independent Suspension']",10,"['2nd Row Split/Folding Seats','4-Wheel Disc Brakes','4-Wheel Independent Suspension','6 Speakers','AM/FM','Adjustable Seats','Adjustable Steering Wheel','Air Conditioning','Airbags','Android Auto','Anti-Lock Brakes','Apple Carplay','Auto Climate Control','Automatic Headlights','Body Colored Bumpers','Braking Assist','Compass','Cruise Control','Delay-Off Headlights','Door Bin','Dual-Zone Climate Control','Emergency Communication System','Fordpass Connect','Front Airbags (Driver)','Front Airbags (Passenger)','Front Anti-Roll Bar','Front Bucket Seats','Front Center Armrest','Front Knee Airbags (Driver)','Front Side Airbags (Driver)','Front Side Airbags (Passenger)','Handsfree/Bluetooth Integration','High-Beam Assist','Illuminated Entry','Intermittent Wipers','Overhead Airbag','Overhead Console','Panic Button','Passenger Sensing Airbag','Power Mirrors','Power Seat (Dual)','Power Steering','Power Windows','Radio Data System','Reading Lights','Rear Anti-Roll Bar','Rear Center Armrest','Rear Window Defroster','Rear Window Wiper','Rear-View Camera','Remote Keyless Entry','Speed-Sensing Steering','Sport Steering Wheel','Stability Control','Steering Wheel Controls','Sync 4','Tachometer','Telematics System','Thermometer','Tire Pressure Monitoring System','Traction Control','Trip Computer','Vanity Mirror/Light']",63,"This 2024 Ford Escape ST-Line in gray represents a practical and capable choice for those seeking a reliable compact SUV that works hard for an active lifestyle.<br /><br />- One owner vehicle<br />- Android Auto and Apple CarPlay compatibility<br />- Backup camera with rear parking camera<br />- Bluetooth connectivity<br />- SiriusXM satellite radio with 6-speaker system<br />- SYNC 4 infotainment technology<br />- Front dual-zone automatic climate control<br />- Power driver seat with sport steering wheel<br />- Equipment Group 300A<br />- 18-inch alloy wheels<br />- Power liftgate<br />- Electronic stability control with traction control<br />- Split-folding rear seat for flexible cargo space<br />- Multiple airbags including front, side, knee, and overhead protection<br />- FordPass Connect capability<br /><br />The 1.5L EcoBoost engine paired with an 8-speed automatic transmission delivers practical efficiency, achieving 27 mpg in the city and 34 mpg on the highway. This one-owner vehicle has been well-maintained and shows the care expected from a single custodian, offering you confidence in its history and condition.<br /><br />Inside, the ST-Line trim focuses on comfort and connectivity. The SYNC 4 system integrates seamlessly with your smartphone through Android Auto and Apple CarPlay, keeping you connected while driving. Dual-zone automatic climate control ensures both driver and passenger comfort, while the power-adjustable driver seat allows you to find your ideal driving position. The sport steering wheel adds a refined touch to the driving experience.<br /><br />Practical features support your daily needs and adventures. The power liftgate makes loading cargo effortless, while the split-folding rear seat expands your storage options when you need them. The backup camera and rear parking camera provide clear visibility when maneuvering, and the all-wheel-independent suspension contributes to a composed ride across various road conditions.<br /><br />Safety has been prioritized with comprehensive airbag protection, including dual front, side, knee, and overhead airbags. The electronic stability control and traction control systems work together to maintain stability, while the FordPass Connect feature offers additional convenience and connectivity features through your smartphone.<br /><br />This Escape ST-Line stands as a straightforward, capable choice for everyday driving and weekend adventures. We invite you to schedule a time to view this vehicle and experience its practical design and efficient performance firsthand.","[PREMIUM]","[PREMIUM]",175.5,
"KL77LKE23RC024894X91Y1H600120260901","2026-09-03 17:22:11.253","2026-09-03 17:22:11.253","[PREMIUM]","[PREMIUM]","72962",2024,"Chevrolet","Trax","ACTIV",,"SUV","Orange","Black","3 Cyl","1.2 L","FWD","Automatic","Gasoline",43225,"[PREMIUM]","[PREMIUM]",23410,"GOOD","Used",,,28,32,30,true,true,true,true,"['{""ownerNumber"":1,""purchaseDate"":""07/05/23"",""endOwnershipDate"":""Present"",""city"":""Cottonwood"",""state"":""AZ""}']",16,8,0,"2026-09-01","ENHANCED","NEW",true,"[PREMIUM]","Prescott","AZ","86301","[PREMIUM]",4.6,2345,"X91Y1H6001","[PREMIUM]","[PREMIUM]","[PREMIUM]","[PREMIUM]","[PREMIUM]","TOPRATED",,,,,"[PREMIUM]","[PREMIUM]",8,"['Driver Confidence Package','1SA Package','Preferred Equipment Package','Keyless Entry','Spoiler','Heated Seats','Heated Steering Wheel','Blind Spot Monitor','18 Inch Wheels','Alloy Wheels']",10,"['2nd Row Split/Folding Seats','4-Wheel Disc Brakes','6 Speakers','AM/FM','Adaptive Cruise Control','Adjustable Headrests','Adjustable Seats','Adjustable Steering Wheel','Air Conditioning','Anti-Lock Brakes','Anti-Theft System','Auto Climate Control','Automatic Headlights','Body Colored Bumpers','Braking Assist','Chevrolet Infotainment System','Compass','Confidence Package','Delay-Off Headlights','Door Bin','Driver Adjustable Lumbar','Emergency Communication System','Front Airbags (Driver)','Front Airbags (Passenger)','Front Anti-Roll Bar','Front Bucket Seats','Front Center Armrest','Front Headrests','Front Side Airbags (Driver)','Front Side Airbags (Passenger)','Heated Mirrors','High-Beam Assist','Illuminated Entry','Independent Suspension','Intermittent Wipers','Lane Departure Warning','Leatherette Seats','Overhead Airbag','Overhead Console','Panic Button','Parking Assist System','Passenger Sensing Airbag','Power Mirrors','Power Seat (Dual)','Power Steering','Power Sun/Moonroof','Power Windows','Premium Sound System','Radio Data System','Reading Lights','Rear Cross Traffic Alert','Rear Window Defroster','Rear Window Wiper','Rear-View Camera','Remote Keyless Entry','Satellite Radio','Stability Control','Steering Wheel Controls','Sunroof Package','Tachometer','Thermometer','Tire Pressure Monitoring System','Traction Control','Trip Computer','Vanity Mirror/Light','Wireless Phone Charger']",66,"Cayenne Orange Metallic 2024 Chevrolet Trax ACTIV FWD 6-Speed Automatic 1.2L Ecotec Turbo DOHC DI w/VVT Adaptive Cruise Control, Driver Confidence Package, Lane Change Alert w/Side Blind Zone Alert, License Plate Front Mounting Package, Power Sliding Glass Sunroof w/Manual Shade, Preferred Equipment Group 1SA, Rear Cross-Traffic Alert, Rear Park Assist, Sunroof Package, Wireless Charging.<br /><br />Recent Arrival! 28/32 City/Highway MPG<br /><br />Awards:<br /> * Car and Driver 10 Best<br />Car and Driver, January 2017.","[PREMIUM]","[PREMIUM]",183,
"JM3KKEHD3R1101829KMIJB5Z4SI20260901","2026-09-03 17:22:11.243","2026-09-03 17:22:11.243","[PREMIUM]","[PREMIUM]","J0012",2024,"Mazda","CX-90","Premium Plus",,"SUV","White","Black","6 Cyl","3.3 L","AWD","Automatic","Gasoline",47287,"[PREMIUM]","[PREMIUM]",28660,"GREAT","Used",,,23,28,25,,true,true,true,"['{""ownerNumber"":1,""purchaseDate"":""01/13/24"",""endOwnershipDate"":""06/24/26"",""city"":""Carlsbad"",""state"":""CA""}']",15,22,0,"2026-09-01","ENHANCED","USED",true,"[PREMIUM]","Phoenix","AZ","85021","[PREMIUM]",,,"KMIJB5Z4SI","[PREMIUM]","[PREMIUM]","[PREMIUM]","[PREMIUM]","[PREMIUM]","ADVANTAGE",,,,,"[PREMIUM]","[PREMIUM]",22,"['Navigation System','Keyless Entry','Spoiler','Leather Seats','Heated Seats','Heated Steering Wheel','Power Liftgate','Alloy Wheels','Third Row Seating','Ventilated Seats']",10,"['12 Speakers','21 Inch Wheels','2nd Row Split/Folding Seats','3rd Row Bench Seat','4-Wheel Disc Brakes','4-Wheel Independent Suspension','AM/FM','Adjustable Steering Wheel','Air Conditioning','Anti-Lock Brakes','Anti-Theft System','Armrest Storage','Auto Climate Control','Auto-Dimming Mirror','Automatic Headlights','Body Colored Bumpers','Bose Sound System','Braking Assist','Compass','Cruise Control','Delay-Off Headlights','Door Bin','Dual-Zone Climate Control','Electronic Messaging Assistance','Emergency Communication System','Front Airbags (Driver)','Front Airbags (Passenger)','Front Anti-Roll Bar','Front Bucket Seats','Front Center Armrest','Front Knee Airbags (Driver)','Front Side Airbags (Driver)','Front Side Airbags (Passenger)','Head-Up Display','Heated Mirrors','High-Beam Assist','Illuminated Entry','Integrated Garage Door Opener','Leather Shift Knob Trim','Leather Steering Wheel','Leather Trimmed Interior','Leather Trimmed Seats','Mazda Connect','Overhead Airbag','Overhead Console','Panic Button','Passenger Sensing Airbag','Power Mirrors','Power Seat (Dual)','Power Steering','Power Sun/Moonroof','Power Windows','Radio Data System','Rain-Sensing Wipers','Reading Lights','Rear Air Conditioning','Rear Anti-Roll Bar','Rear Heated Seats','Rear Window Defroster','Rear Window Wiper','Remote Keyless Entry','SOS Post-Crash Alert System','Satellite Radio','Seat Memory','Speed-Sensing Steering','Stability Control','Steering Wheel Controls','Tachometer','Telematics System','Thermometer','Tire Pressure Monitoring System','Traction Control','Trip Computer','Turn Signal Mirrors','Vanity Mirror/Light','Voice-Activated Command System']",76,"Buyback! Yes, this is the price! No funny stuff!! <br /><br />Rhodium White Premium 2024 Mazda CX-90 3.3 Turbo Premium Plus AWD 8-Speed Automatic 3.3L e-SKYACTIV®-G I6 Turbocharged<br /><br />Recent Arrival! 24/28 City/Highway MPG","[PREMIUM]","[PREMIUM]",180.5,
"5N1BT3BA5RC757149YILYKGSPML20260825","2026-09-03 17:22:11.230","2026-09-03 17:22:11.230","[PREMIUM]","[PREMIUM]","M10014A",2024,"Nissan","Rogue","SV",,"SUV","Silver","Black","3 Cyl","1.5 L","FWD","Automatic","Gasoline",25835,"[PREMIUM]","[PREMIUM]",23850,"GREAT","Used",,,30,37,33,true,true,true,true,"['{""ownerNumber"":1,""purchaseDate"":""08/19/24"",""endOwnershipDate"":""08/25/26"",""city"":""Phoenix"",""state"":""AZ""}']",11,15,2,"2026-08-25","ENHANCED","NEW",true,"[PREMIUM]","Goodyear","AZ","85338","[PREMIUM]",5,4,"YILYKGSPML","[PREMIUM]","[PREMIUM]","[PREMIUM]","[PREMIUM]","[PREMIUM]","ADVANTAGE",,,,,"[PREMIUM]","[PREMIUM]",15,"['Keyless Entry','Spoiler','Tinted Windows','Power Liftgate','18 Inch Wheels','Alloy Wheels','Splash Guards','Heated Mirrors','Satellite Radio','Side Airbags']",10,"['2nd Row Split/Folding Seats','4-Wheel Disc Brakes','4-Wheel Independent Suspension','6 Speakers','AM/FM','Adjustable Steering Wheel','Air Conditioning','Android Auto','Anti-Lock Brakes','Apple Carplay','Auto Climate Control','Automatic Headlights','Body Colored Bumpers','Braking Assist','Cloth Seats','Cruise Control','Delay-Off Headlights','Door Bin','Dual-Zone Climate Control','Emergency Communication System','First Aid Kit','Floor Mats','Front Airbags (Driver)','Front Airbags (Passenger)','Front Anti-Roll Bar','Front Bucket Seats','Front Center Armrest','Front Knee Airbags (Driver)','Front Side Airbags (Driver)','Front Side Airbags (Passenger)','Handsfree/Bluetooth Integration','High-Beam Assist','Illuminated Entry','Intermittent Wipers','NissanConnect','Overhead Airbag','Overhead Console','Panic Button','Passenger Sensing Airbag','Power Mirrors','Power Seat (Dual)','Power Steering','Power Windows','Radio Data System','Reading Lights','Rear Anti-Roll Bar','Rear Center Armrest','Rear Parking Sensors','Rear Side Airbags','Rear Window Defroster','Rear Window Wiper','Remote Keyless Entry','Stability Control','Steering Wheel Controls','Tachometer','Telematics System','Thermometer','Tire Pressure Monitoring System','Traction Control','Trip Computer','Vanity Mirror/Light']",61,"Yates Advantage Window Tint:<br />Window tint. Dealer-installed accessories are pre-installed and cannot be removed from the vehicle purchase.<br /><br />This 2024 Nissan Rogue SV arrives in striking silver with modern styling and practical design. With approximately 25,800 miles, this SUV delivers an excellent balance of fuel efficiency and everyday capability. The 1.5L DOHC engine paired with Xtronic CVT transmission returns an impressive 30 city and 37 highway mpg, making your drives both economical and enjoyable.<br /><br />- Apple CarPlay and Android Auto via NissanConnect<br />- Rear parking sensors with 4-wheel disc brakes<br />- Heated power door mirrors with power windows<br />- Automatic headlights with delay-off function<br />- Climate control with front dual zone A/C<br />- Split folding rear seat for cargo versatility<br />- Premium 18-inch dark painted alloy wheels<br />- Chrome rear bumper protector and splash guards<br />- Power liftgate and Bluetooth audio controls<br />- Six-speaker audio system with SiriusXM satellite radio<br /><br />This Rogue SV includes thoughtful protective accessories like floor mats with cargo area protection and body-color bumpers built for durability. The comprehensive safety suite features dual front airbags, side impact airbags, and electronic stability control to keep you protected on every journey. The interior offers comfort with cloth seating, front bucket seats, and a center armrest along with power-adjustable driver seating.<br /><br />The Rogue SV combines reliability, efficiency, and smart features that make it an ideal choice for active families and commuters. Schedule a visit to experience the confidence and capability this well-rounded SUV delivers.","[PREMIUM]","[PREMIUM]",193.25,
"JF2GUABC3R8256441QBDUS1DX1120260825","2026-09-03 17:22:11.208","2026-09-03 17:22:11.208","[PREMIUM]","[PREMIUM]","SB1289A",2024,"Subaru","Crosstrek","Unspecified",,"SUV","White","Gray","4 Cyl","2.0 L","AWD","Automatic","Gasoline",16833,"[PREMIUM]","[PREMIUM]",25130,"GREAT","Used",,,27,34,29,true,true,true,true,"['{""ownerNumber"":1,""purchaseDate"":""08/28/23"",""endOwnershipDate"":""08/24/26"",""city"":""Sun City"",""state"":""AZ""}']",9,10,0,"2026-08-25","ENHANCED","NEW",true,"[PREMIUM]","Peoria","AZ","85382","[PREMIUM]",4.6,1016,"QBDUS1DX11","[PREMIUM]","[PREMIUM]","[PREMIUM]","[PREMIUM]","[PREMIUM]","TOPRATED",,,,,"[PREMIUM]","[PREMIUM]",10,"['Popular Package','Keyless Entry','Bucket Seats','Alloy Wheels','Led Lights','Splash Guards','17 Inch Wheels','Lane Departure Warning','Satellite Radio','Cloth Seats']",10,"['4-Wheel Disc Brakes','5-Passenger Seating','AM/FM','Adaptive Cruise Control','Adjustable Steering Wheel','Advanced Front-Lighting System','Air Conditioning','All-Season Tires','All-Weather Floor Mats','Anti-Lock Brakes','Anti-Theft System','Auto Climate Control','Auto-Dimming Mirror','Automatic Headlights','Aux Audio Adapter','Braking Assist','Cargo Tray','Child Safety Locks','Cloth Upholstery','Collision Warning System','Compact Spare Tire','Compass','Daytime Running Lights','Downhill-Assist Control','Dual-Zone Climate Control','Engine Immobilizer','Floor Mats','Front Airbags (Driver)','Front Airbags (Passenger)','Front Head Airbag','Front Knee Airbags (Driver)','Front Side Airbags (Driver)','HD Radio','Handsfree/Bluetooth Integration','Hill Assist System','Illuminated Entry','Integrated Garage Door Opener','Intermittent Wipers','Lane Keeping System','Multi-Zone Climate Control','Pass-Through Rear Seat','Passenger Sensing Airbag','Power Locks','Power Mirrors','Power Steering','Power Windows','Privacy Glass','Rear Bench Seat','Rear Head Airbags','Rear Spoiler','Rear Window Defroster','Rear-View Camera','Remote Trunk Release','Smart Device Integration','Stability Control','Steering Wheel Controls','Tire Pressure Monitoring System','Traction Control','Trip Computer','Vanity Mirror/Light','Voice-Activated Command System']",61,"Only 16,833 Miles! Delivers 34 Highway MPG and 27 City MPG! This Subaru Crosstrek boasts a Regular Unleaded H-4 2.0 L/122 engine powering this Variable transmission. SUNSHADE - WINDSHIELD -inc: Part number SOA3991322, STANDARD MODEL, POPULAR PACKAGE #4 -inc: All-Weather Floor Liners, Part number J501SFN000, Auto-Dimming Mirror w/Compass &amp; HomeLink, Part number H501SFN000, Auto-Dimming Exterior Mirror w/Approach Light, Part number J201SFN000, Splash Guards, Part number J101SFN100, Rear Bumper Cover, Part number E771SFN000.*This Subaru Crosstrek Comes Equipped with These Options *CRYSTAL WHITE PEARL, CARGO TRAY -inc: Part number J501SFN210, Wireless Phone Connectivity, Wheels: 17"" x 7.0J Dark Gray Aluminum Alloy, Voice Activated Dual Zone Front Automatic Air Conditioning, Variable Intermittent Wipers, Urethane Gear Shifter Material, Trip Computer, Transmission: Lineartronic CVT -inc: straight-type shift lever w/shift position indicator, low shift mode, lock-up torque converter, X-MODE: Hill Descent Control (HDC) and display screen controlled and incline start assist, Transmission w/Driver Selectable Mode and Oil Cooler.* Stop By Today *For a must-own Subaru Crosstrek come see us at Moore Chrysler Jeep, 8600 West Bell Rd, Peoria, AZ 85382. Just minutes away!","[PREMIUM]","[PREMIUM]",184.25,
"1V2JE2CA8RC200513VEIESY400120260828","2026-09-03 17:22:11.200","2026-09-03 17:22:11.200","[PREMIUM]","[PREMIUM]","VW6462A",2024,"Volkswagen","Atlas","SE","w/Technology","SUV","White","Black","4 Cyl","2.0 L","FWD","Automatic","Gasoline",41695,"[PREMIUM]","[PREMIUM]",30580,"GREAT","Used",,,20,27,23,true,true,true,true,"['{""ownerNumber"":1,""purchaseDate"":""10/31/23"",""endOwnershipDate"":""08/27/26"",""city"":""Phoenix"",""state"":""AZ""}']",12,32,0,"2026-08-28","ENHANCED","NEW",true,"[PREMIUM]","Peoria","AZ","85382","[PREMIUM]",4.7,824,"VEIESY4001","[PREMIUM]","[PREMIUM]","[PREMIUM]","[PREMIUM]","[PREMIUM]","TOPRATED",,,,,"[PREMIUM]","[PREMIUM]",32,"['Remote Start','Fog Lights','Trailer Hitch','Spoiler','Heated Seats','Trailer Wiring','Heated Steering Wheel','Roof Rails','Folding Mirrors','Power Liftgate']",10,"['115V Power Outlet','12V Power Outlet','3-Point Seat Belts','Adaptive Cruise Control','Adjustable Headrests','Adjustable Seats','Adjustable Steering Wheel','Advanced Front-Lighting System','Air Conditioning','Air Filtration','Airbag Deactivation (Passenger)','Alert System Impact Sensor','Antenna','Anti-Lock Brakes','Anti-Theft System','Armrest Storage','Auto Climate Control','Auto-Dimming Mirror','Automatic Hazard Warning Lights','Automatic Headlights','Blind Spot Monitor','Body Colored Bumpers','Braking Assist','Cargo Area Light','Center Console','Child Safety Locks','Child Seat Anchors','Chrome Bumpers','Clock','Collision Warning System','Color Coded Mirrors','Cup Holder','Daytime Running Lights','Delay-Off Headlights','Digital Instrument Cluster','Door Unlock Impact Sensor','Driver Adjustable Lumbar','Dual-Zone Climate Control','Electric Parking Brake','Electronic Brake Force Distribution','Electronic Messaging Assistance','Engine Immobilizer','Floor Mats','Front Airbags (Driver)','Front Airbags (Passenger)','Front Bucket Seats','Front Crumple Zones','Front Headrests','Front Parking Sensors','Front Side Airbags','Front Stabilizer Bar','Fuel Cut-Off Impact Sensor','Fuel Data Display','Heated Mirrors','Hill Assist System','Illuminated Entry','Independent Suspension','Integrated Cell Phone','Keyless Ignition','LED Lights','LED Tail Lights','Lane Departure Warning','Lane Keeping System','Low Fuel Level Indicator','MacPherson Front Suspension','One-Touch Power Windows','Paddle Shifter','Passenger Sensing Airbag','Post-Collision Safety System','Power Locks','Power Mirrors','Power Seat (Dual)','Power Steering','Privacy Glass','Rain-Sensing Wipers','Reading Lights','Rear Air Ducts','Rear Bench Seat','Rear Center Armrest','Rear Cross Traffic Alert','Rear Crumple Zones','Rear Headrests','Rear Parking Sensors','Rear Spoiler','Rear Stabilizer Bar','Rear Window Defroster','Rear Window Wiper','Remote Windows','Safety Brake Pedal System','Seat Belt Pretensioners','Seat Belt Warning System','Side Airbags','Side Curtain Airbags','Split/Folding Seats','Sport Seats','Stability Control','Start-Stop System','Steering Wheel Controls','Sun/Moonroof','Sunroof Package','Tachometer','Thermometer','Traction Control','Trip Odometer','Turn Signal Mirrors','USB Audio Interface','Vanity Mirror/Light','Ventilated Seats','Voice-Activated Command System','Warranty','Window Lockout Button']",111,"The 2024 Volkswagen Atlas Cross Sport SE is a reliable and efficient motorcar. It has a 2.0 liter 4 cylinder engine with turbocharged power, and a FWD drivetrain that has already taken it 41,695 miles. The exterior is white and the interior is black, giving it a sleek and modern look. It also has a 5 out of 5 star crash test rating, as well as features such as blind spot sensor and hill start assist for added safety. With fuel economy of 20 mpg in the city and 27 mpg on the highway, this car is sure to get you where you need to go without breaking the bank. Contact Details: Lunde's Peoria Volkswagen, 8801 w Bell Road, Peoria, AZ, 85382, sales@peoriavw.dealerspace.com, 8663647572. Please call for availability. Please contact Bennet Foreman or Ana Urias we are waiting and looking forward to your call 1-866-364-7572 Please call to make an appointment and to verify the vehicle is still in stock.","[PREMIUM]","[PREMIUM]",184.25,
"3GNAXHEG4RL2547120ZUBCLKJOJ20260820","2026-09-03 17:22:11.199","2026-09-03 17:22:11.199","[PREMIUM]","[PREMIUM]","RL254712P",2024,"Chevrolet","Equinox","LS",,"SUV","Black","Gray","4 Cyl","1.5 L","FWD","Automatic","Gasoline",47622,"[PREMIUM]","[PREMIUM]",20780,"GREAT","Used",,,26,31,28,true,true,true,true,"['{""ownerNumber"":1,""purchaseDate"":""02/23/24"",""endOwnershipDate"":""08/13/26"",""city"":""Bourbonnais"",""state"":""IL""}']",13,36,0,"2026-08-20","ENHANCED","NEW",true,"[PREMIUM]","Phoenix","AZ","85023","[PREMIUM]",4.3,1464,"0ZUBCLKJOJ","[PREMIUM]","[PREMIUM]","[PREMIUM]","[PREMIUM]","[PREMIUM]","TOPRATED","GOOD","AVERAGE","AVERAGE",260,"[PREMIUM]","[PREMIUM]",36,"['Convenience Package','Appearance Package','Remote Start','Keyless Entry','Spoiler','Bucket Seats','Tinted Windows','Blind Spot Monitor','Alloy Wheels','Lane Departure Warning']",10,"['12V Power Outlet','4-Wheel Disc Brakes','4-Wheel Independent Suspension','AM/FM','Adjustable Steering Wheel','Air Conditioning','All-Season Tires','Anti-Lock Brakes','Anti-Theft System','Apple Carplay','Auto Climate Control','Automatic Headlights','Aux Audio Adapter','Black Grille','Body Colored Grille','Chevrolet Infotainment System','Child Safety Locks','Cloth Seats','Color Coded Mirrors','Compact Spare Tire','Confidence Package','Cross Traffic Alert','Cruise Control','Driver Confidence II Package','Floor Mats','Front Airbags (Driver)','Front Airbags (Passenger)','Front Head Airbag','Front Side Airbags (Driver)','Handsfree/Bluetooth Integration','Heated Mirrors','Keyless Ignition','Lane Keeping System','MP3','Midnight Edition Package','OnStar Communication System','Parking Assist System','Pass-Through Rear Seat','Power Locks','Power Mirrors','Power Seat (Dual)','Power Windows','Rear Cross Traffic Alert','Rear Head Airbags','Rear Parking Sensors','Rear USB Adapter','Rear Window Defroster','Rear-View Camera','Satellite Radio','Smart Device Integration','Stability Control','Steering Wheel Controls','Telematics System','Tire Pressure Monitoring System','Traction Control','Vanity Mirror/Light','Wheel Locks','Wi-Fi Hotspot']",58,"Meet the 2024 Chevrolet Equinox LS in striking Blackâ??a versatile SUV built for confidence and capability. With its refined 1.5L engine delivering an impressive 26 city and 31 highway mpg, this model combines efficiency with everyday practicality. The LS Convenience Package and Driver Confidence II Package add premium comfort and safety features designed to enhance your driving experience.<br /><br />- Chevrolet Infotainment 3 System with AM/FM and SiriusXM<br />- Remote Start with intelligent climate control<br />- Driver Confidence II Package with advanced safety tech<br />- Lane Change Alert with Side Blind Zone Alert<br />- Rear Cross Traffic Alert and Rear Park Assist<br />- Bluetooth connectivity and steering wheel audio controls<br />- 18 Gloss Black Aluminum Wheels with Midnight Edition styling<br />- Four-Wheel Independent Suspension for smooth handling<br />- Driver 8-Way Power Seat Adjuster for personalized comfort<br />- Rear USB Charging Ports for device connectivity<br /><br />This Black beauty stands out with the Midnight Edition package, featuring a unique mold-in-color Black grille, body-color mirror caps, and striking front and rear Black Bowtie emblems. Deep-tinted rear glass and a sleek spoiler complete the athletic exterior. Inside, youll find premium cloth seating, fully automatic headlights, and a multi-color enhanced driver instrument display. The comprehensive suite of safety featuresâ??including four-wheel disc brakes, electronic stability control, dual front airbags, and OnStar connectivityâ??gives you peace of mind on every journey.<br /><br />This well-maintained Equinox is ready to become part of your daily routine. Visit our showroom to experience its smooth performance and thoughtful design firsthand.<br /><br />Price does not include tax, title and license. Prices include $595 dealer doc fee. Does not include optional accessories of $495 Paint Sealant, $308 Theft Protection, $495 Appearance Package, $695 Window Tint, $895 AVAS, and $175 Wheel Locks. Please call for availability.","[PREMIUM]","[PREMIUM]",179.25,
"5N1AZ2BJ7RC129727XLNFRQU1QA20260830","2026-09-03 17:22:11.192","2026-09-03 17:22:11.192","[PREMIUM]","[PREMIUM]","TC832049A",2024,"Nissan","Murano","SV",,"SUV","Gray","Gray","6 Cyl","3.5 L","FWD","Automatic","Gasoline",26916,"[PREMIUM]","[PREMIUM]",28560,"GREAT","Used",,,20,28,23,true,true,true,true,"['{""ownerNumber"":1,""purchaseDate"":""02/18/25"",""endOwnershipDate"":""08/30/26"",""city"":""Las Vegas"",""state"":""NV""}']",1,19,0,"2026-08-30","ENHANCED","NEW",true,"[PREMIUM]","Henderson","NV","89014","[PREMIUM]",4.5,722,"XLNFRQU1QA","[PREMIUM]","[PREMIUM]","[PREMIUM]","[PREMIUM]","[PREMIUM]","TOPRATED","GOOD","LOW","AVERAGE",230,"[PREMIUM]","[PREMIUM]",19,"['Keyless Entry','Fog Lights','Spoiler','Heated Seats','Blind Spot Monitor','18 Inch Wheels','Alloy Wheels','Splash Guards','20 Inch Wheels','Heated Mirrors']",10,"['2nd Row Split/Folding Seats','4-Wheel Disc Brakes','4-Wheel Independent Suspension','6 Speakers','AM/FM','Adjustable Steering Wheel','Air Conditioning','Android Auto','Anti-Lock Brakes','Anti-Theft System','Apple Carplay','Auto Climate Control','Auto-Dimming Mirror','Automatic Headlights','Body Colored Bumpers','Braking Assist','CD (Single Disc)','Compass','Cruise Control','Delay-Off Headlights','Door Bin','Dual-Zone Climate Control','Floor Mats','Front Airbags (Driver)','Front Airbags (Passenger)','Front Anti-Roll Bar','Front Bucket Seats','Front Center Armrest','Front Knee Airbags (Driver)','Front Knee Airbags (Passenger)','Front Side Airbags (Driver)','Front Side Airbags (Passenger)','High-Beam Assist','Illuminated Entry','Intermittent Wipers','Leather Steering Wheel','Leatherette Seats','MP3','Midnight Edition Package','NissanConnect','Overhead Airbag','Overhead Console','Panic Button','Passenger Sensing Airbag','Power Mirrors','Power Seat (Dual)','Power Steering','Power Windows','Radio Data System','Reading Lights','Rear Anti-Roll Bar','Rear Center Armrest','Rear Side Airbags','Rear Window Defroster','Rear Window Wiper','Remote Keyless Entry','Satellite Radio','Side Impact Door Beam','Speed-Sensing Steering','Stability Control','Steering Wheel Controls','Tachometer','Telematics System','Thermometer','Tire Pressure Monitoring System','Traction Control','Trip Computer','Turn Signal Mirrors','Vanity Mirror/Light','Warranty']",70,"Meet the 2024 Nissan Murano SV, a sophisticated midsize crossover that combines capability with refined styling. This gray beauty delivers a smooth, responsive driving experience with its 3.5L V6 engine and CVT transmission, achieving an impressive 20 city and 28 highway mpg. With just over 26,000 miles, this Murano is virtually new and ready to enhance your daily commute or weekend adventures.<br /><br />Key Features:<br />- SV Midnight Edition Package with distinctive styling<br />- 20"" gloss black aluminum alloy wheels<br />- Midnight Edition carpeted floor mats<br />- Illuminated kickplates and midnight edition badge<br />- Black splash guards<br />- NissanConnect featuring Apple CarPlay and Android Auto<br />- Heated front bucket seats with power adjustment<br />- Blind spot warning and electronic stability control<br />- Auto high-beam headlights with fog lights<br />- Dual front zone automatic climate control<br /><br />This well-maintained Murano presents itself beautifully inside and out. The leatherette-appointed seat trim, leather steering wheel, and modern connectivity features create a refined cabin environment. Safety is prioritized with dual front impact airbags, side impact protection, knee airbags, and a comprehensive suite of driver-assistance technologies. The four-wheel independent suspension provides composed handling on any road surface.<br /><br />Experience the comfort, style, and reliability of this exceptional crossover. Visit us today to test drive the 2024 Nissan Murano SV and discover why this model stands as a smart choice for discerning buyers.<br /><br />FINDLAY NISSAN HENDERSON - LOCALLY OWNED. EXPERTLY VETTED. DRIVEN BY YOU.","[PREMIUM]","[PREMIUM]",184.25,
"WA1EAAFYXR2070493AWQOMX7CC020260825","2026-09-03 17:22:11.187","2026-09-03 17:22:11.187","[PREMIUM]","[PREMIUM]","P17657",2024,"Audi","Q5","Premium Plus","45","SUV","White","Black","4 Cyl","2.0 L","AWD","Automatic","Gasoline",52870,"[PREMIUM]","[PREMIUM]",30660,"GREAT","Used",,,22,28,24,true,true,,true,"['{""ownerNumber"":1,""purchaseDate"":""04/02/24"",""endOwnershipDate"":""07/21/26"",""state"":""CA""}']",3,32,2,"2026-08-25","ENHANCED","NEW",true,"[PREMIUM]","Glendale","AZ","85308","[PREMIUM]",4.7,1833,"AWQOMX7CC0","[PREMIUM]","[PREMIUM]","[PREMIUM]","[PREMIUM]","[PREMIUM]","TOPRATED","GOOD","LOW","AVERAGE",280,"[PREMIUM]","[PREMIUM]",32,"['S-Line Package','Roof Rack','Keyless Entry','Fog Lights','Spoiler','Leather Seats','Heated Seats','Heated Steering Wheel','Power Liftgate','18 Inch Wheels']",10,"['10 Speakers','2nd Row Split/Folding Seats','4-Wheel Disc Brakes','4-Wheel Independent Suspension','AM/FM','Adjustable Seats','Adjustable Steering Wheel','Air Conditioning','Airbags','Alloy Wheels','Anti-Lock Brakes','Anti-Theft System','Audi Connect','Auto Climate Control','Auto-Dimming Mirror','Automatic Headlights','Body Colored Bumpers','Braking Assist','Compass','Cruise Control','Delay-Off Headlights','Door Bin','Dual-Zone Climate Control','Emergency Communication System','Front Airbags (Driver)','Front Airbags (Passenger)','Front Anti-Roll Bar','Front Bucket Seats','Front Center Armrest','Front Side Airbags (Driver)','Front Side Airbags (Passenger)','Heated Mirrors','High-Beam Assist','Illuminated Entry','Integrated Garage Door Opener','Leather Shift Knob Trim','Leather Steering Wheel','Overhead Airbag','Overhead Console','Panic Button','Passenger Sensing Airbag','Power Mirrors','Power Seat (Dual)','Power Steering','Power Windows','Radio Data System','Rain-Sensing Wipers','Reading Lights','Rear Air Conditioning','Rear Anti-Roll Bar','Rear Center Armrest','Rear Window Defroster','Rear Window Wiper','Rear-View Camera','Remote Keyless Entry','Speed-Sensing Steering','Stability Control','Steering Wheel Controls','Tachometer','Telematics System','Thermometer','Tire Pressure Monitoring System','Traction Control','Trip Computer','Turn Signal Mirrors','Vanity Mirror/Light','Wood Dash Trim','Wood Door Trim','Wood Trimmed Interior']",69,"This 2024 Audi Q5 45 S line Premium Plus quattro represents a sophisticated choice for drivers who appreciate refined engineering and practical performance. With its striking white exterior and meticulously maintained condition, this Q5 delivers the premium quality Audi is known for.<br /><br />- 2.0L Turbocharged engine with 7-Speed Automatic S tronic transmission and quattro all-wheel drive<br />- Heated 8-Way Power Front Bucket Seats with leather seating surfaces<br />- Heated steering wheel for enhanced comfort<br />- Automatic temperature control with front dual zone and rear air conditioning<br />- Power liftgate for convenient cargo access<br />- Exterior parking camera rear for added safety and convenience<br />- Audi Sound System with 10 speakers and steering wheel mounted audio controls<br />- Speed-sensing steering and four-wheel independent suspension<br />- Electronic Stability Control and traction control for confident handling<br />- Auto high-beam headlights with fog lights front and rear<br />- Remote keyless entry and Emergency communication system: Audi connect CARE<br />- Genuine wood accents on dashboard, door panels, and console<br />- Alloy 18"" 5-Arm-Turbine Design wheels<br />- Split folding rear seat with center armrest for flexible interior configuration<br /><br />The Q5's 2.0L turbocharged engine balances performance with efficiency, achieving 22 mpg in the city and 28 mpg on the highway. The sophisticated S line Premium Plus trim elevates your driving experience with premium materials and thoughtful design details throughout the cabin. Genuine wood trim on the dashboard, door panels, and console creates an upscale atmosphere that sets this model apart.<br /><br />Climate control reaches a new level of refinement with dual-zone automatic temperature adjustment for front passengers and independent rear air conditioning. Your comfort is further assured by heated front seats and a heated steering wheel, making cold weather driving more pleasant. The eight-way power driver seat and power passenger seat allow each occupant to find their ideal position.<br /><br />Safety and technology work together seamlessly in this Q5. The exterior parking camera rear provides clear visibility when backing up, while Electronic Stability Control, traction control, and a comprehensive airbag system protect you and your passengers. The Audi Sound System with 10 speakers and steering wheel controls puts your entertainment directly at your fingertips.<br /><br />Built on the quattro all-wheel drive platform, this Q5 provides confident traction and stability across varying road conditions. The speed-sensing steering adjusts responsiveness based on your driving speed, and the four-wheel independent suspension absorbs road imperfections for a composed ride. Power steering and responsive braking round out the driving dynamics.<br /><br />Beyond the essentials, thoughtful features enhance daily convenience. The remote keyless entry, power liftgate, and HomeLink garage door transmitter streamline your routine. The split-folding rear seat adapts to your cargo needs, while the roof rack expands your carrying capacity for adventure or everyday hauling.<br /><br />This Q5 45 S line Premium Plus quattro awaits your test drive—an opportunity to experience the driving refinement and capability that have made the Audi Q5 a preferred choice among discerning drivers.","[PREMIUM]","[PREMIUM]",179.5,
"JF2GUABC5R8297119QBDUS1DX1120260826","2026-09-03 17:22:11.164","2026-09-03 17:22:11.164","[PREMIUM]","[PREMIUM]","SB1284A",2024,"Subaru","Crosstrek","Unspecified",,"SUV","Silver","Gray","4 Cyl","2.0 L","AWD","Automatic","Gasoline",34164,"[PREMIUM]","[PREMIUM]",23730,"GREAT","Used",,,27,34,29,true,true,true,true,"['{""ownerNumber"":1,""purchaseDate"":""10/21/23"",""endOwnershipDate"":""08/25/26"",""city"":""Goodyear"",""state"":""AZ""}']",7,10,0,"2026-08-26","ENHANCED","NEW",true,"[PREMIUM]","Peoria","AZ","85382","[PREMIUM]",4.6,1016,"QBDUS1DX11","[PREMIUM]","[PREMIUM]","[PREMIUM]","[PREMIUM]","[PREMIUM]","TOPRATED",,,,,"[PREMIUM]","[PREMIUM]",10,"['Keyless Entry','Bucket Seats','Alloy Wheels','Led Lights','17 Inch Wheels','Lane Departure Warning','Satellite Radio','Cloth Seats','Rear Bench Seat','Compact Spare Tire']",10,"['4-Wheel Disc Brakes','5-Passenger Seating','AM/FM','Adaptive Cruise Control','Adjustable Steering Wheel','Advanced Front-Lighting System','Air Conditioning','All-Season Tires','Anti-Lock Brakes','Anti-Theft System','Auto Climate Control','Auto-Dimming Mirror','Automatic Headlights','Aux Audio Adapter','Braking Assist','Child Safety Locks','Cloth Upholstery','Collision Warning System','Compass','Daytime Running Lights','Downhill-Assist Control','Dual-Zone Climate Control','Engine Immobilizer','Floor Mats','Front Airbags (Driver)','Front Airbags (Passenger)','Front Head Airbag','Front Knee Airbags (Driver)','Front Side Airbags (Driver)','HD Radio','Handsfree/Bluetooth Integration','Hill Assist System','Integrated Garage Door Opener','Intermittent Wipers','Lane Keeping System','Multi-Zone Climate Control','Pass-Through Rear Seat','Passenger Sensing Airbag','Power Locks','Power Mirrors','Power Steering','Power Windows','Privacy Glass','Rear Head Airbags','Rear Spoiler','Rear Window Defroster','Rear-View Camera','Remote Trunk Release','Smart Device Integration','Stability Control','Steering Wheel Controls','Tire Pressure Monitoring System','Traction Control','Trip Computer','Vanity Mirror/Light','Voice-Activated Command System']",56,"Boasts 34 Highway MPG and 27 City MPG! This Subaru Crosstrek delivers a Regular Unleaded H-4 2.0 L/122 engine powering this Variable transmission. STANDARD MODEL, ICE SILVER METALLIC, GRAY, CLOTH UPHOLSTERY.*This Subaru Crosstrek Comes Equipped with These Options *AUTO-DIMMING MIRROR W/COMPASS &amp; HOMELINK -inc: Part number H501SFN000, Wireless Phone Connectivity, Wheels: 17"" x 7.0J Dark Gray Aluminum Alloy, Voice Activated Dual Zone Front Automatic Air Conditioning, Variable Intermittent Wipers, Urethane Gear Shifter Material, Trip Computer, Transmission: Lineartronic CVT -inc: straight-type shift lever w/shift position indicator, low shift mode, lock-up torque converter, X-MODE: Hill Descent Control (HDC) and display screen controlled and incline start assist, Transmission w/Driver Selectable Mode and Oil Cooler, Tires: 225/60R17 99H All-Season.* Visit Us Today *A short visit to Moore Chrysler Jeep located at 8600 West Bell Rd, Peoria, AZ 85382 can get you a tried-and-true Crosstrek today!","[PREMIUM]","[PREMIUM]",184.25,
"KNDC3DLC7R52306058CX7A7FYS920260831","2026-09-03 17:22:11.150","2026-09-03 17:22:11.150","[PREMIUM]","[PREMIUM]","R5230605T",2024,"Kia","EV6","Wind",,"SUV","White","Black","Electric","Unspecified","AWD","Automatic","Electric",19478,"[PREMIUM]","[PREMIUM]",30530,"GOOD","Used",,,120,98,109,true,true,true,true,"['{""ownerNumber"":1,""purchaseDate"":""12/17/24"",""endOwnershipDate"":""08/31/26"",""city"":""Mays Landing"",""state"":""NJ""}']",11,9,0,"2026-08-31","ENHANCED","NEW",true,"[PREMIUM]","Phoenix","AZ","85022","[PREMIUM]",4.5,380,"8CX7A7FYS9","[PREMIUM]","[PREMIUM]","[PREMIUM]","[PREMIUM]","[PREMIUM]","TOPRATED",,,,,"[PREMIUM]","[PREMIUM]",9,"['Remote Start','Navigation System','Keyless Entry','Spoiler','Leather Seats','Heated Seats','Heated Steering Wheel','Bucket Seats','Power Liftgate','Blind Spot Monitor']",10,"['14 Speakers','19 Inch Wheels','2nd Row Split/Folding Seats','4-Wheel Disc Brakes','4-Wheel Independent Suspension','5-Passenger Seating','77 kWh battery','AM/FM','Adaptive Cruise Control','Adjustable Steering Wheel','Air Conditioning','Alloy Wheels','Android Auto','Anti-Lock Brakes','Anti-Theft System','Apple Carplay','Auto Climate Control','Auto-Dimming Mirror','Automatic Headlights','Aux Audio Adapter','Body Colored Bumpers','Braking Assist','Child Safety Locks','Collision Warning System','Cooled Seats','Cross Traffic Alert','Daytime Running Lights','Delay-Off Headlights','Door Bin','Driver Adjustable Lumbar','Dual-Zone Climate Control','Emergency Communication System','Engine Immobilizer','Floor Mats','Front Airbags (Driver)','Front Airbags (Passenger)','Front Anti-Roll Bar','Front Bucket Seats','Front Center Armrest','Front Head Airbag','Front Knee Airbags (Driver)','Front Side Airbags (Driver)','Front Side Airbags (Passenger)','HD Radio','Handsfree Power Liftgate','Handsfree/Bluetooth Integration','Heated Mirrors','High Performance Tires','High-Beam Assist','Illuminated Entry','Keyless Ignition','LED Lights','Lane Departure Warning','Lane Keeping System','Leather Trimmed Seats','Memory Mirrors','Meridian Sound System','Multi-Zone Climate Control','Overhead Airbag','Overhead Console','Panic Button','Pass-Through Rear Seat','Passenger Adjustable Lumbar','Passenger Sensing Airbag','Power Folding Mirrors','Power Locks','Power Mirrors','Power Seat (Dual)','Power Steering','Power Windows','Privacy Glass','Rain-Sensing Wipers','Reading Lights','Rear Anti-Roll Bar','Rear Bench Seat','Rear Center Armrest','Rear Head Airbags','Rear Parking Sensors','Rear Spoiler','Rear Window Defroster','Rear-View Camera','Remote Keyless Entry','Remote Trunk Release','Satellite Radio','Seat Memory','Smart Device Integration','Speed-Sensing Steering','Stability Control','Steering Wheel Controls','Telematics System','Thermometer','Tire Pressure Monitoring System','Traction Control','Trip Computer','Turn Signal Mirrors','Vanity Mirror/Light','Ventilated Seats','Vinyl Seats','Wi-Fi Hotspot']",99,"Snow White Pearl 2024 Kia EV6 WindAWD 1-Speed Automatic Electric MotorKia Certified Pre-Owned Certified, 14 Speakers, 4-Wheel Disc Brakes, ABS brakes, Air Conditioning, Alloy wheels, AM/FM radio: SiriusXM, Apple CarPlay &amp; Android Auto, Auto High-beam Headlights, Auto-dimming Rear-View mirror, Automatic temperature control, Axle Ratio: 10.650, Brake assist, Bumpers: body-color, Carpet Floor Mats, Delay-off headlights, Driver door bin, Driver vanity mirror, Dual front impact airbags, Dual front side impact airbags, Electronic Stability Control, Emergency communication system, Four wheel independent suspension, Front anti-roll bar, Front Bucket Seats, Front Center Armrest, Front dual zone A/C, Front reading lights, Fully automatic headlights, Heated &amp; Ventilated Front Seats (3-Stage), Heated door mirrors, Heated front seats, Heated steering wheel, Illuminated entry, Knee airbag, Low tire pressure warning, Memory seat, Navigation system: AVN 5.0 Navigation System, Occupant sensing airbag, Outside temperature display, Overhead airbag, Overhead console, Panic alarm, Passenger door bin, Passenger vanity mirror, Power door mirrors, Power driver seat, Power Liftgate, Power passenger seat, Power steering, Power windows, Radio: Meridian Premium Audio System, Rain sensing wipers, Rear anti-roll bar, Rear seat center armrest, Rear window defroster, Remote keyless entry, Security system, Speed control, Speed-sensing steering, Split folding rear seat, Spoiler, Steering wheel mounted audio controls, Telescoping steering wheel, Tilt steering wheel, Traction control, Trip computer, Turn signal indicator mirrors, Variably intermittent wipers, Vegan Leather Seat Trim, Ventilated front seats, Wheels: 7.5J x 19"" Black Painted Alloy.Kia Certified Pre-Owned Details:* Vehicle History* 165 Point Inspection* Roadside Assistance* Powertrain Limited Warranty: 120 Month/100,000 Mile (whichever comes first) from original in-service date* Warranty Deductible: $50* Limited Warranty: 12 Month/12,000 Mile (whichever comes first) ""Platinum Coverage"" from certified purchase date* Includes Rental Car and Trip Interruption Reimbursement. 3 month Sirius trial subscription* Transferable Warranty","[PREMIUM]","[PREMIUM]",183,
"JN1BF0AA9RM433761E34QELUGEF20260827","2026-09-03 17:22:11.032","2026-09-03 17:22:11.032","[PREMIUM]","[PREMIUM]","26068",2024,"Nissan","Ariya","Venture+",,"SUV","White","Gray","Electric","Unspecified","FWD","Automatic","Electric",53982,"[PREMIUM]","[PREMIUM]",20440,"GREAT","Used",,,111,95,103,,true,true,true,"['{""ownerNumber"":1,""purchaseDate"":""06/24/24"",""endOwnershipDate"":""08/05/26"",""city"":""Los Angeles"",""state"":""CA""}']",3,60,0,"2026-08-27","ENHANCED","USED",true,"[PREMIUM]","Tucson","AZ","85705","[PREMIUM]",,,"E34QELUGEF","[PREMIUM]","[PREMIUM]","[PREMIUM]","[PREMIUM]","[PREMIUM]","ADVANTAGE",,,,,"[PREMIUM]","[PREMIUM]",60,"['Navigation System','Keyless Entry','Blind Spot Monitor','Alloy Wheels','Led Lights','Lane Departure Warning','Satellite Radio','Quick Charge Port','Keyless Ignition','Nissanconnect']",10,"['5-Passenger Seating','87 kWh battery','91 kWh battery','AM/FM','Adaptive Cruise Control','Adjustable Steering Wheel','Air Conditioning','Anti-Lock Brakes','Anti-Theft System','Daytime Running Lights','Dual Airbags','Front Knee Airbags (Driver)','Front Knee Airbags (Passenger)','Front Parking Sensors','Front Side Airbags','Handsfree/Bluetooth Integration','Hill Assist System','Power Locks','Power Steering','Power Windows','Rear Parking Sensors','Rear Side Airbags','Rear Spoiler','Rear-View Camera','Side Curtain Airbags','Telematics System','Thermometer','Traction Control']",28,"<p>Nissan built the first mass-market EV the original Leaf beat Tesla to market by a few months. This is everything they learned since, put into one car. One owner, 54K miles, EPA-rated 304 miles of range, and it's less than $20k. ?https://www.tucsonfutureclassics.com/inventory/Nissan/ARIYA/26068</p><p>This is a 2024 Nissan Ariya Venture+ the range-maxed trim. Biggest battery Nissan offers (91kWh total / 87kWh usable), most efficient motor (238hp FWD), and everything non-essential stripped for range. EPA est. 304 miles.</p><p>THE HISTORY</p><p>One-owner, 54K miles, out of Victorville, CA. Lease return that went to auction almost exactly at the 2-year mark.</p><p>WARRANTY</p><p>Just over 2 years old, so there's still real time left on both factory warranties. 5yr/60,000-mile Powertrain coverage: about 3 years and roughly 6,000 miles left. 8yr/100,000-mile High-Voltage Battery warranty (covers both outright failure and excessive degradation): about 6 years and roughly 46,000 miles left. And we can extended that to 10 years/100k right along with the HV battery and drivetrain for a very reasonable price.</p><p>THE PLATFORM</p><p>Nissan's first ground-up EV architecture since the original Leaf and they took everything they learned from the Leaf's air-cooled battery and way overbuilt this one. The Ariya's pack is liquid-cooled, which means it consistently sees less degradation and less range swing from outside temperature than most EVs in its class, the Leaf included.</p><p>CHARGING, IN REAL NUMBERS</p><p>DC fast charging peaks at 130kW. Optimal charge window low-battery warning to 80% takes about 40 minutes and adds just over 200 miles (~5.25 mi/min). 0-100% on DC fast charging: just over an hour. Onboard Level 2 charger peaks at 7.2kW: a 0-100% charge takes about 14 hours, and a typical 10-12hr overnight charge adds 220-250 miles. Level 1 (standard wall outlet): just under 4 mi/hr.</p><p>INSIDE</p><p>Haptic touch controls built into the wood-look dash, one continuous smoked-glass display, and a genuinely good UI. ProPilot Assist Nissan's adaptive cruise and driver-assist suite is surprisingly competent and confidence-inspiring, not just a checkbox feature.</p><p>WHY THIS ONE</p><p>The Ariya is one of the best value EVs out there right now more interior space than most competitors, solid range, and a battery pack that (thanks to a decade of lessons from the Leaf) holds up better against heat and cold than most EVs in its class.</p><p>THE NUMBERS</p><p>Price: $19,900. Mileage: 54K. Stock #26068.</p><p>Questions or want to see it in person? Call/text 520-268-6244 or visit www.tucsonfutureclassics.com. Tucson Future Classics 911 N 13th Ave, Tucson, AZ 85705. APPOINTMENT ONLY!</p><p>#NissanAriya #AriyaVenture #ElectricVehicle #TucsonFutureClassics #EVforsale #TucsonCars #NissanEV #UsedEV</p><p>```</p>","[PREMIUM]","[PREMIUM]",182,
"KL47LBE25RB108850RVWDNNY00120260828","2026-09-03 17:22:10.988","2026-09-03 17:22:10.988","[PREMIUM]","[PREMIUM]","RB108850",2024,"Buick","Envista","Sport Touring",,"SUV","Red","Black","3 Cyl","1.2 L","FWD","Automatic","Gasoline",36280,"[PREMIUM]","[PREMIUM]",24990,"GREAT","Used",,,28,32,30,true,true,true,true,"['{""ownerNumber"":1,""purchaseDate"":""06/17/24"",""endOwnershipDate"":""08/28/26"",""city"":""Henderson"",""state"":""NV""}']",10,35,0,"2026-08-28","ENHANCED","NEW",true,"[PREMIUM]","Henderson","NV","89011","[PREMIUM]",4.7,1399,"RVWDNNY001","[PREMIUM]","[PREMIUM]","[PREMIUM]","[PREMIUM]","[PREMIUM]","TOPRATED",,,,,"[PREMIUM]","[PREMIUM]",35,"['Convenience Package','Advanced Safety Package','Remote Start','Keyless Entry','Leather Seats','Heated Seats','Heated Steering Wheel','Power Liftgate','Blind Spot Monitor','Lane Departure Warning']",10,"['Adaptive Cruise Control','Adjustable Seats','Convenience Package I','Convenience Package II','Driver Adjustable Lumbar','Handsfree/Bluetooth Integration','Heating Package','Leatherette Seats','Parking Assist System','Power Seat (Dual)','Rain-Sensing Wipers','Rear Cross Traffic Alert','Rear-View Camera','Wireless Phone Charger']",14,"Meet the 2024 Buick Envista Sport Touring, a stylish red compact crossover built for modern drivers who value both efficiency and comfort. With its turbocharged ECOTEC 1.2L engine delivering 28 city and 32 highway MPG, this front-wheel-drive performer balances responsive handling with smart fuel economy. At 36,256 miles, this well-maintained vehicle has been thoroughly inspected and is ready for its next owner.<br /><br />- Backup Camera<br />- Bluetooth Connectivity<br />- Leather Seats<br />- Heat Package<br />- Adaptive Cruise Control<br />- Heated Steering Wheel<br />- Remote Vehicle Starter System<br />- 8-Way Power Driver Seat Adjuster<br />- Wireless Charging<br />- Rear Cross Traffic Alert<br /><br />This Envista has been meticulously inspected to ensure every system operates as intended. The Advanced Safety Package, Convenience I Package, and Convenience II Package work together to deliver lane change alerts with side blind zone detection, rear park assist, power liftgate, and convenient keyless entry on front doors. Heated front seats and a heated steering wheel make cold mornings easier, while the wireless charging pad keeps your devices powered throughout your day.<br /><br />The Sport Touring trim combines everyday practicality with premium touches that enhance your driving experience. Rainsense front wipers automatically adjust to weather conditions, and the 2-way power driver lumbar control ensures long-drive comfort. This is a vehicle that respects both your time and your budget.<br /><br />Visit us today to take the Envista Sport Touring for a test drive and discover why smart buyers choose Buick.","[PREMIUM]","[PREMIUM]",181.25,
"KL4AMCSL9RB14046445BPSXBQNM20260901","2026-09-03 12:38:29.998","2026-09-03 12:38:29.998","[PREMIUM]","[PREMIUM]","SG4141A",2024,"Buick","Encore GX","Preferred",,"SUV","Black","Black","3 Cyl","1.3 L","AWD","Automatic","Gasoline",26852,"[PREMIUM]","[PREMIUM]",24470,"GOOD","Used",,,26,28,27,true,true,true,true,"['{""ownerNumber"":1,""purchaseDate"":""04/19/25"",""endOwnershipDate"":""Present"",""city"":""Prescott Valley"",""state"":""AZ""}']",11,6,0,"2026-09-01","ENHANCED","NEW",true,"[PREMIUM]","Prescott","AZ","86305","[PREMIUM]",4.7,572,"45BPSXBQNM","[PREMIUM]","[PREMIUM]","[PREMIUM]","[PREMIUM]","[PREMIUM]","TOPRATED",,,,,"[PREMIUM]","[PREMIUM]",6,"['Comfort Package','Advanced Technology Package','1SB Package','Preferred Equipment Package','Remote Start','Keyless Entry','Spoiler','Heated Seats','Heated Steering Wheel','Power Liftgate']",10,"['18 Inch Wheels','2nd Row Split/Folding Seats','4-Wheel Disc Brakes','7 Speakers','AM/FM','Adaptive Cruise Control','Adjustable Seats','Adjustable Steering Wheel','Air Conditioning','Alloy Wheels','Android Auto','Anti-Lock Brakes','Anti-Theft System','Apple Carplay','Auto Climate Control','Automatic Headlights','Body Colored Bumpers','Braking Assist','Compass','Delay-Off Headlights','Door Bin','Driver Adjustable Lumbar','Emergency Communication System','Front Airbags (Driver)','Front Airbags (Passenger)','Front Anti-Roll Bar','Front Bucket Seats','Front Center Armrest','Front Knee Airbags (Driver)','Front Side Airbags (Driver)','Front Side Airbags (Passenger)','Heated Mirrors','High-Beam Assist','Illuminated Entry','Independent Suspension','Intermittent Wipers','Leatherette Seats','Leatherette/Cloth Seats','Overhead Airbag','Overhead Console','Panic Button','Parking Assist System','Passenger Sensing Airbag','Power Mirrors','Power Seat (Dual)','Power Steering','Power Windows','Radio Data System','Reading Lights','Rear Center Armrest','Rear Side Airbags','Rear Window Defroster','Rear Window Wiper','Rear-View Camera','Remote Keyless Entry','Satellite Radio','Side and Top View Camera','Speed-Sensing Steering','Split/Folding Seats','Stability Control','Steering Wheel Controls','Tachometer','Thermometer','Tire Pressure Monitoring System','Traction Control','Trip Computer','USB Adapter','Vanity Mirror/Light','Wireless Phone Charger','Wood Trimmed Interior']",70,"Welcome to Findlay GMC in Prescott, AZ. We have multiple locations with over 600 cars in stock. If you are looking for something specific that this Encore GX doesn't have, please contact us directly. This Buick Encore GX is equipped with the following options: Advanced Technology Package (Adaptive Cruise Control, HD Surround Vision, Rear Park Assist, and Wireless Charging), Comfort Package (2-Way Power Driver Lumbar Control, 8-Way Power Driver Seat Adjuster, Flat-Folding Front Passenger Seatback, Heated Driver &amp; Front Passenger Seats, Heated Steering Wheel, Rear Center Armrest, and Remote Vehicle Starter System), Preferred Equipment Group 1SB, 2 USB Ports (1 Type-A, 1 Type-C), 3.17 Final Drive Axle Ratio, 4-Way Manual Passenger Seat Adjuster, 4-Wheel Disc Brakes, 6-Way Manual Driver Seat Adjuster, 7 Speakers, ABS brakes, Air Conditioning, Alloy wheels, AM/FM radio: SiriusXM, Auto High-beam Headlights, Automatic temperature control, Brake assist, Bumpers: body-color, Cloth w/Leatherette Seat Trim, Compass, Delay-off headlights, Driver door bin, Driver vanity mirror, Dual front impact airbags, Dual front side impact airbags, Electronic Stability Control, Emergency communication system: OnStar and Buick connected services capable, Engine Block Heater, Enhanced Performance 7-Speaker System w/Amplifier, Front anti-roll bar, Front Bucket Seats, Front Center Armrest, Front reading lights, Front wheel independent suspension, Fully automatic headlights, Heated door mirrors, Illuminated entry, Knee airbag, Low tire pressure warning, Occupant sensing airbag, Outside temperature display, Overhead airbag, Overhead console, Panic alarm, Passenger door bin, Passenger vanity mirror, Power door mirrors, Power Liftgate, Power steering, Power windows, Radio data system, Radio: Audio System w/AM/FM, Rear reading lights, Rear side impact airbag, Rear window defroster, Rear window wiper, Remote keyless entry, Ride &amp; Handling Suspension, Security system, SiriusXM, Speed control, Speed-sensing steering, Split folding rear seat, Spoiler, Steering wheel mounted audio controls, Tachometer, Telescoping steering wheel, Tilt steering wheel, Traction control, Trip computer, Variably intermittent wipers, Wheels: 18"" Bright Silver Painted Aluminum, and Wireless Apple CarPlay/Wireless Android Auto.<br /><br /><br />CARFAX One-Owner. Clean CARFAX. Ebony Twilight Metallic 2024 Buick Encore GX Preferred AWD 9-Speed Automatic ECOTEC 1.3L Turbo<br /><br />Recent Arrival! Odometer is 3566 miles below market average! 26/28 City/Highway MPG","[PREMIUM]","[PREMIUM]",183,
"KM8KN4DE4RU284600D8YR5P47SK20260825","2026-09-03 10:38:29.560","2026-09-03 10:38:29.560","[PREMIUM]","[PREMIUM]","4545P",2024,"Hyundai","Ioniq 5","SEL",,"SUV","Black","Gray","Electric","Unspecified","RWD","Automatic","Electric",19076,"[PREMIUM]","[PREMIUM]",25390,"GREAT","Used",,,132,98,114,true,true,true,true,"['{""ownerNumber"":1,""purchaseDate"":""05/11/24"",""endOwnershipDate"":""08/20/26"",""state"":""CA""}']",2,34,0,"2026-08-25","ENHANCED","NEW",true,"[PREMIUM]","Henderson","NV","89015","[PREMIUM]",4.2,902,"D8YR5P47SK","[PREMIUM]","[PREMIUM]","[PREMIUM]","[PREMIUM]","[PREMIUM]","TOPRATED",,,,,"[PREMIUM]","[PREMIUM]",34,"['Navigation System','Keyless Entry','Heated Seats','Heated Steering Wheel','Bucket Seats','Power Liftgate','Blind Spot Monitor','Alloy Wheels','Lane Departure Warning','Heated Mirrors']",10,"['4-Wheel Disc Brakes','77 kWh battery','AM/FM','Adaptive Cruise Control','Adjustable Steering Wheel','Air Conditioning','Android Auto','Anti-Lock Brakes','Anti-Theft System','Apple Carplay','Auto-Dimming Mirror','Automatic Headlights','Aux Audio Adapter','Braking Assist','Child Safety Locks','Cloth Seats','Cross Traffic Alert','Daytime Running Lights','Driver Adjustable Lumbar','Engine Immobilizer','Floor Mats','Front Airbags (Driver)','Front Airbags (Passenger)','Front Head Airbag','Front Side Airbags (Driver)','Handsfree Power Liftgate','Handsfree/Bluetooth Integration','High Performance Tires','Integrated Garage Door Opener','Intermittent Wipers','Keyless Ignition','Lane Keeping System','Leather Steering Wheel','MP3','Multi-Zone Climate Control','Pass-Through Rear Seat','Power Locks','Power Mirrors','Power Seat (Dual)','Power Steering','Power Windows','Privacy Glass','Rear Head Airbags','Rear Parking Sensors','Rear Side Airbags','Rear Spoiler','Rear Window Defroster','Rear-View Camera','Remote Trunk Release','Satellite Radio','Smart Device Integration','Stability Control','Steering Wheel Controls','Telematics System','Tire Pressure Monitoring System','Traction Control','Trip Computer','Turn Signal Mirrors','Vanity Mirror/Light','Warranty','Wi-Fi Hotspot']",61,"CARFAX ONE-OWNER &amp; ACCIDENT FREE CARFAX<br /><br />This 2024 Hyundai IONIQ 5 SEL combines efficiency and modern technology in a striking black exterior. With 132 city MPGe and 98 highway MPGe, this electric vehicle delivers excellent fuel economy. Its ready to impress with premium features and impressive range.<br /><br />- Power driver seat<br />- Power Liftgate<br />- Apple CarPlay &amp; Android Auto<br />- Navigation System<br />- Heated front seats<br />- 19 Aero Alloy Wheels<br /><br />Hyundai Certified Used Vehicles Certification includes:<br />- 173+ Point Inspection<br />- Roadside Assistance<br />- Limited Warranty: 60 Month/60,000 Mile<br />- Powertrain Limited Warranty: 120 Month/100,000 Mile<br />- 10-Year/100,000 Mile Hybrid/EV Battery Warranty<br />- 10-year/Unlimited Mileage Roadside Assistance with Rental Car and Trip Interruption Reimbursement<br />- 3-Months SiriusXM Trial Subscription<br />- Complimentary 1 Year Connected Care &amp; Remote Packages<br />- $50 Warranty Deductible<br /><br />This IONIQ 5 SEL is an excellent choice for eco-conscious drivers seeking reliability and style. Schedule your test drive today.<br /><br />Dealer Disclosure: Price does not include taxes and license fees. Prices includes $799 dealer doc fee.","[PREMIUM]","[PREMIUM]",179.25,
"JF2GUADC5R8275876QBDUS1DX1120260829","2026-09-03 08:38:28.814","2026-09-03 08:38:28.814","[PREMIUM]","[PREMIUM]","SB1310A",2024,"Subaru","Crosstrek","Premium",,"SUV","Blue","Gray","4 Cyl","2.0 L","AWD","Automatic","Gasoline",81288,"[PREMIUM]","[PREMIUM]",22120,"GREAT","Used",,,27,34,29,,true,true,true,"['{""ownerNumber"":1,""purchaseDate"":""09/16/23"",""endOwnershipDate"":""08/28/26"",""city"":""Peoria"",""state"":""AZ""}']",20,10,2,"2026-08-29","ENHANCED","NEW",true,"[PREMIUM]","Peoria","AZ","85382","[PREMIUM]",4.6,1016,"QBDUS1DX11","[PREMIUM]","[PREMIUM]","[PREMIUM]","[PREMIUM]","[PREMIUM]","TOPRATED",,,,,"[PREMIUM]","[PREMIUM]",10,"['All Weather Package','Keyless Entry','Fog Lights','Heated Seats','Bucket Seats','Blind Spot Monitor','Alloy Wheels','Led Lights','Splash Guards','17 Inch Wheels']",10,"['4-Wheel Disc Brakes','5-Passenger Seating','AM/FM','Adaptive Cruise Control','Adjustable Lumbar Support','Adjustable Seats','Adjustable Steering Wheel','Advanced Front-Lighting System','Air Conditioning','All-Season Tires','Anti-Lock Brakes','Anti-Theft System','Auto Climate Control','Auto-Dimming Mirror','Automatic Headlights','Aux Audio Adapter','Braking Assist','Child Safety Locks','Cloth Seats','Cloth Upholstery','Collision Warning System','Compact Spare Tire','Compass','Daytime Running Lights','Dual-Zone Climate Control','Engine Immobilizer','Floor Mats','Front Airbags (Driver)','Front Airbags (Passenger)','Front Head Airbag','Front Knee Airbags (Driver)','Front Side Airbags (Driver)','HD Radio','Handsfree/Bluetooth Integration','Heated Mirrors','Illuminated Entry','Integrated Garage Door Opener','Intermittent Wipers','Keyless Ignition','Lane Change Assist','Lane Departure Warning','Lane Keeping System','Multi-Zone Climate Control','Pass-Through Rear Seat','Passenger Sensing Airbag','Power Locks','Power Mirrors','Power Seat (Dual)','Power Steering','Power Sun/Moonroof','Power Windows','Privacy Glass','Rear Bench Seat','Rear Cross Traffic Alert','Rear Head Airbags','Rear Spoiler','Rear Window Defroster','Rear-View Camera','Remote Trunk Release','Satellite Radio','Smart Device Integration','Stability Control','Steering Wheel Controls','Telematics System','Tire Pressure Monitoring System','Traction Control','Trip Computer','Turn Signal Mirrors','Vanity Mirror/Light','Voice-Activated Command System','Wi-Fi Hotspot','Windshield Wiper Heater']",72,"Delivers 34 Highway MPG and 27 City MPG! This Subaru Crosstrek delivers a Regular Gasoline H-4 2.0 L/122 engine powering this Variable transmission. SUNSHADE - WINDSHIELD -inc: Part number SOA3991322, SPLASH GUARDS -inc: Part number J101SFN100, REAR BUMPER COVER -inc: Part number E771SFN000.*This Subaru Crosstrek Comes Equipped with These Options *CROSSTREK MIRROR PACKAGE -inc: Auto-Dimming Mirror w/Compass &amp; HomeLink, Part number H501SFN000, Auto-Dimming Exterior Mirror w/Approach Light, Part number J201SFN000, BSD/RCTA &amp; MOONRF &amp; ALL WEATHER PKG &amp; PWR DR. SEAT -inc: Blind Spot Detection w/Rear Cross-Traffic Alert, automatic emergency steering, system off switch, exterior power mirrors w/BSD/RCTA detection indicator, rear radar detection sensors, blind-spot detection, lane change assist and rear cross-traffic alert audible vehicle detection warning, 10-Way Power Driver's Seat, 2-way lumbar support, All-Weather Package, Heated Exterior Mirrors, Heated Front Seats, Heated Wipers, Power Moonroof, tilt up and internal retracting w/auto-open/close, Laminated, UV and dark tint moonroof glass , LED UPGRADE -inc: Part number H461SFL060, GRAY, PREMIUM CLOTH UPHOLSTERY, Wireless Phone Connectivity, Wheels: 17"" x 7.0J Dark Gray Aluminum Alloy -inc: machine finish, Voice Activated Dual Zone Front Automatic Air Conditioning, Variable Intermittent Wipers, Urethane Gear Shifter Material, Trip Computer.* Visit Us Today *For a must-own Subaru Crosstrek come see us at Moore Chrysler Jeep, 8600 West Bell Rd, Peoria, AZ 85382. Just minutes away!","[PREMIUM]","[PREMIUM]",194.75,
"JM3KKDHD6R1107361KMIJB5Z4SI20260901","2026-09-03 06:38:28.471","2026-09-03 06:38:28.471","[PREMIUM]","[PREMIUM]","J0009",2024,"Mazda","CX-90","Premium",,"SUV","Red","Gray","6 Cyl","3.3 L","AWD","Automatic","Gasoline",36156,"[PREMIUM]","[PREMIUM]",28100,"GREAT","Used",,,23,28,25,true,true,true,true,"['{""ownerNumber"":1,""purchaseDate"":""11/29/23"",""endOwnershipDate"":""08/18/26"",""city"":""La Crescenta"",""state"":""CA""}']",9,14,0,"2026-09-01","ENHANCED","USED",true,"[PREMIUM]","Phoenix","AZ","85021","[PREMIUM]",,,"KMIJB5Z4SI","[PREMIUM]","[PREMIUM]","[PREMIUM]","[PREMIUM]","[PREMIUM]","ADVANTAGE",,,,,"[PREMIUM]","[PREMIUM]",14,"['Navigation System','Keyless Entry','Spoiler','Leather Seats','Heated Seats','Power Liftgate','Alloy Wheels','Third Row Seating','Bose Sound System','Heated Mirrors']",10,"['12 Speakers','21 Inch Wheels','2nd Row Split/Folding Seats','3rd Row Bench Seat','4-Wheel Disc Brakes','4-Wheel Independent Suspension','AM/FM','Adjustable Steering Wheel','Air Conditioning','Anti-Lock Brakes','Armrest Storage','Auto Climate Control','Auto-Dimming Mirror','Automatic Headlights','Body Colored Bumpers','Braking Assist','Compass','Cruise Control','Delay-Off Headlights','Door Bin','Dual-Zone Climate Control','Electronic Messaging Assistance','Emergency Communication System','Front Airbags (Driver)','Front Airbags (Passenger)','Front Anti-Roll Bar','Front Bucket Seats','Front Center Armrest','Front Knee Airbags (Driver)','Front Side Airbags (Driver)','Front Side Airbags (Passenger)','Head-Up Display','High-Beam Assist','Illuminated Entry','Integrated Garage Door Opener','Leather Shift Knob Trim','Leather Steering Wheel','Leather Trimmed Interior','Leather Trimmed Seats','Mazda Connect','Overhead Airbag','Overhead Console','Panic Button','Passenger Sensing Airbag','Power Mirrors','Power Seat (Dual)','Power Steering','Power Sun/Moonroof','Power Windows','Radio Data System','Rain-Sensing Wipers','Reading Lights','Rear Air Conditioning','Rear Anti-Roll Bar','Rear Window Defroster','Rear Window Wiper','Rear-View Camera','Remote Keyless Entry','SOS Post-Crash Alert System','Satellite Radio','Seat Memory','Speed-Sensing Steering','Stability Control','Steering Wheel Controls','Tachometer','Telematics System','Thermometer','Tire Pressure Monitoring System','Traction Control','Trip Computer','Turn Signal Mirrors','Vanity Mirror/Light','Voice-Activated Command System']",73,"BUYBACK! YES, THAT IS THE PRICE!! NO FUNNY BUSINESS!! <br /><br />Artisan Red Premium 2024 Mazda CX-90 3.3 Turbo Premium AWD 8-Speed Automatic 3.3L e-SKYACTIV®-G I6 Turbocharged<br /><br />Recent Arrival! 24/28 City/Highway MPG","[PREMIUM]","[PREMIUM]",180.5,
"JF2GUABC8RH242115UT30T4YFI120260724","2026-09-03 06:38:28.390","2026-09-03 06:38:28.390","[PREMIUM]","[PREMIUM]","S37393A",2024,"Subaru","Crosstrek","Unspecified",,"SUV","Gray","Gray","4 Cyl","2.0 L","AWD","Automatic","Gasoline",50395,"[PREMIUM]","[PREMIUM]",23710,"GREAT","Used",,,27,34,29,,true,,true,"['{""ownerNumber"":1,""purchaseDate"":""07/22/23"",""endOwnershipDate"":""07/24/26"",""city"":""Maumelle"",""state"":""AR""}']",3,27,1,"2026-07-24","ENHANCED","NEW",true,"[PREMIUM]","Little Rock","AR","72210","[PREMIUM]",4.7,2462,"UT30T4YFI1","[PREMIUM]","[PREMIUM]","[PREMIUM]","[PREMIUM]","[PREMIUM]","TOPRATED",,,,,"[PREMIUM]","[PREMIUM]",27,"['Keyless Entry','Spoiler','Alloy Wheels','17 Inch Wheels','Satellite Radio','Side Airbags']",6,"['2nd Row Split/Folding Seats','4 Speakers','4-Wheel Disc Brakes','4-Wheel Independent Suspension','AM/FM','Adjustable Steering Wheel','Air Conditioning','Airbags','Android Auto','Anti-Lock Brakes','Anti-Theft System','Apple Carplay','Auto Climate Control','Auto-Dimming Mirror','Automatic Headlights','Body Colored Bumpers','Braking Assist','Cloth Upholstery','Compass','Cruise Control','Door Bin','Dual-Zone Climate Control','Front Airbags (Driver)','Front Airbags (Passenger)','Front Anti-Roll Bar','Front Bucket Seats','Front Center Armrest','Front Knee Airbags (Driver)','Front Side Airbags (Driver)','Front Side Airbags (Passenger)','Head Restraint Whiplash Protection','High-Beam Assist','Illuminated Entry','Integrated Garage Door Opener','Intermittent Wipers','Multimedia Interface','Overhead Airbag','Overhead Console','Panic Button','Passenger Sensing Airbag','Power Mirrors','Power Steering','Power Windows','Radio Data System','Reading Lights','Rear Anti-Roll Bar','Rear Window Defroster','Rear Window Wiper','Rear-View Camera','Remote Keyless Entry','Speed-Sensing Steering','Stability Control','Steering Wheel Controls','Tachometer','Telematics System','Thermometer','Tire Pressure Monitoring System','Traction Control','Trip Computer','Vanity Mirror/Light','Warranty']",61,"This 2024 Subaru Crosstrek Base in gray delivers practical versatility with the reliability you expect from Subaru's lineup. With 50,395 miles on the odometer, this vehicle has been well-maintained and is ready for its next chapter with a new owner.<br /><br />- Sunshade - Windshield<br />- Auto-Dimming Mirror with Compass &amp; HomeLink<br />- Rear Seatback Protector<br />- Subaru STARLINK Dual 7.0"" Multimedia System with Apple CarPlay and Android Auto<br />- SiriusXM satellite radio<br />- Front dual zone automatic temperature control<br />- 17"" dark gray aluminum alloy wheels<br />- Auto high-beam headlights<br />- Exterior parking camera rear<br />- Electronic Stability Control and traction control<br />- Speed-sensing steering<br />- Remote keyless entry<br />- Split folding rear seat<br />- Four-wheel independent suspension<br />- Dual front and side impact airbags with knee and overhead airbags<br /><br />The 2.0L 4-cylinder engine paired with the Lineartronic CVT and standard all-wheel drive provides steady performance whether you're navigating city streets or highway routes. The EPA estimates 27 city and 34 highway MPG, offering balanced efficiency for your daily commute and longer trips alike.<br /><br />Inside, you'll find a straightforward layout with front bucket seats and cloth upholstery that's easy to maintain. The Subaru STARLINK system keeps you connected, while the auto-dimming mirror with compass adds convenience to your drive. Steering wheel-mounted audio controls and a tachometer keep essential information within easy reach.<br /><br />This vehicle comes with a Subaru Certified Pre-Owned designation, backed by comprehensive support:<br /><br />- 152 Point Inspection<br />- Roadside Assistance<br />- Warranty Deductible: $0<br />- Transferable Warranty<br />- Vehicle History<br />- Powertrain Limited Warranty: 84 Month/100,000 Mile (whichever comes first) from original in-service date<br />- SiriusXM 3-Month trial subscription, $500 Owner Loyalty coupon &amp; 1 year trial subscription to STARLINK<br /><br />The Crosstrek Base handles daily responsibilities with genuine capability. The four-wheel disc brakes with ABS, electronic stability control, and multiple airbags prioritize your safety, while the rear window wiper and variably intermittent front wipers adapt to changing weather conditions.<br /><br />At WinRock Automotive Group, every handshake, every smile, and every key we hand over is a reflection of our family values. We're here to help you find the vehicle that fits your life -- and to be part of your journey, every mile of the way!","[PREMIUM]","[PREMIUM]",167.7,
"3VV8B7AX2RM14476100RWVJE00120260711","2026-09-03 04:38:27.479","2026-09-03 04:38:27.479","[PREMIUM]","[PREMIUM]","4733761",2024,"Volkswagen","Tiguan","SE","R-Line Black","SUV","White","Black","4 Cyl","2.0 L","AWD","Automatic","Gasoline",28738,"[PREMIUM]","[PREMIUM]",29040,"GREAT","Used",,,22,29,24,true,true,true,,"['{""ownerNumber"":1,""purchaseDate"":""08/16/24"",""endOwnershipDate"":""07/11/26"",""city"":""Saint Louis"",""state"":""MO""}','{""ownerNumber"":2,""purchaseDate"":""08/28/26"",""endOwnershipDate"":""Present"",""city"":""Saint Louis"",""state"":""MO""}']",8,55,1,"2026-07-11","ENHANCED","USED",true,"[PREMIUM]","Nixa","MO","65714","[PREMIUM]",4.9,37,"00RWVJE001","[PREMIUM]","[PREMIUM]","[PREMIUM]","[PREMIUM]","[PREMIUM]","ADVANTAGE","GREAT","AVERAGE","LOW",370,"[PREMIUM]","[PREMIUM]",55,"['Heated Seats','Tinted Windows','Folding Mirrors','Dual Exhaust','19 Inch Wheels','Alloy Wheels','Parking Sensors','Lane Departure Warning','Heated Mirrors','Black Grille']",10,"['12V Power Outlet','3-Point Seat Belts','4-Wheel Disc Brakes','4-Wheel Independent Suspension','6 Speakers','Adaptive Cruise Control','Adjustable Headrests','Adjustable Lumbar Support','Adjustable Seats','Adjustable Steering Wheel','Air Conditioning','Air Filtration','All-Season Tires','Antenna','Anti-Lock Brakes','Anti-Theft System','Auto Climate Control','Automatic Headlights','Body Colored Bumpers','Body Colored Door Handles','Body Colored Side Moldings','Braking Assist','Cargo Area Concealed Storage','Cargo Area Light','Cargo Area Under Floor','Child Safety Locks','Collision Warning System','Compact Spare Tire','Compass','Cup Holder','Daytime Running Lights','Delay-Off Headlights','Delayed Accessory Power','Digital Instrument Cluster','Door Bin','Downhill-Assist Control','Driver Foot Rest','Dual-Stage Front Airbags','Dual-Zone Climate Control','Electric Parking Brake','Engine Immobilizer','Fade-To-Off Interior Lighting','Floor Mats','Front Anti-Roll Bar','Front Bench Seat','Front Center Armrest','Front Headrests','Front Parking Sensors','Front Side Airbags','Front Ventilated Disc Brakes','Hill Assist System','Illuminated Entry','Illuminated Glove Box','Independent Suspension','LED Lights - High Beam','LED Lights - Low Beam','LED Tail Lights','Lane Keeping System','Leather Steering Wheel','Leather/Metal-Look Shift Knob Trim','Leatherette Door Trim','Leatherette Seats','Maintenance Free Battery','Metal-Look Dash Trim','Metal-Look Door Trim','Multi-Link Suspension','Overhead Console','Passenger Sensing Airbag','Permanent Locking Hubs','Power Mirrors','Power Seat (Dual)','Power Steering','Power Sun/Moonroof','Rain-Sensing Wipers','Reading Lights','Rear Anti-Roll Bar','Rear Center Armrest','Rear Headrests','Rear Parking Sensors','Rear Stabilizer Bar','Rear-View Camera','Remote Fuel Door Release','Remote Trunk Release','Seat Belt Pretensioners','Side Airbags','Side Curtain Airbags','Side Impact Door Beam','Speed-Sensing Steering','Split/Folding Seats','Sport Seats','Sport Steering Wheel','Start-Stop System','Steel Spare Wheel Rim','Steering Wheel Controls','Stop and Go Assist','Telematics System','Thermometer','Third Row Airbags','Tire Pressure Monitoring System','Turn Signal Mirrors','Vanity Mirror/Light','Vehicle Tracking System','Volkswagen Car-Net','Wheel Locks','Windshield Wiper Heater']",105,"$38,268 Original MSRP. 2024 Volkswagen Tiguan SE R-Line Black, MDO Package, Opal White Pearl. -2.0L Turbo 4 Cylinder -8 Speed Automatic Transmission -AWD -4 Wheel Independent Suspension -19\Gloss Black Wheels -Front &amp; Rear Parkings Sensors -Back Up Camera -Heated Front Seats -Dual Zone Climate Control - Join the nearly 1,000 clients that have rated us an average of 4.8 of 5! The most commonly used phrases in our reviews are buying experience, fair price and highly recommend. We pride ourselves on providing an unique and friendly experience for all shoppers before, during and after the process. We place an extremely heavy emphasis on our intensive presale inspection by our team of ASE certified technicians. We then make the investments needed to bring all inventory up to the Modern Motorcars quality standards prior to considering it ready for retail. We serve the Greater Springfield Missouri area, however, our clients range from coast to coast. Over the years we have developed a very smooth process for delivery to your doorstep, free pickup at Springfield/Branson airport and premium warranties recognized in service centers nationally. In addition, we provide convenient and industry leading finance options with rates that compete with any lending source. Whether it is a vehicle purchased from Modern Motorcars or not, our Service Center is ready to handle all your needs from simple to the most complex on all makes and models. We treat every opportunity with care and focus on delivering all shoppers with our unique VIP experience providing the amenities you typically will not find in a family owned and operated dealership. We invite you to inspect our reviews and look forward to working with you! 1856 North Deffer Dr Nixa MO 65714","[PREMIUM]","[PREMIUM]",167.7,
"1C4RJHAG1R85198804QAXQNZIBW20260815","2026-09-03 04:38:27.476","2026-09-03 04:38:27.476","[PREMIUM]","[PREMIUM]","NC0481",2024,"Jeep","Grand Cherokee","Altitude",,"SUV","Silver","Black","6 Cyl","3.6 L","4WD","Automatic","Gasoline",67701,"[PREMIUM]","[PREMIUM]",28070,"GOOD","Used",,,19,26,22,true,true,true,true,"['{""ownerNumber"":1,""purchaseDate"":""02/12/24"",""endOwnershipDate"":""07/28/26"",""city"":""Tulsa"",""state"":""OK""}']",2,,0,"2026-08-15","ENHANCED","NEW",true,"[PREMIUM]","Covington","TN","38019","[PREMIUM]",4.8,75,"4QAXQNZIBW","[PREMIUM]","[PREMIUM]","[PREMIUM]","[PREMIUM]","[PREMIUM]","TOPRATED","GREAT","AVERAGE","LOW",390,"[PREMIUM]","[PREMIUM]",,"['Remote Start','Keyless Entry','Leather Seats','Heated Seats','Heated Steering Wheel','Power Liftgate','Blind Spot Monitor','18 Inch Wheels','Alloy Wheels','Led Lights']",10,"['115V Power Outlet','4-Wheel Disc Brakes','5-Passenger Seating','AM/FM','Active Grille Shutters','Adaptive Cruise Control','Adjustable Steering Wheel','Air Conditioning','All-Season Tires','Altitude Appearance Package','Anti-Lock Brakes','Anti-Theft System','Automatic Headlights','Aux Audio Adapter','Braking Assist','Child Safety Locks','Collision Warning System','Compact Spare Tire','Cross Traffic Alert','Daytime Running Lights','Driver Adjustable Lumbar','Engine Immobilizer','Floor Mats','Front Airbags (Driver)','Front Airbags (Passenger)','Front Head Airbag','Front Knee Airbags (Driver)','Front Side Airbags (Driver)','Handsfree/Bluetooth Integration','Heated Mirrors','Keyless Ignition','Lane Departure Warning','Lane Keeping System','Leather Trimmed Seats','Multi-Zone Climate Control','Pass-Through Rear Seat','Passenger Sensing Airbag','Power Locks','Power Mirrors','Power Seat (Dual)','Power Steering','Power Windows','Privacy Glass','Rain-Sensing Wipers','Rear Bench Seat','Rear Head Airbags','Rear Parking Sensors','Rear Spoiler','Rear Window Defroster','Rear-View Camera','Smart Device Integration','Stability Control','Steering Wheel Controls','Telematics System','Tire Pressure Monitoring System','Traction Control','Trip Computer','Vanity Mirror/Light','Wi-Fi Hotspot','Wireless Phone Charger']",60,,"[PREMIUM]","[PREMIUM]",168,
"JM3KKDHDXR1134806HJ73EVJVFJ20260616","2026-09-03 02:38:27.568","2026-09-03 02:38:27.568","[PREMIUM]","[PREMIUM]","RJC3195",2024,"Mazda","CX-90","Premium",,"SUV","Black","Black","6 Cyl","3.3 L","AWD","Automatic","Gasoline",58350,"[PREMIUM]","[PREMIUM]",28650,"GOOD","Used",,,23,28,25,,true,,true,"['{""ownerNumber"":1,""purchaseDate"":""09/01/23"",""endOwnershipDate"":""05/19/25"",""city"":""Tulsa"",""state"":""OK""}']",7,47,1,"2026-06-16","ENHANCED","NEW",true,"[PREMIUM]","Mount Juliet","TN","37122","[PREMIUM]",4.4,639,"HJ73EVJVFJ","[PREMIUM]","[PREMIUM]","[PREMIUM]","[PREMIUM]","[PREMIUM]","TOPRATED",,,,,"[PREMIUM]","[PREMIUM]",47,"['Spoiler','Leather Seats','Tinted Windows','Folding Mirrors','Dual Exhaust','Blind Spot Monitor','Bench Seat','Alloy Wheels','Third Row Seating','Heated Mirrors']",10,"['12 Speakers','12V Power Outlet','21 Inch Wheels','3-Point Seat Belts','4-Wheel Disc Brakes','Active Blind Spot','Adaptive Cruise Control','Adjustable Headrests','Adjustable Steering Wheel','Advanced Front-Lighting System','Air Conditioning','Air Filtration','Android Auto','Antenna','Anti-Lock Brakes','Apple Carplay','Armrest Storage','Automatic Headlights','Black Grille','Body Colored Bumpers','Body Colored Door Handles','Body Side Moldings','Braking Assist','Cargo Area Concealed Storage','Cargo Area Light','Cargo Area Under Floor','Child Safety Locks','Chrome Front Grill','Chrome Trimmed Interior','Collision Warning System','Color Coded Mirrors','Compact Spare Tire','Compass','Cup Holder','Daytime Running Lights','Delay-Off Headlights','Delayed Accessory Power','Digital Instrument Cluster','Door Bin','Double Wishbone Front Suspension','Downhill-Assist Control','Driver Foot Rest','Dual-Stage Front Airbags','Electric Parking Brake','Electronic Messaging Assistance','Engine Immobilizer','Floor Mats','Front Anti-Roll Bar','Front Center Armrest','Front Headrests','Front Knee Airbags (Driver)','Front Knee Airbags (Passenger)','Front Parking Sensors','Front Side Airbags','Front Ventilated Disc Brakes','Head-Up Display','Hill Assist System','Illuminated Entry','Illuminated Glove Box','LED Lights - High Beam','LED Lights - Low Beam','LED Tail Lights','Leather Door Trim','Leather Steering Wheel','Leather Trimmed Seats','Leather/Metal-Look Shift Knob Trim','Leatherette Dash Trim','Mazda Connect','Metal-Look Dash Trim','Multi-Link Suspension','Overhead Console','Passenger Sensing Airbag','Permanent Locking Hubs','Power Folding Mirrors','Power Mirrors','Power Steering','Power Sun/Moonroof','Radio Data System','Rain-Sensing Wipers','Reading Lights','Real-Time Traffic','Rear Anti-Roll Bar','Rear Cross Traffic Alert','Rear Headrests','Rear Parking Sensors','Rear Stabilizer Bar','Rear Ventilated Disc Brakes','Rear-View Camera','Satellite Radio','Seat Belt Pretensioners','Side Curtain Airbags','Side Impact Door Beam','Simulated Wood Dash Trim','Simulated Wood Door Trim','Speed-Sensing Steering','Split/Folding Seats','Steel Spare Wheel Rim','Steering Wheel Controls','Stop and Go Assist','Telematics System','Thermometer','Third Row Airbags','Tire Pressure Monitoring System','Trailer Stability Assist','Turn Signal Mirrors','Vanity Mirror/Light','Voice-Activated Command System','Wi-Fi Hotspot']",108,"<b>Why Buy from Mt. Juliet Chrysler Dodge Jeep Ram?</b> When you choose this <b>2024 Mazda CX-90 3.3 Turbo Premium</b> from <b>Mt. Juliet Chrysler Dodge Jeep Ram</b>, you're not just buying a used car - you're investing in quality, reliability, and peace of mind. Located in <b>Mt Juliet,TN</b>, we're proud to offer the best selection of top-tier used cars in our local area. Here's why savvy buyers trust us: <b>Transparent Pricing</b>: At <b>$28,228</b>, what you see is what you pay. <b>Certified Quality:</b> Every vehicle, like this <b>2024 Mazda CX-90 3.3 Turbo Premium</b>, undergoes a rigorous multi-point inspection to ensure it meets our high standards. <b>Customer-First Service:</b> Our award-winning team treats you like family, backed by an excellent customer satisfaction rating. <b>OTHER NOTABLE FEATURES AND OPTIONS YOU SHOULD KNOW ABOUT:</b> JET BLACK MICA, BLACK, LEATHER SEAT TRIM Safety and Security<ul><li> Forward collision mitigation - Forward thinking. You look away for just a second and suddenly the vehicle in front of you has stopped. That's when the forward collision mitigation system comes to life. When it senses an impending impact, it will activate a combination of features to help prevent or reduce the severity of an accident. Forward collision mitigation is always looking ahead.</li><li> Pedestrian impact prevention - An extra step toward safety. Pedestrians don't always stop, look, and listen, but with Pedestrian Impact Prevention, your vehicle is equipped to better see them and avoid them. This system constantly monitors the road ahead to identify and track pedestrians. It projects that image to an interior display screen, AND should an impact become likely, Pedestrian impact prevention takes steps to avoid a collision.</li><li> Rear camera - Watching your back! The rear camera helps you see obstacles and hazards you otherwise couldn't by showing enhanced images of what is behind you. The rear camera is an extra set of eyes that's both convenient and safe.</li></ul>Technology and Telematics<ul><li> Wireless Android Auto/Apple CarPlay smart device wireless mirroring</li><li> Mobile hotspot - WiFi on the fly. Connect your devices to the Internet through your vehicle's private mobile hotspot and take the internet wherever your journey takes you, without eating up your data allowance. Find the hotspot with mobile hotspot.</li></ul> At Mt. Juliet Chrysler Dodge Jeep Ram, we're here to <b>Serve you!</b> Our staff is 100% dedicated to customer satisfaction and we understand that you need clear, transparent information throughout the car buying process. With our live market pricing philosophy, we offer the right cars at the right price, and the transparency to back it up! Pricing &amp; Availability: All prices and offers are valid only for the calendar day listed and must be confirmed at mountjulietcdjr.com. Dealer is not responsible for errors on third-party sites. Financing &amp; Discounts: Discounts apply to select vehicles and require financing through Mt Juliet CDJR preferred lenders, not all customers or vehicles will qualify. Financing is subject to credit approval by third-party lenders, rates, APR, and terms vary by credit score and other factors. Mt Juliet CDJR is not a lender and does not guarantee approval. Offers are subject to change without notice and cannot be combined unless stated. Consent: By submitting this form, you consent to receive phone, text, and email communications from Mt Juliet CDJR (opt-out available at any time). Your submission acknowledges you have read and agree to these full terms and conditions.","[PREMIUM]","[PREMIUM]",169.45,"Accident Reported"
"KL77LGE21RC050178RKNRTMISEA20260825","2026-09-03 02:38:27.566","2026-09-03 02:38:27.566","[PREMIUM]","[PREMIUM]","E2782064B",2024,"Chevrolet","Trax","RS","1RS","SUV","White","Black","3 Cyl","1.2 L","FWD","Automatic","Gasoline",33708,"[PREMIUM]","[PREMIUM]",22770,"GOOD","Used",,,28,32,30,,true,true,true,"['{""ownerNumber"":1,""purchaseDate"":""09/19/23"",""endOwnershipDate"":""08/24/26"",""city"":""Owensboro"",""state"":""KY""}']",8,10,0,"2026-08-25","ENHANCED","NEW",true,"[PREMIUM]","Evansville","IN","47715","[PREMIUM]",4.6,324,"RKNRTMISEA","[PREMIUM]","[PREMIUM]","[PREMIUM]","[PREMIUM]","[PREMIUM]","TOPRATED",,,,,"[PREMIUM]","[PREMIUM]",10,"['Preferred Equipment Package','Remote Start','Keyless Entry','Spoiler','Heated Seats','Heated Steering Wheel','18 Inch Wheels','Alloy Wheels','Heated Mirrors','Satellite Radio']",10,"['2nd Row Split/Folding Seats','4 Speakers','4-Wheel Disc Brakes','AM/FM','Adjustable Headrests','Adjustable Seats','Adjustable Steering Wheel','Air Conditioning','Anti-Lock Brakes','Anti-Theft System','Apple Carplay','Automatic Headlights','Body Colored Bumpers','Braking Assist','Chevrolet Infotainment System','Cloth Seats','Cloth Upholstery','Compass','Cruise Control','Delay-Off Headlights','Door Bin','Emergency Communication System','Front Airbags (Driver)','Front Airbags (Passenger)','Front Anti-Roll Bar','Front Bucket Seats','Front Center Armrest','Front Headrests','Front Side Airbags (Driver)','Front Side Airbags (Passenger)','Handsfree/Bluetooth Integration','High-Beam Assist','Illuminated Entry','Independent Suspension','Intermittent Wipers','MP3','Overhead Airbag','Overhead Console','Panic Button','Passenger Sensing Airbag','Power Locks','Power Mirrors','Power Steering','Power Sun/Moonroof','Power Windows','Premium Sound System','Radio Data System','Reading Lights','Rear Window Defroster','Rear Window Wiper','Rear-View Camera','Remote Keyless Entry','Sport Steering Wheel','Stability Control','Steering Wheel Controls','Sunroof Package','Tachometer','Thermometer','Tire Pressure Monitoring System','Traction Control','Trip Computer','Vanity Mirror/Light','iPod Adapter']",63,"Recent Arrival!<br />**CARFAX ONE OWNER**, **REMOTE START**, **HEATED SEATS**, **REAR BACK UP CAMERA!**, * *GREAT BUY**, **RECENT ARRIVAL**, **PREMIUM STEREO**., **MP3 / IPOD COMPATIBLE!**, **BLUETOOTH HANDSFREE-CALLING!**, **APPLE CARPLAY**, **CERTIFIED BY AUTOCHECK - ONE OWNER!**, **FWD - GREAT ALL YEAR 'ROUND - BETTER MPG!, **SUNROOF/MOONROOF**, **POWER WINDOWS**, **POWER LOCKS**, **POWER MIRRORS**, **18' UPGRADED WHEELS**, **1.2L TURBO 4CYL - ALL THE POWER - HATES GAS!**.<br />KBB Fair Market Range High: $22,170 KBB Fair Market Range Low: $20,220<br /><br /><br />Summit White 2024 Chevrolet Trax 1RS 6-Speed Automatic 1.2L Ecotec Turbo DOHC DI w/VVT<br /><br />28/32 City/Highway MPG<br /><br />Awards:<br /> * Car and Driver 10 Best<br />Car and Driver, January 2017.","[PREMIUM]","[PREMIUM]",167.75,
"JF2SKADC2RH447846V4JNMU9SB120260804","2026-09-03 02:38:27.552","2026-09-03 02:38:27.552","[PREMIUM]","[PREMIUM]","RH447846",2024,"Subaru","Forester","Premium",,"SUV","Blue","Gray","4 Cyl","2.5 L","AWD","Automatic","Gasoline",26381,"[PREMIUM]","[PREMIUM]",28790,"GOOD","Used",,,26,33,29,true,true,true,true,"['{""ownerNumber"":1,""purchaseDate"":""01/22/24"",""endOwnershipDate"":""07/28/26"",""city"":""Benton"",""state"":""AR""}']",4,25,0,"2026-08-04","ENHANCED","NEW",true,"[PREMIUM]","Memphis","TN","38125","[PREMIUM]",4.2,365,"V4JNMU9SB1","[PREMIUM]","[PREMIUM]","[PREMIUM]","[PREMIUM]","[PREMIUM]","TOPRATED",,,,,"[PREMIUM]","[PREMIUM]",25,"['Blind Spot Monitor','Lane Departure Warning','Power Tailgate','Keyless Ignition','Cloth Seats','USB Adapter','Rockford Fosgate Sound System']",7,"['Adaptive Cruise Control','Air Conditioning','All-Weather Floor Mats','Auto-Dimming Mirror','Automatic Headlights','Cargo Net','Cargo Tray','Clock','Cloth Upholstery','Collision Warning System','Compass','Downhill-Assist Control','EyeSight','Floor Mats','High Intensity Discharge Headlights','Integrated Garage Door Opener','Lane Keeping System','Panorama Sunroof','Rear Cross Traffic Alert','Rear Spoiler','Thermometer','Traction Control','Warranty']",23,"<ul><li>Blind Spot Detection W/Rcta &amp; Power Rear Gate</li><li>Panoramic Roof</li><li>Auto-Dimming Mirror W/Compass &amp; Homelink</li><li>Rockford Fosgate Speaker Upgrade</li><li>All-Weather Floor Liners</li><li>Cargo Tray</li><li>Led Upgrade</li><li>Lane Keeping Assist</li><li>Keyless Start</li><li>Cargo Net</li><li>Rear Spoiler</li><li>Gray, Premium Cloth Upholstery</li><li>Horizon Blue Pearl</li></ul><br /><br />This vehicle includes a Money-Back Guarantee* and passed our precise inspection process. Best of all the price you see is the price you pay. No haggling. No back and forth. No pressure. And this price is so good it is guaranteed. *Money-Back Guarantee is valid for 5 days or 250 miles, whichever comes first. Subject to certain terms and conditions. See store for details. Some restrictions apply. <br /><br />AUTONATION NISSAN MEMPHIS4140 HACKS CROSS RD.Home of the FREE 90 DAY/4000 Mile Pre-Owned WarrantyCALL AND SET AN APPOINTMENT TODAY! Collapse Expand Pause Play Do so much more with one vehicle. This Subaru Forester gives you everything you need an automobile to be. If you are looking for a vehicle with great styling, options and incredible fuel economy, look no further than this quality automobile. This Subaru Forester Premium is equipped with AWD for improved handling. Whether you're faced with inclement weather or just out enjoying the twisting back road, you'll have the grip of AWD on your side. One of the best things about this Subaru Forester is that it has low, low mileage. It's ready for you to truly break it in. Whether you buy from us or not, we will buy your car. Get a top dollar offer and a check the same day. We will buy any year, make or model. No purchase necessary. Call us to set up an appraisal appointment today. Interested in the vehicle above? Shop with peace of mind, the price you see here is the price you will pay in store. Plus, we will show you all the specials available before you buy!NISSAN MEMPHIS - CALL AND SET AN APPOINTMENT TODAY!<br /><br />","[PREMIUM]","[PREMIUM]",168,
"3C4NJDBN9RT110094LPN8W2O2E120260710","2026-09-03 02:38:27.516","2026-09-03 02:38:27.516","[PREMIUM]","[PREMIUM]","PX10753",2024,"Jeep","Compass","Latitude",,"SUV","White","Black","4 Cyl","2.0 L","4WD","Automatic","Gasoline",62402,"[PREMIUM]","[PREMIUM]",19670,"GOOD","Used",,,24,32,27,true,true,,,"['{""ownerNumber"":1,""purchaseDate"":""02/23/24"",""endOwnershipDate"":""06/30/26"",""city"":""Saint Louis"",""state"":""MO""}','{""ownerNumber"":2,""purchaseDate"":""08/13/26"",""endOwnershipDate"":""Present"",""city"":""Helena"",""state"":""MT""}']",6,25,1,"2026-07-10","ENHANCED","NEW",true,"[PREMIUM]","O Fallon","MO","63368","[PREMIUM]",4.7,1773,"LPN8W2O2E1","[PREMIUM]","[PREMIUM]","[PREMIUM]","[PREMIUM]","[PREMIUM]","TOPRATED",,,,,"[PREMIUM]","[PREMIUM]",25,"['Keyless Entry','Fog Lights','Spoiler','Bucket Seats','Alloy Wheels','17 Inch Wheels','Heated Mirrors','Satellite Radio','Cloth Seats','UConnect System']",10,"['2nd Row Split/Folding Seats','4-Wheel Disc Brakes','4-Wheel Independent Suspension','6 Speakers','AM/FM','Adjustable Steering Wheel','Air Conditioning','Airbags','Anti-Lock Brakes','Anti-Theft System','Armrest Storage','Automatic Headlights','Body Colored Bumpers','Braking Assist','Cloth Upholstery','Cruise Control','Delay-Off Headlights','Door Bin','Emergency Communication System','Front Airbags (Driver)','Front Airbags (Passenger)','Front Anti-Roll Bar','Front Bucket Seats','Front Center Armrest','Front Knee Airbags (Driver)','Front Side Airbags','Front Side Airbags (Driver)','Front Side Airbags (Passenger)','High-Beam Assist','Illuminated Entry','Intermittent Wipers','Leather Shift Knob Trim','Leather Steering Wheel','Overhead Airbag','Overhead Console','Panic Button','Passenger Sensing Airbag','Power Mirrors','Power Steering','Power Windows','Reading Lights','Rear Anti-Roll Bar','Rear Center Armrest','Rear Window Defroster','Rear Window Wiper','Rear-View Camera','Remote Keyless Entry','Smart Device Integration','Stability Control','Steering Wheel Controls','Tachometer','Telematics System','Thermometer','Tire Pressure Monitoring System','Touch-Screen Display','Traction Control','Trip Computer','Vanity Mirror/Light','Vinyl Seats']",59,"One owner, no accidents! This 2024 Jeep Compass Latitude in white delivers capable all-terrain performance combined with everyday practicality for drivers who refuse to compromise.<br /><br />- 2.0L I4 DOHC engine with 8-speed automatic transmission and 4WD capability<br />- Uconnect 5 infotainment system with 10.1"" touchscreen display<br />- SiriusXM satellite radio with 6 speakers<br />- ParkView rear backup camera for enhanced visibility<br />- Heated power door mirrors with auto high-beam headlights<br />- Split folding rear seat with front center armrest storage<br />- Leather steering wheel and shift knob<br />- Electronic Stability Control and traction control<br />- Four-wheel independent suspension with dual front and rear anti-roll bars<br />- Emergency communication system: Jeep Connect<br />- Multiple airbags including dual front impact, dual front side impact, knee, and overhead airbags<br />- 17"" aluminum alloy wheels<br />- Air conditioning, power windows, and remote keyless entry<br /><br />The Compass Latitude strikes a balance between rugged capability and refined comfort. Its 2.0L engine paired with four-wheel drive provides confidence on varied terrain, while the eight-speed automatic delivers efficient performance whether you're navigating city streets or highway driving. With an EPA rating of 24 mpg city and 32 mpg highway, this vehicle manages fuel consumption responsibly.<br /><br />Inside, the cabin reflects attention to driver comfort. The leather-appointed steering wheel and shift knob add touchpoints of quality, while the Uconnect 5 system with its expansive 10.1"" display keeps you connected with intuitive controls and smartphone integration. Heated mirrors ensure visibility in cold weather, and the split-folding rear seat adapts to your cargo needs with flexibility.<br /><br />Safety has been engineered throughout this model. The suite of airbags, including knee and overhead protection, works alongside Electronic Stability Control and a comprehensive braking system. The ParkView backup camera removes guesswork when reversing, while Jeep Connect provides emergency assistance when you need it most.<br /><br />The Quick Order Package 29J Latitude brings together well-considered features that matter in daily driving. Premium cloth and vinyl bucket seating, telescoping tilt steering, and trip computer functionality round out an experience designed for practical ownership.<br /><br />This 2024 Jeep Compass Latitude has been maintained and is ready to serve your transportation needs. Contact us to schedule a test drive and discover why this vehicle appeals to discerning buyers seeking reliability and capability combined.","[PREMIUM]","[PREMIUM]",167.7,
"3GNKBDR4XRS1697804DEYF3Y7F120260621","2026-09-03 02:38:27.437","2026-09-03 02:38:27.437","[PREMIUM]","[PREMIUM]","PC4731",2024,"Chevrolet","Blazer","LT3",,"SUV","Gray","Black","4 Cyl","2.0 L","FWD","Automatic","Gasoline",36246,"[PREMIUM]","[PREMIUM]",26330,,"Used",,,22,29,25,true,true,true,true,"['{""ownerNumber"":1,""purchaseDate"":""04/08/24"",""endOwnershipDate"":""05/21/26"",""city"":""Farmington"",""state"":""MI""}']",7,28,1,"2026-06-21","ENHANCED","NEW",true,"[PREMIUM]","Republic","MO","65738","[PREMIUM]",4.9,405,"4DEYF3Y7F1","[PREMIUM]","[PREMIUM]","[PREMIUM]","[PREMIUM]","[PREMIUM]","TOPRATED",,,,,"[PREMIUM]","[PREMIUM]",28,"['Driver Confidence Package','Keyless Entry','Spoiler','Leather Seats','Heated Seats','Roof Rails','Power Liftgate','Blind Spot Monitor','18 Inch Wheels','Alloy Wheels']",10,"['2nd Row Split/Folding Seats','4-Wheel Disc Brakes','4-Wheel Independent Suspension','6 Speakers','AM/FM','Adjustable Seats','Adjustable Steering Wheel','Air Conditioning','Android Auto','Anti-Lock Brakes','Anti-Theft System','Apple Carplay','Auto Climate Control','Auto-Dimming Mirror','Automatic Headlights','Body Colored Bumpers','Braking Assist','Color Coded Mirrors','Compass','Confidence Package','Cruise Control','Delay-Off Headlights','Door Bin','Driver Adjustable Lumbar','Dual-Zone Climate Control','Emergency Communication System','Front Airbags (Driver)','Front Airbags (Passenger)','Front Anti-Roll Bar','Front Bucket Seats','Front Center Armrest','Front Knee Airbags (Driver)','Front Side Airbags (Driver)','Front Side Airbags (Passenger)','Heated Mirrors','High-Beam Assist','Illuminated Entry','Infotainment 3 Plus System','Integrated Garage Door Opener','Intermittent Wipers','Lane Departure Warning','Leather Shift Knob Trim','Leather Steering Wheel','Leather Trimmed Interior','Leather Trimmed Seats','Overhead Airbag','Overhead Console','Panic Button','Passenger Sensing Airbag','Perforated Seats','Power Mirrors','Power Seat (Dual)','Power Steering','Power Windows','Premium Sound System','Radio Data System','Reading Lights','Rear Anti-Roll Bar','Rear Center Armrest','Rear Cross Traffic Alert','Rear Window Defroster','Rear Window Wiper','Remote Keyless Entry','Satellite Radio','Speed-Sensing Steering','Stability Control','Steering Wheel Controls','Tachometer','Thermometer','Tire Pressure Monitoring System','Traction Control','Trip Computer','Turn Signal Mirrors','Vanity Mirror/Light']",74,"Clean CARFAX. CARFAX One-Owner. Sterling Gray Metallic 2024 Chevrolet Blazer 3LT 9-Speed Automatic with Overdrive 2.0L Turbocharged FWD Blazer 3LT, 4D Sport Utility, 2.0L Turbocharged, 9-Speed Automatic with Overdrive, FWD, Sterling Gray Metallic, Black Leather, 170 Amp Alternator, 4-Wheel Disc Brakes, 6-Speaker Audio System Feature, 6-Way Power Front Passenger Seat Adjuster, 8-Way Power Driver Seat Adjuster, ABS brakes, Air Conditioning, Alloy wheels, AM/FM radio: SiriusXM with 360L, Apple CarPlay/Android Auto, Auto High-beam Headlights, Auto-dimming door mirrors, Auto-dimming Rear-View mirror, Automatic temperature control, Brake assist, Compass, Driver Confidence Package, Dual front impact airbags, Dual front side impact airbags, Electronic Stability Control, Emergency communication system: OnStar and Chevrolet connected services capable, Front Bucket Seats, Front dual zone A/C, Fully automatic headlights, Heated door mirrors, Heated Driver &amp; Front Passenger Seats, Heated front seats, Illuminated entry, Knee airbag, Lane Change Alert w/Side Blind Zone Alert, Low tire pressure warning, Occupant sensing airbag, Outside Heated Power-Adjustable Body-Color Mirrors, Overhead airbag, Panic alarm, Perforated Leather-Appointed Seat Trim, Power door mirrors, Power Liftgate, Power passenger seat, Premium audio system: Chevrolet Infotainment 3 Plus, Radio: Chevrolet Infotainment 3 Plus System, Rear Cross Traffic Alert, Remote keyless entry, Ride &amp; Handling Suspension, Security system, SiriusXM w/360L, Speed control, Steering wheel mounted audio controls, Traction control, Turn signal indicator mirrors, Universal Home Remote, Variably intermittent wipers, Wheels: 18"" Grazen Metallic Aluminum.<br /><br />Ask about 20% off select maintenance at our Republic Location! 22/29 City/Highway MPG","[PREMIUM]","[PREMIUM]",167.7,
"1C4RJKAGXR8517557295YFZ29C120260407","2026-09-03 02:38:27.435","2026-09-03 02:38:27.435","[PREMIUM]","[PREMIUM]","517557",2024,"Jeep","Grand Cherokee L","Altitude",,"SUV","Black","Black","6 Cyl","3.6 L","4WD","Automatic","Gasoline",57963,"[PREMIUM]","[PREMIUM]",29000,"FAIR","Used",,,18,25,21,true,true,,true,"['{""ownerNumber"":1,""purchaseDate"":""12/20/23"",""endOwnershipDate"":""02/10/26"",""city"":""Lincoln"",""state"":""NE""}']",3,36,0,"2026-04-07","ENHANCED","NEW",true,"[PREMIUM]","Fairfield","IL","62837","[PREMIUM]",4.9,65,"295YFZ29C1","[PREMIUM]","[PREMIUM]","[PREMIUM]","[PREMIUM]","[PREMIUM]","TOPRATED","GREAT","AVERAGE","LOW",460,"[PREMIUM]","[PREMIUM]",36,"['Remote Start','Keyless Entry','Leather Seats','Heated Seats','Heated Steering Wheel','Power Liftgate','Blind Spot Monitor','Smart Key','Third Row Seating','Keyless Ignition']",10,"['115V Power Outlet','2nd Row Bench Seat','AM/FM','Adaptive Cruise Control','Adjustable Lumbar Support','Air Conditioning','Altitude Appearance Package','Android Auto','Anti-Theft System','Apple Carplay','Braking Assist','Collision Warning System','Cross Traffic Alert','Digital Instrument Cluster','Dual-Zone Climate Control','Engine Immobilizer','Handsfree/Bluetooth Integration','Hill Assist System','Leather Trimmed Seats','Leatherette Seats','Pedestrian Alert System','Power Seat (Dual)','Rain-Sensing Wipers','Rear A/C Controls','Rear Window Wiper','Rear-View Camera','SOS Post-Crash Alert System','Smart Device Integration','Split/Folding Seats','Stability Control','Steering Wheel Controls','Stop and Go Assist','Telematics System','Tire Pressure Monitoring System','Touch-Screen Display','Trailer Stability Assist','USB Adapter','Uconnect System','Voice-Activated Command System','Wi-Fi Hotspot','Wireless Phone Charger']",41,"<b>Equipment</b><br />See what's behind you with the back up camera on this mid-size suv. Start the Jeep Grand Cherokee L from inside with remote start. This unit features a hands-free Bluetooth phone system. Apple CarPlay: Seamless smartphone integration for this mid-size suv - stay connected and entertained on the go! This vehicle's Forward Collision Warning system alerts the driver to potential front-end collisions, enhancing safety. This Jeep Grand Cherokee L has a clean CARFAX vehicle history report. The leather seats in this Jeep Grand Cherokee L are a must for buyers looking for comfort, durability, and style. It offers Android Auto for seamless smartphone integration. Good News! This certified CARFAX 1-owner vehicle has only had one owner before you. This Jeep Grand Cherokee L is pure luxury with a heated steering wheel. It has auto-adjust speed for safe following. This 2024 Jeep Grand Cherokee L has a V6, 3.6L high output engine.<br /><br /><b>Packages</b><br />Quick Order Package 23B Altitude: Selectable Tire Fill Alert, Remote Start System, Rain Sensitive Windshield Wipers, Wireless Charging Pad, Heated Front Seats, Altitude Appearance Package, Black Headliner, Delete Laredo Badge, 3rd Row Charge-Only USB Ports, 115V Auxiliary Power Outlet, Gloss Black Exterior Accents, Capri Leatherette/suede Seats, Heated Steering Wheel, Power Liftgate, 18"" X 8.0"" Fully Painted Aluminum 1 Wheels. 2nd Row 60/40 Bench with Manual Tip/slide. Diamond Black Crystal PC. **Equipment listed is based on original vehicle build and subject to change. Please confirm the accuracy of the included equipment by calling the dealer prior to purchase.**","[PREMIUM]","[PREMIUM]",168,
"3MVDMBBM7RM604851USYDN4USQX20260801","2026-09-03 02:38:27.413","2026-09-03 02:38:27.413","[PREMIUM]","[PREMIUM]","313P26",2024,"Mazda","CX-30","S","Select Sport","SUV","Red","Black","4 Cyl","2.5 L","AWD","Automatic","Gasoline",34880,"[PREMIUM]","[PREMIUM]",22880,,"Used",,,26,33,29,true,true,true,true,"['{""ownerNumber"":1,""purchaseDate"":""11/29/23"",""endOwnershipDate"":""06/29/26"",""city"":""North Miami Beach"",""state"":""FL""}']",11,16,1,"2026-08-01","ENHANCED","NEW",true,"[PREMIUM]","Bowling Green","KY","42104","[PREMIUM]",4.7,755,"USYDN4USQX","[PREMIUM]","[PREMIUM]","[PREMIUM]","[PREMIUM]","[PREMIUM]","TOPRATED",,,,,"[PREMIUM]","[PREMIUM]",16,"['Led Lights','Heated Mirrors','Satellite Radio','Black Grille','Steel Wheels','Side Airbag','Keyless Ignition','Independent Suspension','Rear Bench Seat','Compact Spare Tire']",10,"['10 Airbags','3-Point Seat Belts','4-Wheel Disc Brakes','5-Passenger Seating','AM/FM','Adjustable Headrests','Air Conditioning','Air Filtration','Airbags','Antenna','Anti-Lock Brakes','Auto Climate Control','Automatic Headlights','Beverage Holder','Body Colored Bumpers','Body Colored Door Handles','Body Side Moldings','Braking Assist','Cargo Area Light','Chrome Front Grill','Daytime Running Lights','Delay-Off Headlights','Door Bin','Dual-Zone Climate Control','Electric Parking Brake','Floor Mats','Front Airbags (Driver)','Front Airbags (Passenger)','Front Anti-Roll Bar','Front Bucket Seats','Front Headrests','Front Knee Airbags (Driver)','Front Side Airbags','Front Ventilated Disc Brakes','Glove Box','Handsfree/Bluetooth Integration','Illuminated Entry','LED Lights - High Beam','LED Lights - Low Beam','LED Tail Lights','Leatherette Dash Trim','Leatherette Door Trim','Leatherette Seats','Mazda Connect','Metal-Look Dash Trim','Metal-Look Door Trim','Metal-Look Shift Knob Trim','Overhead Airbag','Overhead Console','Passenger Sensing Airbag','Power Mirrors','Power Steering','Radio Data System','Rear Headrests','Rear Side Airbags','Rear Spoiler','Rear Stabilizer Bar','Seat Belt Pretensioners','Semi-Independent Suspension','Side Impact Door Beam','Speed Sensitive Volume Control','Speed-Sensing Steering','Split/Folding Seats','Stability Control','Steering Wheel Controls','Super Ultra Low Emissions Vehicle','Telematics System','Traction Control','Vanity Mirror/Light','Voice-Activated Command System']",70,,"[PREMIUM]","[PREMIUM]",167.7,
"3GNAXMEG1RL128283JCMIJLWWM120260902","2026-09-03 00:38:26.900","2026-09-03 00:38:26.900","[PREMIUM]","[PREMIUM]","75072A",2024,"Chevrolet","Equinox","RS",,"SUV","Brown","Black","4 Cyl","1.5 L","FWD","Automatic","Gasoline",51824,"[PREMIUM]","[PREMIUM]",25100,"GOOD","Used",,,26,31,28,true,true,true,true,"['{""ownerNumber"":1,""purchaseDate"":""09/08/23"",""endOwnershipDate"":""Present"",""city"":""Evansville"",""state"":""IN""}']",10,4,0,"2026-09-02","ENHANCED","NEW",true,"[PREMIUM]","Evansville","IN","47715","[PREMIUM]",,,"JCMIJLWWM1","[PREMIUM]","[PREMIUM]","[PREMIUM]","[PREMIUM]","[PREMIUM]","TOPRATED",,,,,"[PREMIUM]","[PREMIUM]",4,"['Infotainment Package','Preferred Equipment Package','Advanced Safety Package','Heated Seats','Heated Steering Wheel','Power Liftgate','19 Inch Wheels','Alloy Wheels','Heated Mirrors','Satellite Radio']",10,"['120V Power Outlet','6 Speakers','AM/FM','Adaptive Cruise Control','Adjustable Seats','Air Conditioning','All-Season Tires','All-Weather Floor Mats','Anti-Lock Brakes','Auto Climate Control','Braking Assist','Cloth Seats','Driver Adjustable Lumbar','Dual-Zone Climate Control','Emergency Communication System','Floor Liner Package','Front Airbags (Driver)','Front Airbags (Passenger)','Front Bucket Seats','Front Center Armrest','Handsfree/Bluetooth Integration','Infotainment 3 Plus System','Memory Card Slot','OnStar Communication System','Power Mirrors','Power Seat (Dual)','Power Sun/Moonroof','Rear USB Adapter','Rear-View Camera','Side Airbags','Side and Top View Camera','Stability Control','Traction Control','USB Adapter']",34,"Meet the 2024 Chevrolet Equinox RS, a refined compact SUV that combines practical design with modern convenience. With just over 51,000 miles, this Brown beauty delivers strong fuel efficiency at 26 city and 31 highway MPG, making it an excellent choice for both daily commutes and weekend adventures. The 1.5L DOHC engine paired with a 6-speed automatic transmission provides responsive performance and reliability.This Equinox RS comes equipped with impressive features that enhance your driving experience:- Power Sunroof- Chevrolet Infotainment 3 Plus System with Radio- Adaptive Cruise Control- Advanced Safety Package- Outside Heated Power-Adjustable Mirrors- Heated Steering Wheel- HD Surround Vision- Heated Driver and Front Passenger Seats- All-Weather Floor Liners- 19 Aluminum WheelsThe cabin showcases Premium Cloth Seat Trim with front bucket seats and a front center armrest for added comfort. The driver enjoys an 8-way power seat with lumbar control, while both front passengers benefit from heated seats during colder months. Dual-zone automatic temperature control keeps everyone comfortable, and the power liftgate makes loading and unloading effortless.Safety is prioritized with dual front and side impact airbags, electronic stability control, traction control, ABS brakes, and brake assist. The OnStar emergency communication system and Chevrolet connected services provide peace of mind on every journey.This well-maintained Equinox RS is ready to become your trusted daily driver. Visit our showroom today to experience its comfort, efficiency, and capability firsthand.","[PREMIUM]","[PREMIUM]",168,
"KL77LHE20RC108898ZY9TVKLDB120260811","2026-09-03 00:38:26.829","2026-09-03 00:38:26.829","[PREMIUM]","[PREMIUM]","260889B",2024,"Chevrolet","Trax","LT",,"SUV","White",,"3 Cyl","1.2 L","FWD","Automatic","Gasoline",25638,"[PREMIUM]","[PREMIUM]",22710,"GOOD","Used",,,28,32,30,true,,true,true,"['{""ownerNumber"":1,""purchaseDate"":""11/09/23"",""endOwnershipDate"":""08/11/26"",""city"":""Center Ridge"",""state"":""AR""}']",0,10,1,"2026-08-11","ENHANCED","NEW",true,"[PREMIUM]","Conway","AR","72032","[PREMIUM]",4.7,13,"ZY9TVKLDB1","[PREMIUM]","[PREMIUM]","[PREMIUM]","[PREMIUM]","[PREMIUM]","ADVANTAGE",,,,,"[PREMIUM]","[PREMIUM]",10,"['Convenience Package','Driver Confidence Package','Remote Start','Keyless Entry','Cargo Cover','Roof Rails','Tinted Windows','Folding Mirrors','Led Lights','Lane Departure Warning']",10,"['12V Power Outlet','2nd Row Split/Folding Seats','3-Point Seat Belts','4-Passenger Seating','6 Speakers','AM/FM','Adjustable Headrests','Adjustable Seats','Adjustable Steering Wheel','Air Conditioning','Air Filtration','Airbag Deactivation (Passenger)','Android Auto','Antenna','Anti-Lock Brakes','Anti-Theft System','Apple Carplay','Armrest Storage','Auto Climate Control','Auto-Dimming Mirror','Automatic Headlights','Aux Audio Adapter','Black Grille','Body Colored Bumpers','Body Colored Door Trim','Body Side Moldings','Braking Assist','Capless Fuel Filler System','Cargo Area Light','Cargo Area Tie Downs','Cargo Area Under Floor','Center Console','Chevrolet Infotainment System','Child Safety Locks','Child Seat Anchors','Chrome Trimmed Interior','Clock','Cloth Upholstery','Collision Warning System','Color Coded Mirrors','Compact Spare Tire','Compass','Confidence Package','Cruise Control','Cup Holder','Daytime Running Lights','Digital Instrument Cluster','Door Pockets','Electric Parking Brake','Electronic Brake Force Distribution','Electronic Messaging Assistance','Engine Immobilizer','Floor Mats','Front Airbags (Driver)','Front Airbags (Passenger)','Front Headrests','Front Side Airbags','Front Stabilizer Bar','Fuel Data Display','Handsfree/Bluetooth Integration','High-Beam Assist','Hill Assist System','Humidity Sensor','Independent Suspension','Integrated Cell Phone','Intermittent Wipers','Keyless Ignition','LED Tail Lights','Lane Keeping System','Low Fuel Level Indicator','Maintenance Free Battery','OnStar Communication System','One-Touch Power Windows','Overhead Console','Panic Button','Parking Assist System','Pedestrian Alert System','Power Locks','Power Mirrors','Power Steering','Radio Data System','Reading Lights','Rear Air Ducts','Rear Bench Seat','Rear Headrests','Rear Privacy Glass','Rear Seat Reminder','Rear Spoiler','Rear Stabilizer Bar','Rear Window Defroster','Rear Window Wiper','Rear-View Camera','Remote Keyless Entry','Remote Trunk Release','Satellite Radio','Seat Belt Pretensioners','Seat Belt Warning System','Semi-Independent Suspension','Side Curtain Airbags','Smart Device Integration','Speed Sensitive Volume Control','Split/Folding Seats','Stability Control','Start-Stop System','Steel Spare Wheel Rim','Steering Wheel Controls','Tachometer','Telematics System','Thermometer','Tire Pressure Monitoring System','Torsion Bar Suspension','Touch-Screen Display','Traction Control','Trip Odometer','USB Adapter','Urethane Shift Knob Trim','Urethane Steering Wheel Trim','Vanity Mirror/Light','Ventilated Disc Brakes','Voice-Activated Command System']",120,,"[PREMIUM]","[PREMIUM]",168.2,
"KL77LGE26RC090983RRDA8GSS4120260902","2026-09-03 00:38:26.786","2026-09-03 00:38:26.786","[PREMIUM]","[PREMIUM]","V631301",2024,"Chevrolet","Trax","RS","1RS","SUV","White","Black","3 Cyl","1.2 L","FWD","Automatic","Gasoline",30876,"[PREMIUM]","[PREMIUM]",22160,"GOOD","Used",,,28,32,30,true,true,true,true,"['{""ownerNumber"":1,""purchaseDate"":""10/12/23"",""endOwnershipDate"":""Present"",""city"":""Ballwin"",""state"":""MO""}']",11,18,0,"2026-09-02","ENHANCED","NEW",true,"[PREMIUM]","Ballwin","MO","63011","[PREMIUM]",,,"RRDA8GSS41","[PREMIUM]","[PREMIUM]","[PREMIUM]","[PREMIUM]","[PREMIUM]","TOPRATED",,,,,"[PREMIUM]","[PREMIUM]",18,"['Preferred Equipment Package','Remote Start','Heated Seats','Heated Steering Wheel','Bucket Seats','18 Inch Wheels','Alloy Wheels','Lane Departure Warning','Heated Mirrors','Tow Hooks']",10,"['4-Wheel Disc Brakes','5-Passenger Seating','AM/FM','Adjustable Steering Wheel','Air Conditioning','Anti-Lock Brakes','Anti-Theft System','Automatic Headlights','Aux Audio Adapter','Chevrolet Infotainment System','Cloth Seats','Collision Warning System','Compact Spare Tire','Cruise Control','Daytime Running Lights','Engine Immobilizer','Floor Mats','Front Airbags (Driver)','Front Airbags (Passenger)','Front Bucket Seats','Front Head Airbag','Front Side Airbags (Driver)','Handsfree/Bluetooth Integration','High Performance Tires','Intermittent Wipers','Lane Keeping System','Pass-Through Rear Seat','Passenger Sensing Airbag','Power Locks','Power Mirrors','Power Steering','Power Windows','Privacy Glass','Rear Bench Seat','Rear Head Airbags','Rear Side Airbags','Rear Spoiler','Rear Window Defroster','Rear-View Camera','Smart Device Integration','Stability Control','Steering Wheel Controls','Telematics System','Tire Pressure Monitoring System','Touch-Screen Display','Traction Control','Vanity Mirror/Light','Voice-Activated Command System','Wi-Fi Hotspot']",49,,"[PREMIUM]","[PREMIUM]",168,
"5N1DR3AA8RC299342N7N1AFVFS120260823","2026-09-03 00:38:26.760","2026-09-03 00:38:26.760","[PREMIUM]","[PREMIUM]","267645",2024,"Nissan","Pathfinder","S",,"SUV","Black","Gray","6 Cyl","3.5 L","FWD","Automatic","Gasoline",23518,"[PREMIUM]","[PREMIUM]",28790,"GOOD","Used",,,20,27,23,true,true,true,true,"['{""ownerNumber"":1,""purchaseDate"":""08/01/25"",""endOwnershipDate"":""08/07/26"",""city"":""Winchester"",""state"":""TN""}']",2,34,0,"2026-08-23","ENHANCED","NEW",true,"[PREMIUM]","Herculaneum","MO","63048","[PREMIUM]",4.6,1986,"N7N1AFVFS1","[PREMIUM]","[PREMIUM]","[PREMIUM]","[PREMIUM]","[PREMIUM]","TOPRATED","GREAT","AVERAGE","LOW",320,"[PREMIUM]","[PREMIUM]",34,"['Keyless Entry','Blind Spot Monitor','18 Inch Wheels','Alloy Wheels','Splash Guards','Third Row Seating','Rear Air Conditioning','Nissanconnect','Cloth Seats']",9,"['2nd Row Split/Folding Seats','3rd Row Bench Seat','Adjustable Steering Wheel','Air Conditioning','Airbags','Anti-Lock Brakes','Auto Climate Control','Automatic Headlights','Body Colored Bumpers','Dual-Zone Climate Control','Floor Mats','High-Beam Assist','Rear Parking Sensors','Remote Keyless Entry','Stability Control','Steering Wheel Controls','Telematics System','Traction Control']",18,"We are 15 minutes south of St. Louis. Everyone leaves happy!This 2024 Nissan Pathfinder S is a well-equipped three-row family SUV ready for your next adventure. With a robust 3.5L V6 engine paired with a 9-speed automatic transmission, this Black beauty delivers reliable performance and solid fuel efficiency at 20 city and 27 highway MPG. Well below average mileage at just over 23,500 miles, this Pathfinder has been lightly used and is prepared to serve you for years ahead.**Key Features:**- Remote keyless entry and steering wheel-mounted audio controls- Blind Spot Warning and Rear Parking Sensors for added safety- Auto High-beam Headlights with fully automatic operation- NissanConnect with Apple CarPlay and Android Auto compatibility- Front dual-zone automatic climate control with rear air conditioning- Three-row seating configuration with reclining third-row bench- 18 alloy wheels and body-color bumpers- Electronic Stability Control and four-wheel independent suspensionThis Pathfinder is loaded with practical touches including carpeted floor mats and black splash guards, plus comprehensive safety features like multiple airbags, ABS brakes, and traction control. The spacious interior with split-folding rear seats makes cargo versatility simple, while the comfortable cloth seating surfaces and tilting steering wheel ensure pleasant drives for all occupants. Come experience this capable family hauler in person and discover why it's the perfect fit for your lifestyle.","[PREMIUM]","[PREMIUM]",170,
"3GNAXUEG5RL352561FLOWQMT00120260508","2026-09-03 00:38:26.738","2026-09-03 00:38:26.738","[PREMIUM]","[PREMIUM]","P865",2024,"Chevrolet","Equinox","LT",,"SUV","Black","Black","4 Cyl","1.5 L","AWD","Automatic","Gasoline",56241,"[PREMIUM]","[PREMIUM]",21990,"GREAT","Used",,,24,30,26,,true,,true,"['{""ownerNumber"":1,""purchaseDate"":""06/27/24"",""endOwnershipDate"":""04/01/26"",""city"":""Linthicum Heights"",""state"":""MD""}']",5,31,0,"2026-05-08","ENHANCED","NEW",true,"[PREMIUM]","Tuscaloosa","AL","35405","[PREMIUM]",4.5,720,"FLOWQMT001","[PREMIUM]","[PREMIUM]","[PREMIUM]","[PREMIUM]","[PREMIUM]","TOPRATED",,,,,"[PREMIUM]","[PREMIUM]",31,"['Preferred Equipment Package','Remote Start','Keyless Entry','Heated Seats','Power Liftgate','Blind Spot Monitor','Smart Key','Led Lights','Lane Departure Warning','Keyless Ignition']",10,"['Active Noise Cancellation','Adjustable Lumbar Support','Adjustable Seats','Adjustable Steering Wheel','Air Conditioning','Auto Climate Control','Automatic Headlights','Braking Assist','Child Safety Locks','Chrome Bumpers','Collision Warning System','Cruise Control','Daytime Running Lights','Digital Instrument Cluster','Dual-Zone Climate Control','Engine Immobilizer','Following Distance Indicator','Front Parking Sensors','Handsfree/Bluetooth Integration','High-Beam Assist','Hill Assist System','Lane Keeping System','Parking Assist System','Pedestrian Alert System','Power Seat (Dual)','Rear Cross Traffic Alert','Rear Parking Sensors','Rear Seat Reminder','Rear Window Wiper','Rear-View Camera','SOS Post-Crash Alert System','Stability Control','Start-Stop System','Steering Wheel Controls','Telematics System','Touch-Screen Display','Trailer Stability Assist','Wi-Fi Hotspot']",38,"<b>Vehicle Details</b><br />2024 Chevrolet Equinox LT AWD - ready now in Tuscaloosa, AL. This stylish SUV pairs confident all-wheel drive with a responsive 4-cylinder 1.5L gasoline engine, delivering a balanced blend of performance and everyday practicality. Well-equipped for modern driving, the Chevrolet Equinox LT includes Rear Parking Sensors and a Back-Up Camera to make parking and low-speed maneuvers easier and safer. Stay comfortable with Automatic Climate Control that maintains your preferred cabin temperature on every trip. Lane Departure Warning adds a layer of safety by helping you stay centered in your lane during highway drives. This particular vehicle is a CARFAX 1-Owner, reflecting its single-owner history and documented care. Inside, you'll find a thoughtfully designed interior with versatile cargo space and convenient features for daily commuting or weekend adventures. Exterior styling is crisp and contemporary, with eye-catching lines and a confident stance on the road. Routine maintenance has been performed to keep this Chevrolet Equinox in solid condition, and its features make it a great choice for families or drivers who value safety and convenience. Located in Tuscaloosa, AL, this 2024 Chevrolet Equinox LT AWD is available for inspection and test drives. Contact us to schedule your appointment and see why this SUV is a smart choice for your next vehicle.<br /><br /><b>Equipment</b><br />Bluetooth technology is built into this unit, keeping your hands on the steering wheel and your focus on the road. This Chevrolet Equinox's Lane Departure Warning keeps you safe by alerting you when you drift from your lane. The rear parking assist technology on this model will put you at ease when reversing. The system alerts you as you get closer to an obstruction. Never get into a cold vehicle again with the remote start feature on this mid-size suv. Lane Keep Assist in it helps maintain safe driving by gently steering to stay within the lane. This vehicle is a certified CARFAX 1-owner. Protect this 2024 Chevrolet Equinox from unwanted accidents with a cutting edge backup camera system. This vehicle keeps you comfortable with Auto Climate. Enjoy the convenience of the power liftgate on this 2024 Chevrolet Equinox . Maintaining a stable interior temperature in the Chevrolet Equinox is easy with the climate control system.<br /><br /><b>Packages</b><br />Preferred Equipment Group 1LT. Front License Plate Mounting Package. **Equipment listed is based on original vehicle build and subject to change. Please confirm the accuracy of the included equipment by calling the dealer prior to purchase.**","[PREMIUM]","[PREMIUM]",168.5,
"JN8BT3DCXRW380162HOIZ6WY00120260726","2026-09-03 00:38:26.732","2026-09-03 00:38:26.732","[PREMIUM]","[PREMIUM]","22503A",2024,"Nissan","Rogue","Platinum",,"SUV","Gray","Black","3 Cyl","1.5 L","FWD","Automatic","Gasoline",62546,"[PREMIUM]","[PREMIUM]",27630,"GOOD","Used",,,30,37,33,true,true,true,true,"['{""ownerNumber"":1,""purchaseDate"":""04/13/24"",""endOwnershipDate"":""07/26/26"",""city"":""New Market"",""state"":""AL""}']",13,23,0,"2026-07-26","ENHANCED","NEW",true,"[PREMIUM]","Huntsville","AL","35816","[PREMIUM]",3.4,12,"HOIZ6WY001","[PREMIUM]","[PREMIUM]","[PREMIUM]","[PREMIUM]","[PREMIUM]","ADVANTAGE",,,,,"[PREMIUM]","[PREMIUM]",23,"['Navigation System','Keyless Entry','Spoiler','Leather Seats','Heated Seats','Heated Steering Wheel','Roof Rails','Power Liftgate','19 Inch Wheels','Alloy Wheels']",10,"['10 Speakers','2nd Row Split/Folding Seats','4-Wheel Disc Brakes','4-Wheel Independent Suspension','AM/FM','Adjustable Steering Wheel','Air Conditioning','Android Auto','Anti-Lock Brakes','Anti-Theft System','Apple Carplay','Auto Climate Control','Auto-Dimming Mirror','Automatic Headlights','Body Colored Bumpers','Bose Sound System','Braking Assist','Cruise Control','Delay-Off Headlights','Door Bin','Emergency Communication System','First Aid Kit','Floor Mats','Front Airbags (Driver)','Front Airbags (Passenger)','Front Anti-Roll Bar','Front Bucket Seats','Front Center Armrest','Front Knee Airbags (Driver)','Front Side Airbags (Driver)','Front Side Airbags (Passenger)','Handsfree Power Liftgate','Head-Up Display','Heated Mirrors','High-Beam Assist','Illuminated Entry','Intermittent Wipers','Leather Steering Wheel','Leather Trimmed Seats','NissanConnect','Overhead Airbag','Overhead Console','Panic Button','Passenger Sensing Airbag','Platinum Premium Package','Power Mirrors','Power Seat (Dual)','Power Steering','Power Sun/Moonroof','Power Windows','Radio Data System','Reading Lights','Rear Anti-Roll Bar','Rear Center Armrest','Rear Heated Seats','Rear Side Airbags','Rear Window Defroster','Rear Window Wiper','Remote Keyless Entry','Roof Rail Crossbars','Satellite Radio','Seat Memory','Splash Guards','Stability Control','Steering Wheel Controls','Tachometer','Telematics System','Thermometer','Three-Zone Climate Control','Tire Pressure Monitoring System','Traction Control','Trip Computer','Turn Signal Mirrors','Vanity Mirror/Light']",74,"This 2024 Nissan Rogue is equipped with Platinum Premium Package (Head-Up Display, Motion-Activated Power Liftgate, Rear Door Sunshades, Rear Heated Seats, and Tri-Zone Automatic Temperature Control), Navigation system: NissanConnect with Navigation and Services, 10 Speakers, 4-Wheel Disc Brakes, 5.676 Axle Ratio, ABS brakes, Air Conditioning, Alloy wheels, AM/FM radio: SiriusXM w/360L, Auto High-beam Headlights, Auto-dimming Rear-View mirror, Automatic temperature control, Bose Premium Audio System, Brake assist, Bumpers: body-color, Chrome Rear Bumper Protector, Delay-off headlights, Driver door bin, Driver vanity mirror, Dual front impact airbags, Dual front side impact airbags, Electronic Stability Control, Emergency communication system: NissanConnect Services, First Aid Kit, Floor Mats w/2-Piece Cargo Area Protector, Four wheel independent suspension, Frameless Rearview Mirror w/Universal Remote, Front anti-roll bar, Front Bucket Seats, Front Center Armrest, Front dual zone A/C, Front reading lights, Fully automatic headlights, Heated door mirrors, Heated Front Bucket Seats, Heated front seats, Heated steering wheel, Illuminated entry, Illuminated Kick Plates, Knee airbag, Leather steering wheel, Low tire pressure warning, Memory seat, NissanConnect featuring Apple CarPlay and Android Auto, Occupant sensing airbag, Outside temperature display, Overhead airbag, Overhead console, Panic alarm, Passenger door bin, Passenger vanity mirror, Power door mirrors, Power driver seat, Power Liftgate, Power moonroof, Power passenger seat, Power steering, Power windows, Quilted Semi-Aniline Leather-Appointed Seat Trim, Radio data system, Radio: AM/FM NissanConnect w/Navigation, Rear anti-roll bar, Rear reading lights, Rear seat center armrest, Rear side impact airbag, Rear window defroster, Rear window wiper, Remote keyless entry, Roof Rail Cross Bars, Security system, Speed control, Speed-Sensitive Wipers, Splash Guards (Black - Set of 4), Split folding rear seat, Spoiler, Steering wheel mounted audio controls, Tachometer, Telescoping steering wheel, Tilt steering wheel, Traction control, Trip computer, Turn signal indicator mirrors, Variably intermittent wipers, and Wheels: 19"" Unique Dark Painted Aluminum Alloy.","[PREMIUM]","[PREMIUM]",168,
"3CZRZ2H79RM7554362GP8LM100120260826","2026-09-03 00:38:26.724","2026-09-03 00:38:26.724","[PREMIUM]","[PREMIUM]","37870B1",2024,"Honda","HR-V","EX-L",,"SUV","White","Black","4 Cyl","2.0 L","AWD","Automatic","Gasoline",23044,"[PREMIUM]","[PREMIUM]",29520,"FAIR","Used",,,25,30,27,true,true,true,,"['{""ownerNumber"":1,""purchaseDate"":""01/19/24"",""endOwnershipDate"":""10/02/25"",""city"":""Brandon"",""state"":""MS""}','{""ownerNumber"":2,""purchaseDate"":""12/03/25"",""endOwnershipDate"":""08/26/26"",""city"":""Union"",""state"":""MS""}']",8,27,0,"2026-08-26","ENHANCED","NEW",true,"[PREMIUM]","Brandon","MS","39042","[PREMIUM]",4.7,1753,"2GP8LM1001","[PREMIUM]","[PREMIUM]","[PREMIUM]","[PREMIUM]","[PREMIUM]","TOPRATED","GREAT","AVERAGE","LOW",460,"[PREMIUM]","[PREMIUM]",27,"['Keyless Entry','Spoiler','Leather Seats','Heated Seats','Alloy Wheels','17 Inch Wheels','Heated Mirrors','Satellite Radio','Hondalink']",9,"['2nd Row Split/Folding Seats','4-Wheel Disc Brakes','4-Wheel Independent Suspension','8 Speakers','AM/FM','Adaptive Cruise Control','Adjustable Steering Wheel','Air Conditioning','Android Auto','Anti-Lock Brakes','Anti-Theft System','Apple Carplay','Auto Climate Control','Auto-Dimming Mirror','Automatic Headlights','Body Colored Bumpers','Braking Assist','Compass','Delay-Off Headlights','Door Bin','Dual-Zone Climate Control','Emergency Communication System','Front Airbags (Driver)','Front Airbags (Passenger)','Front Anti-Roll Bar','Front Bucket Seats','Front Center Armrest','Front Knee Airbags (Driver)','Front Side Airbags (Driver)','Front Side Airbags (Passenger)','High-Beam Assist','Illuminated Entry','Intermittent Wipers','Leather Shift Knob Trim','Leather Steering Wheel','Leather Trimmed Interior','Leather Trimmed Seats','Overhead Airbag','Panic Button','Passenger Sensing Airbag','Power Mirrors','Power Seat (Dual)','Power Steering','Power Sun/Moonroof','Power Windows','Radio Data System','Reading Lights','Rear Anti-Roll Bar','Rear Side Airbags','Rear Window Defroster','Rear Window Wiper','Rear-View Camera','Remote Keyless Entry','Speed-Sensing Steering','Stability Control','Steering Wheel Controls','Tachometer','Telematics System','Thermometer','Tire Pressure Monitoring System','Traction Control','Trip Computer','Turn Signal Mirrors','Vanity Mirror/Light']",64,"2024 Honda HR-V Platinum White EX-L 4D Sport Utility 2.0L I4 DOHC 16V i-VTEC AWD CVT Honda Dealer Serving Jackson MS, Financing Is Available For Everyone.<br /><br />This vehicle has been through an extensive multi-point inspection by an ASE Certified Technician. All necessary services have been done for the appropriate mileage interval as deemed necessary. We have also reconditioned this vehicle inside and out to provide you with as near a new car experience as can be expected from a vehicle of this year and mileage. Buy with confidence. Family-owned &amp; operated. Get Pre-Approved at<br /><br />https://www.bobboytehonda.com/get-pre-qualified.html<br /><br />Free Vehicle History report. Large Metro Jackson MS Used Car Super Store serving residents of Brandon, Ridgeland, Canton, Crystal Springs Yazoo City, Vicksburg, Forest, Carthage, Philadelphia, Newton, Meridian, Laurel, Hattiesburg, McComb, Wesson, Brookhaven, Mendenhall, Magee and all of Central Mississippi. Call Bob Boyte Honda today at 601-591-5000. Clean CARFAX.<br /><br />Odometer is 6386 miles below market average! 25/30 City/Highway MPG","[PREMIUM]","[PREMIUM]",168,
"2T3W1RFVXRW3482511ES7U7OFFX20260609","2026-09-03 00:38:26.721","2026-09-03 00:38:26.721","[PREMIUM]","[PREMIUM]","RRW348251",2024,"Toyota","RAV4","XLE",,"SUV","Black","Black","4 Cyl","2.5 L","FWD","Automatic","Gasoline",46839,"[PREMIUM]","[PREMIUM]",28770,"GREAT","Used",,,27,35,30,true,true,,true,"['{""ownerNumber"":1,""purchaseDate"":""07/29/24"",""endOwnershipDate"":""06/05/26"",""city"":""Phoenix"",""state"":""AZ""}']",3,52,5,"2026-06-09","ENHANCED","NEW",true,"[PREMIUM]","Hendersonville","TN","37075","[PREMIUM]",4.4,1067,"1ES7U7OFFX","[PREMIUM]","[PREMIUM]","[PREMIUM]","[PREMIUM]","[PREMIUM]","TOPRATED","GREAT","AVERAGE","LOW",340,"[PREMIUM]","[PREMIUM]",52,"['Keyless Entry','Spoiler','Alloy Wheels','17 Inch Wheels','Heated Mirrors','Satellite Radio','Cloth Seats']",7,"['2nd Row Split/Folding Seats','4-Wheel Disc Brakes','4-Wheel Independent Suspension','6 Speakers','AM/FM','Adjustable Steering Wheel','Air Conditioning','Anti-Lock Brakes','Auto Climate Control','Automatic Headlights','Body Colored Bumpers','Braking Assist','Cloth Upholstery','Cruise Control','Delay-Off Headlights','Door Bin','Dual-Zone Climate Control','Emergency Communication System','Front Airbags (Driver)','Front Airbags (Passenger)','Front Anti-Roll Bar','Front Bucket Seats','Front Center Armrest','Front Knee Airbags (Driver)','Front Side Airbags (Driver)','Front Side Airbags (Passenger)','High-Beam Assist','Illuminated Entry','Intermittent Wipers','Overhead Airbag','Overhead Console','Panic Button','Passenger Sensing Airbag','Power Mirrors','Power Seat (Dual)','Power Steering','Power Windows','Radio Data System','Reading Lights','Rear Anti-Roll Bar','Rear Center Armrest','Rear Window Defroster','Rear Window Wiper','Rear-View Camera','Remote Keyless Entry','Safety Connect','Speed-Sensing Steering','Stability Control','Steering Wheel Controls','Tachometer','Thermometer','Tire Pressure Monitoring System','Traction Control','Trip Computer','Turn Signal Mirrors','Vanity Mirror/Light']",56,"This 2024 Toyota RAV4 XLE offers the perfect blend of style, capability, and convenience. With its sleek exterior design and well-appointed interior, this SUV is ready to elevate your driving experience.<br /><br />- ** CLEAN CARFAX **<br />- ** Home of the Lifetime Warranty **<br />- ** ONE OWNER **<br />- Wheels: 17"" 5-Spoke Silver Alloy<br /><br />Inside, you'll find a host of premium features, including 6 Speakers, AM/FM/XM Audio System, Automatic Temperature Control, Power Driver Seat, and Steering Wheel Mounted Audio Controls. The spacious cabin and split-folding rear seat provide ample room for passengers and cargo, while the Rear Window Wiper and Variably Intermittent Wipers ensure clear visibility in any weather.<br /><br />Under the hood, the 2.5L 4-Cylinder DOHC Dual VVT-i engine, paired with an 8-Speed Automatic transmission and Front-Wheel Drive, delivers an impressive 27 City / 35 Highway MPG. This RAV4 XLE also boasts a host of advanced safety features, including ABS Brakes, Dual Front Impact Airbags, and the Safety Connect Emergency Communication System.<br /><br />Whether you're commuting, running errands, or embarking on a weekend adventure, this 2024 Toyota RAV4 XLE is the perfect companion. Schedule a test drive today and experience the difference for yourself.","[PREMIUM]","[PREMIUM]",169.9,
