"_primaryKey","_firstSeenAt","_lastSeenAt","listingId","vin","stockNumber","year","make","model","trim","subTrim","bodyStyle","exteriorColor","interiorColor","engine","displacement","drivetrain","transmission","fuelType","mileage","listPrice","currentPrice","onePrice","badge","vehicleCondition","cabType","bedLength","mpgCity","mpgHighway","mpgCombined","noAccidents","serviceRecords","personalUse","oneOwner","ownerHistory","serviceRecordCount","imageCount","followCount","firstSeen","recordType","sellerType","advantage","sellerName","sellerCity","sellerState","sellerZip","sellerPhone","sellerRating","sellerReviewCount","sellerId","sellerInventoryUrl","sellerLatitude","sellerLongitude","sellerGroupName","sellerLogoUrl","sellerBadgeExperience","reliabilityBadge","reliabilityCostBadge","reliabilityRiskBadge","reliabilityAvgCost","listingUrl","images","imagesCount","topOptions","topOptionsCount","otherOptions","otherOptionsCount","description","icrUrl","windowSticker","sortScore","snapshotDamageSeverity"
"3C6JR7DT9EG226331DL3RLQSDF420260901","2026-09-04 22:28:19.770","2026-09-04 22:28:19.770","[PREMIUM]","[PREMIUM]","226331",2014,"Ram","1500","ST","Tradesman","Pickup","Silver","Gray","8 Cyl","5.7 L","4WD","Automatic","Gasoline",152355,"[PREMIUM]","[PREMIUM]",10520,,"Used","Regular Cab","Long Bed",13,19,15,true,true,true,,"['{""ownerNumber"":1,""purchaseDate"":""05/13/14"",""endOwnershipDate"":""06/16/16"",""city"":""Sharon"",""state"":""CT""}','{""ownerNumber"":2,""purchaseDate"":""08/09/16"",""endOwnershipDate"":""09/20/16"",""city"":""Saugerties"",""state"":""NY""}']",29,24,0,"2026-09-01","ENHANCED","USED",true,"[PREMIUM]","Hasbrouck Heights","NJ","07604","[PREMIUM]",,,"DL3RLQSDF4","[PREMIUM]","[PREMIUM]","[PREMIUM]","[PREMIUM]","[PREMIUM]","ADVANTAGE",,,,,"[PREMIUM]","[PREMIUM]",24,"['Towing Package','Keyless Entry','Trailer Hitch','Bed Liner','Satellite Radio','Side Airbags','Steel Wheels','UConnect System']",8,"['AM/FM','Adjustable Steering Wheel','Air Conditioning','Anti-Lock Brakes','Cruise Control','Dual Airbags','Power Locks','Power Steering','Power Windows','Side Curtain Airbags','Stability Control','Telematics System']",12,,"[PREMIUM]","[PREMIUM]",154.75,
"1C6RR7UT5ES149811TCRFKUAURI20260902","2026-09-04 22:28:19.655","2026-09-04 22:28:19.655","[PREMIUM]","[PREMIUM]","P4290C",2014,"Ram","1500","Sport",,"Pickup","White","Black","8 Cyl","5.7 L","4WD","Automatic","Gasoline",159166,"[PREMIUM]","[PREMIUM]",14580,"GOOD","Used","Crew Cab","Long Bed",15,21,17,,true,,,"[]",30,4,0,"2026-09-02","ENHANCED","NEW",true,"[PREMIUM]","Gurnee","IL","60031","[PREMIUM]",4.4,408,"TCRFKUAURI","[PREMIUM]","[PREMIUM]","[PREMIUM]","[PREMIUM]","[PREMIUM]","TOPRATED",,,,,"[PREMIUM]","[PREMIUM]",4,"['Convenience Package','Remote Start','Navigation System','Keyless Entry','Fog Lights','Trailer Hitch','Heated Seats','Subwoofer','Heated Steering Wheel','Bucket Seats']",10,"['115V Power Outlet','20 Inch Wheels','2nd Row Split/Folding Seats','4-Wheel Disc Brakes','6 Speakers','9 Speakers','AM/FM','Adjustable Pedals','Adjustable Steering Wheel','Air Conditioning','Alloy Wheels','Anti-Lock Brakes','Anti-Theft System','Armrest Storage','Auto Climate Control','Auto-Dimming Mirror','Automatic Headlights','Body Colored Bumpers','Braking Assist','Cloth Seats','Cloth Upholstery','Compass','Cruise Control','Delay-Off Headlights','Door Bin','Driver Adjustable Lumbar','Dual-Zone Climate Control','Emergency Communication System','Front Airbags (Driver)','Front Airbags (Passenger)','Front Anti-Roll Bar','Front Bucket Seats','Front Center Armrest','Front Side Airbags (Driver)','Front Side Airbags (Passenger)','HD Radio','Handsfree/Bluetooth Integration','Hard Disk Drive','Heated Mirrors','High-Beam Assist','Illuminated Entry','Independent Suspension','Integrated Garage Door Opener','Keyless Ignition','Leather Steering Wheel','Overhead Airbag','Overhead Console','Panic Button','Parking Assist System','Passenger Sensing Airbag','Power Mirrors','Power Seat (Dual)','Power Steering','Power Sun/Moonroof','Power Windows','Radio Data System','Rain-Sensing Wipers','Reading Lights','Real-Time Traffic','Rear Anti-Roll Bar','Rear Center Armrest','Rear Parking Sensors','Rear-View Camera','Remote Keyless Entry','Satellite Radio','Security Package','SiriusXM Travel Link','Split/Folding Seats','Sport Premium Package','Sport Seats','Spray-In Bed Liner','Stability Control','Steering Wheel Controls','Step Bumper','Tachometer','Telematics System','Thermometer','Tire Pressure Monitoring System','Touch-Screen Display','Traction Control','Trailer Brake Controller','Trip Computer','Turn Signal Mirrors','Uconnect System','Vanity Mirror/Light','Voice-Activated Command System']",86,"This 2014 Ram 1500 Sport in white delivers serious capability with a legendary HEMI 5.7L V8 engine paired to an 8-speed automatic transmission and 4WD. With over 159,000 miles, this truck has been well maintained and is ready to work or play. The Sport trim brings premium styling and genuine truck performance to your driveway.<br /><br />Key Features:<br />- 9 Amplified Speakers with Subwoofer<br />- Remote Start System with Security Alarm<br />- Power Black Trailer Tow Mirrors with Trailer Brake Control<br />- Class IV Receiver Hitch for towing capability<br />- Auto High Beam Headlamp Control and Rain Sensitive Wipers<br />- Uconnect 8.4A Touchscreen with Bluetooth and SiriusXM<br />- ParkView Rear Back-Up Camera and ParkSense Front/Rear Park Assist<br />- Heated Front Seats and Leather Steering Wheel<br />- Keyless Entry with Remote Proximity and Remote Start<br />- 20-Inch Polished Aluminum Wheels<br /><br />This Ram has been well cared for and shows as super clean. You'll find excellent build quality throughout the cabin with premium amenities including the heated steering wheel, power sunroof, and full-length floor console. The truck rides on a capable independent front suspension and four-wheel disc brakes with electronic stability control.<br /><br />Come experience this capable Ram 1500 Sport in person. It's priced right and ready to become your new go-to work truck or weekend warrior. Stop by today and take it for a test drive.","[PREMIUM]","[PREMIUM]",163.5,"Accident Reported"
"3GCUKSEC0EG352590HOTKJCQ00120260828","2026-09-04 22:28:19.653","2026-09-04 22:28:19.653","[PREMIUM]","[PREMIUM]","05X1714A",2014,"Chevrolet","Silverado 1500","LTZ","2LZ","Pickup","Black","Black","8 Cyl","5.3 L","4WD","Automatic","Gasoline",183848,"[PREMIUM]","[PREMIUM]",14910,"GREAT","Used","Crew Cab","Long Bed",16,22,18,,true,true,,"['{""ownerNumber"":1,""purchaseDate"":""08/12/14"",""endOwnershipDate"":""11/13/19"",""city"":""Waukesha"",""state"":""WI""}','{""ownerNumber"":2,""purchaseDate"":""01/06/20"",""endOwnershipDate"":""08/16/22"",""city"":""Sheboygan"",""state"":""WI""}','{""ownerNumber"":3,""purchaseDate"":""09/01/22"",""endOwnershipDate"":""08/26/26"",""city"":""Janesville"",""state"":""WI""}']",56,57,0,"2026-08-28","ENHANCED","NEW",true,"[PREMIUM]","Elkhorn","WI","53121","[PREMIUM]",4.4,339,"HOTKJCQ001","[PREMIUM]","[PREMIUM]","[PREMIUM]","[PREMIUM]","[PREMIUM]","TOPRATED",,,,,"[PREMIUM]","[PREMIUM]",57,"['Driver Alert Package','Remote Start','Navigation System','Keyless Entry','Fog Lights','Trailer Hitch','Leather Seats','Heated Seats','Heated Steering Wheel','Tinted Windows']",10,"['110V Power Outlet','2nd Row Split/Folding Seats','4-Wheel Disc Brakes','6 Speakers','AM/FM','Adjustable Pedals','Adjustable Seats','Adjustable Steering Wheel','Air Conditioning','All-Weather Floor Mats','Alloy Wheels','Anti-Lock Brakes','Anti-Theft System','Armrest Storage','Auto Climate Control','Auto-Dimming Mirror','Automatic Headlights','Auxiliary Transmission Cooler','Body Side Moldings','Bose Sound System','Braking Assist','CD (Single Disc)','Cargo Area Light','Cargo Area Tie Downs','Chevrolet MyLink','Chrome Bumpers','Chrome Door Handles','Chrome Mirrors','Compass','Confidence Package','Cooled Seats','Cruise Control','Delay-Off Headlights','Digital Instrument Cluster','Door Bin','Dual-Zone Climate Control','Emergency Communication System','Floor Mats','Front Airbags (Driver)','Front Airbags (Passenger)','Front Anti-Roll Bar','Front Bench Seat','Front Bucket Seats','Front Center Armrest','Front Side Airbags (Driver)','Front Side Airbags (Passenger)','HD Radio','Halogen Fog Lights','Handsfree/Bluetooth Integration','Heated Mirrors','Illuminated Entry','Independent Suspension','Integrated Garage Door Opener','Intermittent Wipers','LTZ Plus Package','Leather Steering Wheel','Leather Trimmed Interior','Leather Trimmed Seats','Locking Differential','MP3','OnStar Communication System','One-Touch Power Windows','Overhead Airbag','Overhead Console','Panic Button','Parking Assist System','Passenger Sensing Airbag','Power Mirrors','Power Seat (Dual)','Power Steering','Power Sun/Moonroof','Radio Data System','Reading Lights','Rear Bench Seat','Rear Center Armrest','Rear Power Windows','Rear Window Defroster','Rear-View Camera','Remote Keyless Entry','Satellite Radio','Seat Memory','Sliding Rear Window','Speed-Sensing Steering','Splash Guards','Split/Folding Seats','Stability Control','Steering Wheel Controls','Step Bumper','Tachometer','Tailgate Lift Assist','Telematics System','Thermometer','Tire Pressure Monitoring System','Touch-Screen Sound System','Traction Control','Trailer Brake Controller','Trip Computer','Turn Signal Mirrors','Vanity Mirror/Light']",99,"6-Speed Automatic Electronic with Overdrive, 4WD, Black Leather.<br /><br /><br />2014 Chevrolet Silverado 1500 LTZ 2LZ EcoTec3 5.3L V8 Flex Fuel 6-Speed Automatic Electronic with Overdrive 4WD<br />Awards:<br /> * 2014 KBB.com Brand Image Awards * NACTOY 2014 North American Truck of the Year<br />Find out why our dealerships have won DealerRater.com DEALER OF THE YEAR a whopping 10 TIMES! Call, email, or live chat with one of our friendly sales professionals now to schedule your test drive! All vehicle prices shown on this website are for informational purposes only and do not include applicable taxes, title fees, or license fees, which will be due at the time of signing. The advertised price does include our document service fee (referred to in Wisconsin as a Dealer Service Fee) and a mandatory eFiling fee. Document service fees are $377.63 in Illinois, $350.00 in Minnesota, $180.00 in Iowa, and $599.00 in Wisconsin. The eFiling fee displayed assumes the buyer resides in the same state as the dealership location, and are as follows: Illinois residents - $35, Iowa residents - $15, Minnesota residents - $60, Wisconsin residents - $38. If you are an out-of-state resident, your actual eFiling fee may differ and will be confirmed by a Kunes associate prior to finalizing your purchase.","[PREMIUM]","[PREMIUM]",180.25,
"1FTFX1EF1EKG44059WOVUSPTMUY20260902","2026-09-04 22:28:19.639","2026-09-04 22:28:19.639","[PREMIUM]","[PREMIUM]","G44059",2014,"Ford","F-150","XLT",,"Pickup","Black","Gray","8 Cyl","5.0 L","4WD","Automatic","Flexible-Fuel",146960,"[PREMIUM]","[PREMIUM]",12610,"GOOD","Used","Extended Cab",,14,19,16,,true,true,,"['{""ownerNumber"":1,""purchaseDate"":""01/30/15"",""endOwnershipDate"":""12/02/17"",""city"":""Chesterland"",""state"":""OH""}','{""ownerNumber"":2,""purchaseDate"":""12/21/17"",""endOwnershipDate"":""08/19/26"",""city"":""Canal Winchester"",""state"":""OH""}']",19,31,0,"2026-09-02","ENHANCED","USED",true,"[PREMIUM]","Euclid","OH","44132","[PREMIUM]",3.7,11,"WOVUSPTMUY","[PREMIUM]","[PREMIUM]","[PREMIUM]","[PREMIUM]","[PREMIUM]","ADVANTAGE",,,,,"[PREMIUM]","[PREMIUM]",31,"['Luxury Package','Convenience Package','Chrome Package','Keyless Entry','Fog Lights','Running Boards','18 Inch Wheels','Trailer Brake Controller','Alloy Wheels','Super Cab']",10,"['17 Inch Wheels','2nd Row Split/Folding Seats','4 Speakers','4-Wheel Disc Brakes','AM/FM','Adjustable Pedals','Adjustable Seats','Adjustable Steering Wheel','Air Conditioning','Anti-Lock Brakes','Anti-Theft System','Armrest Storage','Auto-Dimming Mirror','Automatic Headlights','Auxiliary Transmission Cooler','CD (Single Disc)','Chrome Bumpers','Chrome Door Handles','Chrome Wheels','Clock','Cloth Seats','Cloth Upholstery','Compass','Cruise Control','Delay-Off Headlights','Digital Instrument Cluster','Door Bin','Front Airbags (Driver)','Front Airbags (Passenger)','Front Anti-Roll Bar','Front Center Armrest','Front Side Airbags (Driver)','Front Side Airbags (Passenger)','Heated Mirrors','Illuminated Entry','Independent Suspension','Intermittent Wipers','Leather Steering Wheel','Overhead Airbag','Overhead Console','Panic Button','Passenger Sensing Airbag','Power Mirrors','Power Seat (Dual)','Power Steering','Power Windows','Radio Data System','Reading Lights','Rear Parking Sensors','Rear Power Windows','Rear Privacy Glass','Rear Window Defroster','Rear-View Camera','Remote Keyless Entry','Satellite Radio','Sliding Rear Window','Speed-Sensing Steering','Split/Folding Seats','Stability Control','Steering Wheel Controls','Step Bumper','Sync with MyFord','Tachometer','Telematics System','Thermometer','Tire Pressure Monitoring System','Traction Control','Trailer Tow Package','Vanity Mirror/Light','Voice-Activated Command System','XLT Plus Package']",71,"This 2014 Ford F-150 XLT delivers commanding performance and capability with its 5.0L V8 Flex Fuel engine paired with a 6-speed automatic transmission and 4WD. The black exterior presents a bold, professional appearance ready for work or weekend adventures. Well-equipped with premium comfort and technology features, this truck combines luxury and functionality.<br /><br />Key Features:<br />- Equipment Group 302A Luxury<br />- Trailer Tow Package with Trailer Brake Controller<br />- SiriusXM Satellite Radio and SYNC MyFord voice control<br />- Leather-wrapped steering wheel and 6-way power driver seat<br />- Heated power side mirrors with power-sliding rear window<br />- Reverse-sensing system and rear-view camera<br />- SelectShift transmission for enhanced control<br />- 18"" chrome-clad aluminum wheels<br />- XLT Chrome Package with chrome running boards and door handles<br />- Power-adjustable pedals and self-dimming rear-view mirror<br /><br />This F-150 shows the honest wear of a well-used work truck with 146,960 miles on the odometer. The vehicle maintains solid mechanical condition with a dependable drivetrain and functional systems throughout. The interior reflects typical use, with the cabin equipped for both productivity and comfort.<br /><br />The F-150 XLT remains one of the most versatile trucks on the road, and this example is ready for your next project. Visit our showroom to inspect this capable 4WD pickup and discuss your work or adventure needs.","[PREMIUM]","[PREMIUM]",149,
"3GCPCREC8EG251011EAXFEISOUX20260828","2026-09-04 22:28:19.622","2026-09-04 22:28:19.622","[PREMIUM]","[PREMIUM]","11488",2014,"Chevrolet","Silverado 1500","LT",,"Pickup","Blue",,"8 Cyl","5.3 L","RWD","Automatic","Flexible-Fuel",150151,"[PREMIUM]","[PREMIUM]",15890,"GREAT","Used","Crew Cab",,16,23,19,,true,true,,"['{""ownerNumber"":1,""purchaseDate"":""11/16/13"",""endOwnershipDate"":""09/23/17"",""city"":""Covington"",""state"":""LA""}','{""ownerNumber"":2,""purchaseDate"":""10/28/17"",""endOwnershipDate"":""06/10/19"",""city"":""Mandeville"",""state"":""LA""}','{""ownerNumber"":3,""purchaseDate"":""09/21/19"",""endOwnershipDate"":""12/28/22"",""city"":""Mobile"",""state"":""AL""}','{""ownerNumber"":4,""purchaseDate"":""01/13/23"",""endOwnershipDate"":""08/28/26"",""city"":""Theodore"",""state"":""AL""}']",26,,0,"2026-08-28","ENHANCED","USED",true,"[PREMIUM]","Mobile","AL","36608","[PREMIUM]",4.2,5,"EAXFEISOUX","[PREMIUM]","[PREMIUM]","[PREMIUM]","[PREMIUM]","[PREMIUM]","ADVANTAGE",,,,,"[PREMIUM]","[PREMIUM]",,"['Towing Package','Keyless Entry','Trailer Hitch','Heated Seats','Satellite Radio']",5,"['3-Point Seat Belts','AM/FM','Adjustable Steering Wheel','Air Conditioning','Anti-Lock Brakes','CD (Single Disc)','Daytime Running Lights','Front Side Airbags','Handsfree/Bluetooth Integration','Head Airbags','Hill Assist System','MP3','OnStar Communication System','Passenger Sensing Airbag','Power Locks','Power Steering','Power Windows','Premium Wheels','Spray-In Bed Liner']",19,"DEEP SOUTH AUTOMOTIVE is extremely proud to offer a super clean, great running, well cared for truck with 26 service history records 2014 CHEVROLET SILVERADO CREW CAB LT - 5.3 Liter V-8 - 2WD - 22 inch premium wheels - Heated seats - Spray in bed liner - Power windows - Power door locks - Hill start assist - Satellite radio - Bluetooth - Onstar - Tow package - and much more! This is a very nice truck inside and out. The engine starts right up and delivers the power the 5.3L is known for with no issues at all. Very tight and solid front end with no alignment issues and does not have play in the steering wheel. This Chevy truck has been through an extensive multi point inspection by a certified technician. All the necessary services have been performed at the appropriate mileage interval. I have personally driven this Silverado and found it to run, drive and shift on point. 150K $14500 CALL 251-333-5700 WWW.DEEPSOUTHAUTO.ROCKS FOR MORE PICTURES AND INFORMATION DEEP SOUTH AUTOMOTIVE 8800 AIRPORT BLVD ACROSS THE STREET FROM BAKER HIGH SCHOOL NEXT DOOR TO AVIS LESS THAN ONE MINUTE FROM MOBILE REGIONAL AIRPORT WE ARE PROUD OF THE WAY WE DO BUSINESS AND YOU WILL BE TOO!","[PREMIUM]","[PREMIUM]",138.5,"Minor to Moderate Damage"
"3GCUKREH4EG304482ZKDICTF5B620260901","2026-09-04 22:28:19.621","2026-09-04 22:28:19.621","[PREMIUM]","[PREMIUM]","12077",2014,"Chevrolet","Silverado 1500","LT",,"Pickup","Gray","Black","6 Cyl","4.3 L","4WD","Automatic","Flexible-Fuel",127000,"[PREMIUM]","[PREMIUM]",15210,"GOOD","Used","Crew Cab",,17,22,19,,true,true,,"['{""ownerNumber"":1,""purchaseDate"":""11/08/14"",""endOwnershipDate"":""12/17/14"",""city"":""Lake Geneva"",""state"":""WI""}','{""ownerNumber"":2,""purchaseDate"":""12/17/14"",""endOwnershipDate"":""11/03/15"",""city"":""Chicago"",""state"":""IL""}','{""ownerNumber"":3,""purchaseDate"":""11/13/15"",""endOwnershipDate"":""07/27/26"",""city"":""Mundelein"",""state"":""IL""}']",24,43,0,"2026-09-01","ENHANCED","USED",true,"[PREMIUM]","Michigan City","IN","46360","[PREMIUM]",2.5,2,"ZKDICTF5B6","[PREMIUM]","[PREMIUM]","[PREMIUM]","[PREMIUM]","[PREMIUM]","ADVANTAGE",,,,,"[PREMIUM]","[PREMIUM]",43,"['Preferred Equipment Package','Suspension Package','Remote Start','Spare Tire','Fog Lights','18 Inch Wheels','Alloy Wheels','Led Lights','Splash Guards','Bed Liner']",10,"['110V Power Outlet','Air Conditioning','All Star Package','Anti-Theft System','Auto Climate Control','Cloth Seats','Dual-Zone Climate Control','Off-Road Tires','Rear Power Windows','Rear Window Defroster','Rear-View Camera']",11,"1Lt Preferred Equipment Group, Air Conditioning, Dual-Zone Automatic Climate Control, All Star Edition, Defogger, Rear-Window Electric, Differential, Heavy-Duty Locking Rear, Emissions, Federal Requirements, Engine, 4.3L Flexfuel Ecotec3 V6 With Active Fuel Management, Direct Injection And Variable Valve Timing, Fog Lamps, Front, Halogen, Gvwr, 7100 Lbs. (3221 Kg), Jet Black, Cloth Seat Trim, Led Lighting, Cargo Box, License Plate Kit, Front, Lpo, Bed Liner, Lpo, Front And Rear Molded Splash Guards, Black, Paint, Solid, Power Outlet, 110-Volt Ac, Rear Axle, 3.42 Ratio, Rear Vision Camera With Dynamic Guide Lines, Remote Vehicle Starter System, Suspension Package, Handling/Trailering, Theft-Deterrent System, Unauthorized Entry, Tire, Spare P265/70R17 All-Season, Blackwall, Tires, P265/65R18 All-Terrain, White Outlined Letter, Transmission, 6-Speed Automatic, Electronically Controlled, Tungsten Metallic, Wheels, 18"" X 8.5"" (45.7 Cm X 21.6 Cm) Bright-Machined Aluminum. All advertised prices exclude government fees and taxes, any finance charges, any dealer document preparation charge, and any emission testing charge. While we try to make sure that all prices posted here are accurate at all times, we cannot be responsible for typographical and other errors that may appear on the site. We make every effort to provide you the most accurate, up-to-the-minute information, however it is your responsibility to verify with the Dealer that all details listed are accurate. The dealership is not responsible for typographical, pricing, product information, advertising or shipping errors. Advertised prices and available quantities are subject to change without notice. All rates and offers are dependent on bank approval, which varies based on applicant's credit as well as the vehicle.","[PREMIUM]","[PREMIUM]",154.25,
"1C6RR7FT8ES349885F85L22967120260823","2026-09-04 22:28:19.620","2026-09-04 22:28:19.620","[PREMIUM]","[PREMIUM]","T767621",2014,"Ram","1500","ST","Express","Pickup","Black","Gray","8 Cyl","5.7 L","4WD","Automatic","Gasoline",121891,"[PREMIUM]","[PREMIUM]",14920,"FAIR","Used","Crew Cab","Long Bed",13,19,15,,true,true,,"['{""ownerNumber"":1,""purchaseDate"":""06/25/14"",""endOwnershipDate"":""01/01/16"",""city"":""Campbell Hall"",""state"":""NY""}','{""ownerNumber"":2,""purchaseDate"":""08/12/16"",""endOwnershipDate"":""08/23/26"",""city"":""Warwick"",""state"":""NY""}']",8,3,0,"2026-08-23","ENHANCED","NEW",true,"[PREMIUM]","Pensacola","FL","32505","[PREMIUM]",4.4,805,"F85L229671","[PREMIUM]","[PREMIUM]","[PREMIUM]","[PREMIUM]","[PREMIUM]","TOPRATED",,,,,"[PREMIUM]","[PREMIUM]",3,"['Popular Equipment Package','Keyless Entry','Fog Lights','Trailer Hitch','Quad Cab','Bench Seat','Trailer Brake Controller','Alloy Wheels','20 Inch Wheels','17 Inch Wheels']",10,"['2nd Row Split/Folding Seats','4-Wheel Disc Brakes','6 Speakers','AM/FM','Active Grille Shutters','Adjustable Steering Wheel','Air Conditioning','Anti-Lock Brakes','Auto-Dimming Mirror','Automatic Headlights','Aux Audio Adapter','Black Grille','Body Colored Bumpers','Body Colored Grille','Braking Assist','CD (Single Disc)','Cloth Seats','Compass','Cruise Control','Cup Holder','Delay-Off Headlights','Door Bin','Floor Mats','Front Airbags (Driver)','Front Airbags (Passenger)','Front Anti-Roll Bar','Front Center Armrest','Front Side Airbags (Driver)','Front Side Airbags (Passenger)','HD','Halogen Headlights','Handsfree/Bluetooth Integration','Heated Mirrors','Independent Suspension','Intermittent Wipers','Keyless Ignition','Media Hub','Overhead Airbag','Overhead Console','Passenger Sensing Airbag','Power Mirrors','Power Steering','Power Windows','Radio Data System','Rear Anti-Roll Bar','Rear-View Camera','Remote Keyless Entry','Satellite Radio','Split/Folding Seats','Stability Control','Step Bumper','Tachometer','Telematics System','Thermometer','Tip Start Ignition','Tire Pressure Monitoring System','Touch-Screen Display','Traction Control','USB Adapter','Uconnect System','Vinyl Seats','Voice-Activated Command System']",62,"1-Year SiriusXM Radio Service, 20"" x 8.0"" Aluminum Wheels, 40/20/40 Split Bench Seat, 5.0"" Touch Screen Display, Bi-Function Halogen Projector Headlamps, Black 4x4 Tailgate Badge, Black Painted Honeycomb Grille, Black Ram 1500 Express Group, Black Ram Head Tailgate Badge, Body Color Front Fascia, Body Color Grille, Body Color Rear Bumper w/Step Pads, Carpet Floor Covering, Charge Only Remote USB Port, Cloth 40/20/40 Bench Seat, Delete Class IV Receiver Hitch, Delete Hemi Badge, Delete Spray In Bedliner, Fog Lamps, For More Info, Call 800-643-2112, Front &amp; Rear Floor Mats, Front Armrest w/Three Cupholders, Integrated Voice Command w/Bluetooth, Media Hub (USB, AUX), Overhead Console, Popular Equipment Group, Quick Order Package 22C Express, Quick Order Package 25C Express, Radio: Uconnect 5.0 AM/FM/BT, Rear Folding Seat, Rear View Mirror w/Microphone, Remote Keyless Entry w/All-Secure, Semi-Gloss Black Hub, SIRIUSXM Satellite Radio, Sport Tail Lamps, Temperature &amp; Compass Gauge, Uconnect Voice Command w/Bluetooth, Wheels: 20"" x 8"" Semi-Gloss Black Aluminum.<br /><br />Black Clearcoat 2014 Ram 1500 Express 4WD 6-Speed Automatic HEMI 5.7L V8 Multi Displacement VVT<br /><br />Recent Arrival!<br /><br /><br />Visit our virtual showroom 24/7 @ www.hillkellydodge.com.","[PREMIUM]","[PREMIUM]",161,"Accident Reported"
"1C6RR7FT7ES4645121VCIIMUTIT20260901","2026-09-04 22:28:19.617","2026-09-04 22:28:19.617","[PREMIUM]","[PREMIUM]","115124",2014,"Ram","1500","ST","Tradesman","Pickup","Black",,"8 Cyl","5.7 L","4WD","Automatic","Gasoline",115124,"[PREMIUM]","[PREMIUM]",14030,"GOOD","Used","Crew Cab","Long Bed",,,,,true,true,,"['{""ownerNumber"":1,""purchaseDate"":""10/30/14"",""endOwnershipDate"":""01/13/16"",""city"":""South Glens Falls"",""state"":""NY""}','{""ownerNumber"":2,""purchaseDate"":""02/08/16"",""endOwnershipDate"":""11/01/19"",""city"":""Hudson Falls"",""state"":""NY""}','{""ownerNumber"":3,""purchaseDate"":""04/07/20"",""endOwnershipDate"":""09/02/21"",""city"":""Germantown"",""state"":""NY""}','{""ownerNumber"":4,""purchaseDate"":""10/25/21"",""endOwnershipDate"":""07/21/26"",""city"":""Palenville"",""state"":""NY""}']",14,32,0,"2026-09-01","ENHANCED","USED",true,"[PREMIUM]","Jersey City","NJ","07302","[PREMIUM]",3.8,4,"1VCIIMUTIT","[PREMIUM]","[PREMIUM]","[PREMIUM]","[PREMIUM]","[PREMIUM]","ADVANTAGE",,,,,"[PREMIUM]","[PREMIUM]",32,"['Trailer Hitch','Quad Cab','Tinted Windows','Bed Liner','Front Bench Seat','Steel Wheels','Locking Tailgate','Full Size Spare Tire','Cloth Seats']",9,"['2nd Row Split/Folding Seats','Adjustable Steering Wheel','Air Conditioning','Airbags','Anti-Lock Brakes','Anti-Theft System','Automatic Headlights','Braking Assist','Cargo Area Light','Child Safety Locks','Cruise Control','Front Airbags (Driver)','Front Airbags (Passenger)','Front Side Airbags (Passenger)','Power Windows','Side Curtain Airbags','Split/Folding Seats','Stability Control','Steering Wheel Controls','Tachometer','Tire Pressure Monitoring System','Traction Control']",22,"Meet this Black 2014 RAM 1500 pickup—built like a brawler and ready for real work (or weekend fun). Under the hood is a 5.7L V8 that brings classic eight-cylinder muscle, and the 4WD drivetrain is there for when pavement ends and plans get messy. It’s the kind of truck that feels at home pulling up to a jobsite, heading out to the lake, or tackling a snowy commute without breaking a sweat.Inside, you’ll find durable cloth seating with a practical front split bench and a second row that folds to make room for gear. Everyday comfort comes easy with air conditioning, cruise control, and steering-wheel-mounted controls, plus a tilt steering column and tachometer to keep everything feeling straightforward and driver-focused. Power windows and deep tinted glass add convenience and a bit of extra shade.It’s also thoughtfully equipped for confidence on the road, with traction control, stability control, ABS with electronic brake assistance, a full set of airbags, and a tire pressure monitor helping you stay composed in changing conditions. When it’s time to haul, the locking tailgate, bed liner, cargo box light, and tow hitch receiver make this RAM feel ready to earn its keep.And for peace of mind: a Carfax report is available for this truck. Visit Ferarro Auto Sales to shop our great deals. You can call 201-272-6933 to schedule your test drive today.","[PREMIUM]","[PREMIUM]",156,
"1FTFW1EF3EFB17202ABX9TMY6JF20260903","2026-09-04 22:28:19.616","2026-09-04 22:28:19.616","[PREMIUM]","[PREMIUM]","B17202",2014,"Ford","F-150","XLT",,"Pickup","Brown",,"8 Cyl","5.0 L","4WD","Automatic","Flexible-Fuel",155090,"[PREMIUM]","[PREMIUM]",14850,"GREAT","Used","Crew Cab","Short Bed",14,19,16,true,true,true,,"['{""ownerNumber"":1,""purchaseDate"":""05/03/14"",""endOwnershipDate"":""05/17/17"",""city"":""Northwood"",""state"":""ND""}','{""ownerNumber"":2,""purchaseDate"":""08/17/17"",""endOwnershipDate"":""03/02/21"",""city"":""Adel"",""state"":""IA""}','{""ownerNumber"":3,""purchaseDate"":""06/07/21"",""endOwnershipDate"":""08/24/22"",""city"":""Greeley"",""state"":""CO""}','{""ownerNumber"":4,""purchaseDate"":""04/15/23"",""endOwnershipDate"":""07/28/26"",""city"":""Goodman"",""state"":""MO""}']",19,11,0,"2026-09-03","ENHANCED","USED",true,"[PREMIUM]","Grove","OK","74344","[PREMIUM]",,,"ABX9TMY6JF","[PREMIUM]","[PREMIUM]","[PREMIUM]","[PREMIUM]","[PREMIUM]","ADVANTAGE",,,,,"[PREMIUM]","[PREMIUM]",11,"['Towing Package','Camper Package','Remote Start','Spare Tire','Roof Rack','Navigation System','DVD','Keyless Entry','Air Suspension','Fog Lights']",10,"['115V Power Outlet','12V Power Outlet','2nd Row Split/Folding Seats','AM/FM','Adaptive Headlights','Adjustable Pedals','Adjustable Ride Control','Adjustable Seats','Adjustable Steering Wheel','Air Conditioning','All-Weather Floor Mats','Alloy Wheels','Aluminum Box','Antenna','Anti-Lock Brakes','Anti-Theft System','Auto Climate Control','Auto-Dimming Mirror','Bed Liner','Body Side Moldings','Bucket Seats','CD (Multi Disc)','Carbon Fiber Interior Trim','Cargo Cover','Cassette','Center Console','Child Safety Locks','Child Seat Anchors','Chrome Wheels','Clock','Compass','Cooled Seats','Cruise Control','Cup Holder','Custom Bumper','Daytime Running Lights','Digital Instrument Cluster','Dual Airbags','Dual Exhaust','Dual-Zone Climate Control','Floor Mats','Front Airbags (Driver)','Front Airbags (Passenger)','Front Bench Seat','Front Center Armrest','Front Knee Airbags (Driver)','Grille Guard','HD Radio','Handsfree/Bluetooth Integration','Hard Disk Drive','Hard Top','Head-Up Display','Heated Door Locks','Heated Mirrors','Heated Seats','Heated Steering Wheel','Heated Windshield','High Intensity Discharge Headlights','Hill Assist System','Hydraulic Liftgate','Integrated Garage Door Opener','Intermittent Wipers','Keyless Entry Keypad','Leather Shift Knob Trim','Leather Steering Wheel','Limited Slip Differential','Locking Differential','Locking Tailgate','MP3','Memorized Settings','Night Vision Assistant','Off-Road Tires','Optional Fuel Tank','Overhead Console','Panorama Sunroof','Parking Sensors','Pickup Shell','Power Liftgate','Power Locks','Power Mirrors','Power Rear Sunshade','Power Seat (Dual)','Power Sliding Doors','Power Steering','Power Windows','Premium Sound System','Premium Wheels','Privacy Glass','Reading Lights','Rear Air Conditioning','Rear Audio Controls','Rear Heated Seats','Rear Side Airbags','Rear Spoiler','Rear Window Defroster','Rear Window Wiper','Rear-View Camera','Remote Fuel Door Release','Remote Keyless Entry','Remote Trunk Release','Removable Top','Rollover Protection Bars','Running Boards','Satellite Radio','Seat Memory','Side Airbags','Side Curtain Airbags','Sliding Rear Window','Split/Folding Seats','Spoiler','Sport Seats','Sport Suspension','Stability Control','Steering Wheel Controls','Subwoofer','SuperCrew Cab','Surround Audio','Sync','Tachometer','Telematics System','Thermometer','Tire Pressure Monitoring System','Tow Hooks','Traction Control','Trailer Hitch','Trip Computer','Trip Odometer','Two-Tone Paint','USB Adapter','Underbody Hoist','Vanity Mirror/Light','Voice-Activated Command System','Wheel Covers','Wheel Locks','Wide Tires','Winch','Wire Wheels','Wood Trimmed Interior']",138,"<p>2014 Ford F150 SuperCrew Cab XLT Pickup 4D 5 1/2 ft</p><p>V8, Flex Fuel, 5.0 Liter Automatic, 6-Spd</p><p>1FTFW1EF3EFB17202</p><p>155,090</p><p></p><p>Back Up Camera, HID Headlamps, Aluminum/Alloy Wheels, Power Driver's Seat, Towing/Camper Pkg, Bluetooth Connection, Locking/Limited Slip Differential, Steering Wheel Mounted AudioControls, Fog Lights</p><p></p><p></p><p></p><p>417 E 3rd St, Grove, OK 74344</p><p>(918) 791-3353</p>","[PREMIUM]","[PREMIUM]",188.5,
"1GCVKRECXEZ382645Y960M1F00120260830","2026-09-04 22:28:19.611","2026-09-04 22:28:19.611","[PREMIUM]","[PREMIUM]","49933B",2014,"Chevrolet","Silverado 1500","LT","LT1","Pickup","Gray","Black","8 Cyl","5.3 L","4WD","Automatic","Gasoline",131125,"[PREMIUM]","[PREMIUM]",14720,"GOOD","Used","Extended Cab","Regular Bed",16,22,18,,true,true,true,"['{""ownerNumber"":1,""purchaseDate"":""08/27/14"",""endOwnershipDate"":""08/30/26"",""city"":""Bolingbrook"",""state"":""IL""}']",16,3,0,"2026-08-30","ENHANCED","NEW",true,"[PREMIUM]","Bolingbrook","IL","60440","[PREMIUM]",4.7,1076,"Y960M1F001","[PREMIUM]","[PREMIUM]","[PREMIUM]","[PREMIUM]","[PREMIUM]","TOPRATED",,,,,"[PREMIUM]","[PREMIUM]",3,"['Max Trailering Package','Remote Start','Keyless Entry','Trailer Hitch','Double Cab','Heated Seats','Tinted Windows','18 Inch Wheels','Trailer Brake Controller','Alloy Wheels']",10,"['110V Power Outlet','17 Inch Wheels','2nd Row Split/Folding Seats','4-Wheel Disc Brakes','6 Speakers','AM/FM','Adjustable Seats','Adjustable Steering Wheel','Air Conditioning','All Star Package','Anti-Lock Brakes','Anti-Theft System','Armrest Storage','Auto Climate Control','Automatic Headlights','Auxiliary Transmission Cooler','Braking Assist','CD (Single Disc)','Cargo Area Light','Cargo Area Tie Downs','Chevrolet MyLink','Chrome Bumpers','Cloth Seats','Cloth Upholstery','Compass','Cruise Control','Delay-Off Headlights','Digital Instrument Cluster','Door Bin','Dual-Zone Climate Control','Emergency Communication System','Floor Mats','Front Airbags (Driver)','Front Airbags (Passenger)','Front Anti-Roll Bar','Front Bench Seat','Front Bucket Seats','Front Center Armrest','Front Side Airbags (Driver)','Front Side Airbags (Passenger)','HD Radio','Halogen Fog Lights','Handsfree/Bluetooth Integration','Heated Mirrors','Heated Seat Cushion','Illuminated Entry','Independent Suspension','Intermittent Wipers','Leather Steering Wheel','Locking Differential','MP3','OnStar Communication System','One-Touch Power Windows','Overhead Airbag','Overhead Console','Panic Button','Passenger Sensing Airbag','Power Mirrors','Power Seat (Dual)','Power Steering','Premium Sound System','Radio Data System','Reading Lights','Rear Bench Seat','Rear Window Defroster','Rear-View Camera','Remote Keyless Entry','Satellite Radio','Speed-Sensing Steering','Split/Folding Seats','Stability Control','Steering Wheel Controls','Step Bumper','Tachometer','Tailgate Lift Assist','Telematics System','Thermometer','Tire Pressure Monitoring System','Touch-Screen Display','Tow Hooks','Traction Control','Trip Computer','Vanity Mirror/Light','Wheel Locks']",84,"This 2014 Chevrolet Silverado 1500 LT LT1 delivers capable truck performance with its EcoTec3 5.3L V8 Flex Fuel engine and 4WD system. The gray exterior and well-appointed interior make this pickup both practical and comfortable for work or daily driving. Achieving 16 city and 22 highway MPG, this truck balances power with fuel efficiency.<br /><br />Features Include:<br />- EcoTec3 5.3L V8 Flex Fuel engine with 6-speed automatic transmission<br />- 4WD with heavy-duty rear locking differential<br />- Max Trailering Package with integrated trailer brake controller<br />- Front cloth bucket seats with heated seat cushions and backs<br />- Chevrolet MyLink infotainment with 8"" touchscreen and Bluetooth connectivity<br />- Dual-zone automatic climate control<br />- Remote vehicle starter system and remote keyless entry<br />- All-terrain P265/65R18 tires on 18"" bright-machined aluminum wheels<br />- LED cargo box lighting and EZ lift &amp; lower tailgate<br />- Rear vision camera with dynamic guide lines<br />- Four movable upper cargo tie downs<br />- Electronic stability control with brake assist<br /><br />This All Star Edition truck presents well and is ready for whatever you need. Come see this Silverado in person and discover why it remains a trusted choice for truck buyers.","[PREMIUM]","[PREMIUM]",186,"Accident Reported"
"1FTFW1EF9EFB85570YHL5AKBAYT20260901","2026-09-04 22:28:19.601","2026-09-04 22:28:19.601","[PREMIUM]","[PREMIUM]","11486",2014,"Ford","F-150","XLT",,"Pickup","Gray","Gray","8 Cyl","5.0 L","4WD","Automatic","Flexible-Fuel",144123,"[PREMIUM]","[PREMIUM]",13970,"GREAT","Used","Crew Cab",,14,19,16,true,true,true,,"['{""ownerNumber"":1,""purchaseDate"":""12/08/14"",""endOwnershipDate"":""12/22/15"",""city"":""Chippewa Falls"",""state"":""WI""}','{""ownerNumber"":2,""purchaseDate"":""07/22/16"",""endOwnershipDate"":""06/03/23"",""city"":""Frederic"",""state"":""WI""}','{""ownerNumber"":3,""purchaseDate"":""07/17/23"",""endOwnershipDate"":""05/12/26"",""city"":""Park Falls"",""state"":""WI""}']",28,29,0,"2026-09-01","ENHANCED","USED",true,"[PREMIUM]","Michigan City","IN","46360","[PREMIUM]",3.5,6,"YHL5AKBAYT","[PREMIUM]","[PREMIUM]","[PREMIUM]","[PREMIUM]","[PREMIUM]","ADVANTAGE",,,,,"[PREMIUM]","[PREMIUM]",29,"['Sync','Supercrew Cab']",2,"[]",,"Engine: 5.0L V8 Ffv. All advertised prices exclude government fees and taxes, any finance charges, any dealer document preparation charge, and any emission testing charge. While we try to make sure that all prices posted here are accurate at all times, we cannot be responsible for typographical and other errors that may appear on the site. We make every effort to provide you the most accurate, up-to-the-minute information, however it is your responsibility to verify with the Dealer that all details listed are accurate. The dealership is not responsible for typographical, pricing, product information, advertising or shipping errors. Advertised prices and available quantities are subject to change without notice. All rates and offers are dependent on bank approval, which varies based on applicant's credit as well as the vehicle.","[PREMIUM]","[PREMIUM]",172.5,
"1GTV2UEC0EZ188290WA66AW400120260901","2026-09-04 22:28:19.586","2026-09-04 22:28:19.586","[PREMIUM]","[PREMIUM]","42251-AFC",2014,"GMC","Sierra 1500","SLE",,"Pickup","Gray","Black","8 Cyl","5.3 L","4WD","Automatic","Gasoline",175860,"[PREMIUM]","[PREMIUM]",12550,"GREAT","Used","Extended Cab","Regular Bed",16,22,18,,true,true,,"['{""ownerNumber"":1,""purchaseDate"":""09/19/14"",""endOwnershipDate"":""04/27/15"",""state"":""ON""}','{""ownerNumber"":2,""purchaseDate"":""04/27/15"",""endOwnershipDate"":""05/07/26"",""state"":""ON""}','{""ownerNumber"":3,""purchaseDate"":""06/09/26"",""endOwnershipDate"":""08/27/26"",""city"":""Burton"",""state"":""MI""}']",7,26,0,"2026-09-01","ENHANCED","USED",true,"[PREMIUM]","Chesaning","MI","48616","[PREMIUM]",3.4,63,"WA66AW4001","[PREMIUM]","[PREMIUM]","[PREMIUM]","[PREMIUM]","[PREMIUM]","ADVANTAGE",,,,,"[PREMIUM]","[PREMIUM]",26,"['Off-Road Package','Suspension Package','Double Cab','Tinted Windows','Bench Seat','Led Lights','Trailer Stability Assist','Front Stabilizer Bar']",8,"['4-Wheel Disc Brakes','6 Speakers','Airbags','Anti-Lock Brakes','Automatic Headlights','Automatic Rollover Support System','Cargo Area Tie Downs','Child Seat Anchors','Daytime Running Lights','Digital Instrument Cluster','Dual-Stage Front Airbags','Front Airbags (Driver)','Front Airbags (Passenger)','Front Side Airbags (Driver)','Front Side Airbags (Passenger)','Halogen Headlights','Hill Assist System','Maintenance Free Battery','One-Touch Power Windows','Passenger Sensing Airbag','Power Steering','Rear-View Camera','Retained Accessory Power','Side Curtain Airbags','Split/Folding Seats','Stability Control','Step Bumper','Tachometer','Tailgate Lift Assist','Tire Pressure Monitoring System','Traction Control','Vanity Mirror/Light']",32,"Visit Showcase Auto Sales online at www.showcaseautosalesllc.com to see more pictures of this vehicle or call us at 989-845-1091 today to schedule your test drive.","[PREMIUM]","[PREMIUM]",165.5,
"1GCNCREH1EZ3515045665FQE00120260827","2026-09-04 22:28:19.580","2026-09-04 22:28:19.580","[PREMIUM]","[PREMIUM]","351504",2014,"Chevrolet","Silverado 1500","LT",,"Pickup","Green","Gray","6 Cyl","4.3 L","RWD","Automatic","Gasoline",150072,"[PREMIUM]","[PREMIUM]",11670,"FAIR","Used","Regular Cab","Long Bed",18,23,20,,true,,,"['{""ownerNumber"":1,""purchaseDate"":""10/20/14"",""endOwnershipDate"":""03/20/25"",""city"":""Wilmington"",""state"":""DE""}','{""ownerNumber"":2,""purchaseDate"":""03/20/25"",""endOwnershipDate"":""03/29/25"",""city"":""Wilmington"",""state"":""DE""}','{""ownerNumber"":3,""purchaseDate"":""06/24/25"",""endOwnershipDate"":""04/28/26"",""city"":""Wilmington"",""state"":""DE""}']",49,28,0,"2026-08-27","ENHANCED","USED",true,"[PREMIUM]","Mahwah","NJ","07430","[PREMIUM]",5,1,"5665FQE001","[PREMIUM]","[PREMIUM]","[PREMIUM]","[PREMIUM]","[PREMIUM]","ADVANTAGE","GOOD","AVERAGE","AVERAGE",450,"[PREMIUM]","[PREMIUM]",28,"['Towing Package','Keyless Entry','Trailer Hitch','Alloy Wheels','Satellite Radio','Side Airbags']",6,"['AM/FM','Adjustable Steering Wheel','Air Conditioning','Anti-Lock Brakes','CD (Single Disc)','Cruise Control','Daytime Running Lights','Dual Airbags','Handsfree/Bluetooth Integration','Hill Assist System','MP3','OnStar Communication System','Power Locks','Power Steering','Power Windows','Side Curtain Airbags','Stability Control','Traction Control']",18,"<p></p>Unleash the Power of the 2014 Chevrolet Silverado 1500 Regular Cab LT!<p>Get ready to ignite your driving passion with this dynamic 2014 Chevrolet Silverado 1500 Regular Cab LT Pickup! Dressed in a striking green exterior and complemented by a comfortable gray interior, this truck is built to turn heads and conquer the road. Experience the perfect blend of durability and style every time you get behind the wheel. With its strong presence and spirited performance, this Silverado is ready to elevate every journey and tackle any challenge with confidence.</p><p>Don t miss your chance to own this bold and reliable pickup. Take the wheel today and feel the excitement with every mile!</p><p></p>","[PREMIUM]","[PREMIUM]",152,
"1C6RR7FT8ES217001YHL5AKBAYT20260902","2026-09-04 22:28:19.579","2026-09-04 22:28:19.579","[PREMIUM]","[PREMIUM]","11457",2014,"Ram","1500","ST","Express","Pickup","Black","Gray","8 Cyl","5.7 L","4WD","Automatic","Gasoline",147581,"[PREMIUM]","[PREMIUM]",12620,"GREAT","Used","Crew Cab","Long Bed",,,,,true,true,true,"['{""ownerNumber"":1,""purchaseDate"":""02/12/14"",""endOwnershipDate"":""05/07/26"",""city"":""West Bend"",""state"":""WI""}']",37,31,0,"2026-09-02","ENHANCED","USED",true,"[PREMIUM]","Michigan City","IN","46360","[PREMIUM]",3.5,6,"YHL5AKBAYT","[PREMIUM]","[PREMIUM]","[PREMIUM]","[PREMIUM]","[PREMIUM]","ADVANTAGE",,,,,"[PREMIUM]","[PREMIUM]",31,"['Popular Equipment Package','Trailer Hitch','Quad Cab','Bench Seat','20 Inch Wheels','Satellite Radio','Cloth Seats','UConnect System']",8,"['AM/FM','Handsfree/Bluetooth Integration','Split/Folding Seats','Telematics System']",4,"50 State Emissions, Add Class Iv Receiver Hitch, Black Clearcoat, Black Ram 1500 Express Group, Diesel Gray/Black, Cloth 40/20/40 Bench Seat, Engine: 5.7L V8 Hemi Mds Vvt, Popular Equipment Group, Quick Order Package 25C Express, Radio: Uconnect 5.0 Am/Fm/Bt, Siriusxm Satellite Radio, Trailer Tow Mirrors &amp; Brake Group, Transmission: 6-Speed Automatic (65Rfe), Wheels: 20'' X 8'' Black Aluminum. All advertised prices exclude government fees and taxes, any finance charges, any dealer document preparation charge, and any emission testing charge. While we try to make sure that all prices posted here are accurate at all times, we cannot be responsible for typographical and other errors that may appear on the site. We make every effort to provide you the most accurate, up-to-the-minute information, however it is your responsibility to verify with the Dealer that all details listed are accurate. The dealership is not responsible for typographical, pricing, product information, advertising or shipping errors. Advertised prices and available quantities are subject to change without notice. All rates and offers are dependent on bank approval, which varies based on applicant's credit as well as the vehicle.","[PREMIUM]","[PREMIUM]",176,"Moderate Damage"
"1C6RR7LGXES292337RL6ELYXIRR20260901","2026-09-04 22:28:19.570","2026-09-04 22:28:19.570","[PREMIUM]","[PREMIUM]","14432A",2014,"Ram","1500","SLT","Big Horn","Pickup","Black","Gray","6 Cyl","3.6 L","4WD","Automatic","Flexible-Fuel",151177,"[PREMIUM]","[PREMIUM]",13370,,"Used","Crew Cab","Short Bed",16,23,19,true,true,true,,"['{""ownerNumber"":1,""purchaseDate"":""10/07/14"",""endOwnershipDate"":""02/21/15"",""city"":""Janesville"",""state"":""WI""}','{""ownerNumber"":2,""purchaseDate"":""03/17/15"",""endOwnershipDate"":""09/01/26"",""city"":""Janesville"",""state"":""WI""}']",35,10,0,"2026-09-01","ENHANCED","NEW",true,"[PREMIUM]","Jefferson","WI","53549","[PREMIUM]",4.7,335,"RL6ELYXIRR","[PREMIUM]","[PREMIUM]","[PREMIUM]","[PREMIUM]","[PREMIUM]","TOPRATED",,,,,"[PREMIUM]","[PREMIUM]",10,"['Luxury Package','Remote Start','Keyless Entry','Fog Lights','Trailer Hitch','Bucket Seats','Folding Mirrors','Alloy Wheels','20 Inch Wheels','17 Inch Wheels']",10,"['115V Power Outlet','4-Wheel Disc Brakes','6 Speakers','AM/FM','Adjustable Seats','Adjustable Steering Wheel','Air Conditioning','Anti-Lock Brakes','Anti-Theft System','Armrest Storage','Auto-Dimming Mirror','Automatic Headlights','Braking Assist','Chrome Bumpers','Chrome Wheels','Cloth Seats','Compass','Cruise Control','Cup Holder','Delay-Off Headlights','Door Bin','Driver Adjustable Lumbar','Electroluminescent Instrumentation','Front Airbags (Driver)','Front Airbags (Passenger)','Front Anti-Roll Bar','Front Bench Seat','Front Center Armrest','Front Side Airbags (Driver)','Front Side Airbags (Passenger)','Handsfree/Bluetooth Integration','Heated Mirrors','Illuminated Entry','Illuminated Glove Box','Independent Suspension','Integrated Garage Door Opener','Intermittent Wipers','Leather Steering Wheel','Overhead Airbag','Overhead Console','Panic Button','Passenger Sensing Airbag','Power Folding Mirrors','Power Mirrors','Power Seat (Dual)','Power Steering','Power Windows','Radio Data System','Reading Lights','Rear Anti-Roll Bar','Rear Center Armrest','Remote Keyless Entry','Security Package','Split/Folding Seats','Stability Control','Steering Wheel Controls','Step Bumper','Tachometer','Telematics System','Thermometer','Tire Pressure Monitoring System','Traction Control','Trip Computer','Turn Signal Mirrors','USB Adapter','Uconnect System','Vanity Mirror/Light','Vinyl Seats','Voice-Activated Command System']",69,"Recent Arrival! 2014 Ram Black Clearcoat 1500 Big Horn *CLEAN CARFAX*, *BOUGHT &amp; SERVICED HERE*, *REMOTE START, 115V Auxiliary Power Outlet, 40/20/40 Split Bench Seat, Ash Tray Lamp, Auto Dim Exterior Mirror, Auto-Dimming Exterior Passenger Mirror, Bighorn Badge, Bright/Bright Billets Grille, Charge Only Remote USB Port, Class IV Receiver Hitch, Electric Shift-On-Demand Transfer Case, Electroluminescent Instrument Cluster, Exterior Mirrors Courtesy Lamps, Exterior Mirrors w/Supplemental Signals, Fog Lamps, Folding Flat Load Floor Storage, Front Armrest w/3 Cupholders, Front Center Seat Cushion Storage, Glove Box Lamp, Leather Wrapped Steering Wheel, Luxury Group, Overhead Console w/Garage Door Opener, Power 10-Way Driver Seat, Power Folding Mirrors, Power Heated Fold-Away Mirrors, Power Lumbar Adjust, Premium Cloth 40/20/40 Bench Seat, Quick Order Package 22Z Big Horn, Rear 60/40 Split Folding Seat, Rear Dome w/On/Off Switch Lamp, Rear-View Auto-Dimming Mirror w/Microphone, Remote Start &amp; Security Group, Remote Start System, Security Alarm, Steering Wheel Mounted Audio Controls, Storage Tray, Sun Visors w/Illuminated Vanity Mirrors, Underhood Lamp, Universal Garage Door Opener, Wheels: 20"" x 8"" Aluminum Chrome Clad.<br />We are part of the Griffin automotive group that has been family owned and operated since 1960. When you purchase a car or truck from Griffin Chrysler Dodge Jeep Ram, you are more than just a customer, you become a part of our family. We will provide you with a Great selection of vehicles to choose from to fit your lifestyle needs and budget. We will deliver you the best financing terms and warranty options available. And our trusted Service Department will drive with you for as long as you own your vehicle, ensuring your safety and peace of mind. Visit us today, we look forward to you joining the Griffin Family! Call our knowledgeable sales staff today at 920-674-7070 or come in and visit us in person at 1121 S Main in Jefferson, WI.","[PREMIUM]","[PREMIUM]",166.75,
"3GCUKSEC9EG214563H1YSPTUZ3W20260901","2026-09-04 22:28:19.532","2026-09-04 22:28:19.532","[PREMIUM]","[PREMIUM]","EC710",2014,"Chevrolet","Silverado 1500","LTZ",,"Pickup","White","Black","8 Cyl","5.3 L","4WD","Automatic","Gasoline",165245,"[PREMIUM]","[PREMIUM]",15360,"GREAT","Used","Crew Cab",,16,22,18,,true,,,"[]",26,27,0,"2026-09-01","ENHANCED","NEW",true,"[PREMIUM]","Janesville","WI","53546","[PREMIUM]",4.7,1097,"H1YSPTUZ3W","[PREMIUM]","[PREMIUM]","[PREMIUM]","[PREMIUM]","[PREMIUM]","TOPRATED",,,,,"[PREMIUM]","[PREMIUM]",27,"['Remote Start','Keyless Entry','Fog Lights','Trailer Hitch','Leather Seats','Heated Seats','Tinted Windows','Alloy Wheels','Locking Differential','Heated Mirrors']",10,"['110V Power Outlet','2nd Row Split/Folding Seats','4-Wheel Disc Brakes','6 Speakers','AM/FM','Adjustable Steering Wheel','Air Conditioning','Anti-Lock Brakes','Anti-Theft System','Armrest Storage','Auto Climate Control','Auto-Dimming Mirror','Automatic Headlights','Auxiliary Transmission Cooler','Body Side Moldings','Braking Assist','CD (Single Disc)','Chevrolet MyLink','Chrome Bumpers','Chrome Door Handles','Chrome Mirrors','Compass','Cruise Control','Delay-Off Headlights','Digital Instrument Cluster','Door Bin','Dual-Zone Climate Control','Emergency Communication System','Floor Mats','Front Airbags (Driver)','Front Airbags (Passenger)','Front Anti-Roll Bar','Front Bench Seat','Front Center Armrest','Front Side Airbags (Driver)','Front Side Airbags (Passenger)','HD Radio','Halogen Fog Lights','Handsfree/Bluetooth Integration','Illuminated Entry','Independent Suspension','Integrated Garage Door Opener','Intermittent Wipers','Leather Steering Wheel','Leather Trimmed Interior','Leather Trimmed Seats','MP3','OnStar Communication System','One-Touch Power Windows','Overhead Airbag','Overhead Console','Panic Button','Passenger Sensing Airbag','Power Mirrors','Power Seat (Dual)','Power Steering','Premium Sound System','Radio Data System','Reading Lights','Rear Bench Seat','Rear Center Armrest','Rear Power Windows','Rear Window Defroster','Rear-View Camera','Remote Keyless Entry','Satellite Radio','Seat Memory','Sliding Rear Window','Speed-Sensing Steering','Split/Folding Seats','Stability Control','Steering Wheel Controls','Step Bumper','Tachometer','Tailgate Lift Assist','Telematics System','Thermometer','Tire Pressure Monitoring System','Touch-Screen Sound System','Traction Control','Trip Computer','Turn Signal Mirrors','Vanity Mirror/Light']",83,"Located at our Budget lot 1521 Center Ave. Janesville WI 53546. Phone:(608)470-7555. https://www.kaysermotorcars.com/<br /><br />This 2014 Chevrolet Silverado 1500 LTZ delivers the capability and comfort you need in a dependable pickup truck. Finished in white with a powerful EcoTec3 5.3L V8 engine paired with a 6-speed automatic transmission, this 4WD Silverado is ready for work or weekend adventures. The LTZ trim brings refined touches with leather seating, premium audio, and modern conveniences that make every drive enjoyable.<br /><br />- Chevrolet MyLink premium audio system with Bluetooth connectivity<br />- Dual-Zone Automatic Climate Control with heated front seats<br />- Rear Vision Camera with Dynamic Guide Lines<br />- Trailering Equipment for hauling capability<br />- Leather Appointed Seat Trim with power adjustments<br />- Remote Vehicle Starter System<br />- Power Sliding Rear Window and EZ Lift &amp; Lower Tailgate<br />- SiriusXM Satellite &amp; HD Radio<br />- Fully automatic headlights with front fog lamps<br />- Electronic Stability Control and 4-Wheel Disc Brakes<br /><br />This Silverado combines functionality with comfort, offering 16 city and 22 highway MPG efficiency. The truck features a well-appointed interior with modern technology, from the touchscreen infotainment system to the onboard trip computer. Security features include a theft deterrent system, garage door transmitter, and OnStar Directions &amp; Connections plan.<br /><br />Come see this capable pickup today and experience the reliability Silverado owners trust. Whether you need a workhorse or a confident daily driver, this LTZ is ready to impress.<br /><br />Call or email now! This one won't be here for long! ""A KAYSER BUYER IS A WISER BUYER!"" Customers who choose to buy a vehicle from us are making an informed and smart decision due to our transparent pricing, excellent customer service, and commitment to a hassle-free buying experience We do not sell Manufacturer Buybacks/Lemon Law Vehicles or any other vehicle with a bad branded title. For more information call us at 1-608-607-3082 or visit us at www.kayserjanesville.com.","[PREMIUM]","[PREMIUM]",169.75,"Accident Reported"
"1FT8W3B62EEB54479FMFSMZA3QW20260829","2026-09-04 22:28:19.505","2026-09-04 22:28:19.505","[PREMIUM]","[PREMIUM]","1131A",2014,"Ford","F-350","XL",,"Pickup","Black",,"8 Cyl","6.2 L","4WD","Automatic","Flexible-Fuel",260663,"[PREMIUM]","[PREMIUM]",12120,"GREAT","Used","Crew Cab",,,,,true,true,,,"[]",17,14,0,"2026-08-29","ENHANCED","USED",,"[PREMIUM]","Akron","OH","44312","[PREMIUM]",,,"FMFSMZA3QW","[PREMIUM]","[PREMIUM]","[PREMIUM]","[PREMIUM]","[PREMIUM]","ADVANTAGE",,,,,"[PREMIUM]","[PREMIUM]",14,"['Spare Tire']",1,"['AM/FM','Adjustable Steering Wheel','Alert System Impact Sensor','Antenna','Armrest Storage','Cargo Area Light','Child Safety Locks','Child Seat Anchors','Cup Holder','Digital Instrument Cluster','Fuel Data Display','Intermittent Wipers','Overhead Console','Post-Collision Safety System','Power Steering','Reading Lights','Rear Center Armrest','Tachometer','Tire Pressure Monitoring System','Trip Odometer']",20,"8 foot bed....leather....4x4This vehicle is available now at Truck Yeah USA, your trusted truck and SUV dealership located at 1573 Canton Rd, Akron, Ohio 44312. We specialize in quality trucks and SUVs that are inspected, ready to go, and priced to move.At Truck Yeah USA, we price our vehicles at or below current market low values to ensure you're getting the best deal possible without the hassle of negotiation. Our goal is simple: great vehicles, fair pricing, and a smooth buying experience.We proudly offer financing options for every credit situation - whether you have excellent credit, challenged credit, no credit, or are rebuilding. Our experienced finance team works with a network of lenders to help secure approvals and affordable payment options tailored to your needs.- Market-based pricing- Financing for all credit types- Trucks &amp; SUVs you can depend on- Friendly, no-pressure buying experience","[PREMIUM]","[PREMIUM]",171.75,
"1FTMF1CT0EFA54494UV4PRPFJFB20260901","2026-09-04 22:28:19.496","2026-09-04 22:28:19.496","[PREMIUM]","[PREMIUM]","5158A",2014,"Ford","F-150","FX2",,"Pickup","Red","Black","6 Cyl","3.5 L","RWD","Automatic","Gasoline",180892,"[PREMIUM]","[PREMIUM]",14410,,"Used","Regular Cab",,16,22,18,,true,true,,"['{""ownerNumber"":1,""purchaseDate"":""11/13/14"",""endOwnershipDate"":""05/31/17"",""city"":""Kenner"",""state"":""LA""}','{""ownerNumber"":2,""purchaseDate"":""08/11/17"",""endOwnershipDate"":""11/21/23"",""city"":""Chalmette"",""state"":""LA""}','{""ownerNumber"":3,""purchaseDate"":""04/25/24"",""endOwnershipDate"":""06/26/26"",""city"":""Vancleave"",""state"":""MS""}']",29,29,0,"2026-09-01","ENHANCED","NEW",true,"[PREMIUM]","Gulfport","MS","39503","[PREMIUM]",4.5,790,"UV4PRPFJFB","[PREMIUM]","[PREMIUM]","[PREMIUM]","[PREMIUM]","[PREMIUM]","TOPRATED",,,,,"[PREMIUM]","[PREMIUM]",29,"['Payload Package','Ecoboost','Keyless Entry','Fog Lights','Leather Seats','18 Inch Wheels','Alloy Wheels','Satellite Radio','Independent Suspension']",9,"['4 Speakers','4-Wheel Disc Brakes','AM/FM','Adjustable Pedals','Adjustable Steering Wheel','Air Conditioning','Anti-Lock Brakes','Anti-Theft System','Auto-Dimming Mirror','Automatic Headlights','Body Colored Bumpers','CD (Single Disc)','Clock','Compass','Cruise Control','Delay-Off Headlights','Digital Instrument Cluster','Door Bin','Front Airbags (Driver)','Front Airbags (Passenger)','Front Anti-Roll Bar','Front Bucket Seats','Front Center Armrest','Front Side Airbags (Driver)','Front Side Airbags (Passenger)','High Intensity Discharge Headlights','Illuminated Entry','Intermittent Wipers','Leather Steering Wheel','Leather Trimmed Interior','Leather Trimmed Seats','Overhead Airbag','Panic Button','Passenger Sensing Airbag','Power Locks','Power Mirrors','Power Seat (Dual)','Power Steering','Power Windows','Radio Data System','Reading Lights','Rear Window Defroster','Remote Keyless Entry','Speed-Sensing Steering','Stability Control','Steering Wheel Controls','Step Bumper','Sync with MyFord','Tachometer','Telematics System','Thermometer','Tire Pressure Monitoring System','Traction Control','Trip Computer','Vanity Mirror/Light','Voice-Activated Command System']",56,"2014 Ford F-150 FX2<br />RWD 6-Speed Automatic Electronic 3.5L V6<br /><br /><br />Awards:<br /> * 2014 KBB.com Brand Image Awards<br /><br />Includes:GVWR: 6,650 lbs Payload Package, 18"" Machined Cast-Aluminum Wheels, 4 Speakers, 4-Wheel Disc Brakes, 4.2"" LCD Productivity Screen in Instrument Cluster, ABS brakes, Adjustable pedals, Air Conditioning, Alloy wheels, AM/FM radio: SiriusXM, Auto-dimming Rear-View mirror, Bumpers: body-color, CD player, Compass, Delay-off headlights, Driver door bin, Driver vanity mirror, Dual front impact airbags, Dual front side impact airbags, Electronic Locking w/4.10 Axle Ratio, Electronic Stability Control, Front anti-roll bar, Front Bucket Seats, Front Center Armrest, Front fog lights, Front wheel independent suspension, Fully automatic headlights, High-Intensity Discharge Headlights, Illuminated entry, Leather steering wheel, Low tire pressure warning, Occupant sensing airbag, Outside temperature display, Overhead airbag, Panic alarm, Passenger door bin, Passenger vanity mirror, Power door mirrors, Power driver seat, Power steering, Power windows, Radio data system, Radio: AM/FM Stereo/Single-CD Player w/Clock, Rear reading lights, Rear step bumper, Rear window defroster, Remote keyless entry, Security system, SiriusXM Satellite Radio, Speed control, Speed-sensing steering, Steering wheel mounted audio controls, SYNC MyFord, SYNC Voice Activated Communication &amp; Entertainment, Tachometer, Telescoping steering wheel, Tilt steering wheel, Traction control, Trip computer, Unique Leather-Trimmed Front Bucket Seats, and Variably intermittent wipers.","[PREMIUM]","[PREMIUM]",149.75,
"3GCUKSEJ2EG411590U81UYIVKFV20260902","2026-09-04 22:28:19.493","2026-09-04 22:28:19.493","[PREMIUM]","[PREMIUM]","C1590",2014,"Chevrolet","Silverado 1500","LTZ",,"Pickup","White","Gray","8 Cyl","6.2 L","4WD","Automatic","Flexible-Fuel",208790,"[PREMIUM]","[PREMIUM]",15240,"GREAT","Used","Crew Cab","Short Bed",14,20,17,,true,true,,"['{""ownerNumber"":1,""purchaseDate"":""06/05/14"",""endOwnershipDate"":""03/08/16"",""city"":""Iron Mountain"",""state"":""MI""}','{""ownerNumber"":2,""purchaseDate"":""06/28/16"",""endOwnershipDate"":""08/28/24"",""city"":""Iron Mountain"",""state"":""MI""}','{""ownerNumber"":3,""purchaseDate"":""09/03/24"",""endOwnershipDate"":""Present"",""city"":""Lanse"",""state"":""MI""}']",42,,0,"2026-09-02","ENHANCED","USED",true,"[PREMIUM]","Green Bay","WI","54301","[PREMIUM]",3.7,3,"U81UYIVKFV","[PREMIUM]","[PREMIUM]","[PREMIUM]","[PREMIUM]","[PREMIUM]","ADVANTAGE",,,,,"[PREMIUM]","[PREMIUM]",,"['Remote Start','Keyless Entry','Fog Lights','Leather Seats','Heated Seats','Heated Steering Wheel','Tinted Windows','Lane Departure Warning','Locking Differential','Bose Sound System']",10,"['12V Power Outlet','3-Point Seat Belts','AM/FM','Adjustable Headrests','Adjustable Seats','Adjustable Steering Wheel','Air Conditioning','Airbag Deactivation (Passenger)','All-Season Tires','Antenna','Anti-Lock Brakes','Anti-Theft System','Armrest Storage','Auto Climate Control','Auto-Dimming Mirror','Aux Audio Adapter','Auxiliary Transmission Cooler','Body Side Moldings','CD (Single Disc)','Cargo Area Light','Center Console','Chevrolet MyLink','Child Safety Locks','Child Seat Anchors','Chrome Bumpers','Chrome Door Handles','Chrome Front Grill','Clock','Collision Warning System','Cruise Control','Cup Holder','Daytime Running Lights','Digital Instrument Cluster','Driver Adjustable Lumbar','Dual-Zone Climate Control','Floor Mats','Front Airbags (Driver)','Front Airbags (Passenger)','Front Bench Seat','Front Headrests','Front Side Airbags','Front Side Airbags (Driver)','Front Side Airbags (Passenger)','Front Stabilizer Bar','Full Size Spare Tire','HD Radio','Halogen Headlights','Handsfree/Bluetooth Integration','Heated Mirrors','Hill Assist System','Illuminated Entry','Independent Suspension','Intermittent Wipers','Leaf Rear Spring','Leather Steering Wheel','MP3','Maintenance Free Battery','Memorized Settings','Memory Card Slot','OnStar Communication System','One-Touch Power Windows','Panic Button','Passenger Adjustable Lumbar','Passenger Sensing Airbag','Power Folding Mirrors','Power Locks','Power Mirrors','Power Seat (Dual)','Power Steering','Radio Data System','Rear Bench Seat','Rear Disc Brakes','Rear Headrests','Rear-View Camera','Satellite Radio','Seat Belt Warning System','Seat Memory','Side Curtain Airbags','Sliding Rear Window','Split/Folding Seats','Stability Control','Steel Wheels','Steering Wheel Controls','Tachometer','Telematics System','Tire Pressure Monitoring System','Touch-Screen Display','Turn Signal Mirrors','USB Audio Interface','Window Lockout Button']",90,"Introducing the 2014 Chevrolet Silverado 1500 LTZ, the ultimate combination of power, performance, and style. Whether you're hauling heavy loads or cruising down the highway, the Silverado 1500 LTZ has got you covered. With its rugged exterior and luxurious interior, this truck is ready for any adventure you throw its way.<br /><br />Under the hood, you'll find a powerful 5.3L V8 engine that delivers an impressive 355 horsepower and 383 lb-ft of torque. Paired with a smooth 6-speed automatic transmission, the Silverado 1500 LTZ provides a seamless driving experience. And with its impressive towing capacity of up to 9,000 pounds, this truck can handle all your towing needs with ease.<br /><br />Step inside the Silverado 1500 LTZ and you'll be greeted by a spacious and comfortable cabin. The premium leather seats and heated steering wheel provide a touch of luxury, while the advanced technology features such as the 8-inch touchscreen display, Bluetooth connectivity, and Bose sound system keep you connected and entertained on the road.<br /><br />But the Silverado 1500 LTZ isn't just about power and comfort, it also prioritizes safety. With features like forward collision alert, lane departure warning, and rear vision camera, you can drive with confidence and peace of mind.<br /><br />Don't miss your chance to own this exceptional truck. Come see the 2014 Chevrolet Silverado 1500 LTZ today and experience the perfect blend of ruggedness and refinement. With its extra spacing, this truck is sure to stand out on the road and make a statement wherever you go.","[PREMIUM]","[PREMIUM]",161.5,
"1GCRCREH1FZ398910LWZRH6THFF20260903","2026-09-04 20:28:21.084","2026-09-04 20:28:21.084","[PREMIUM]","[PREMIUM]","8910",2015,"Chevrolet","Silverado 1500","LT","LT1","Pickup","Black",,"6 Cyl","4.3 L","RWD","Automatic","Gasoline",156753,"[PREMIUM]","[PREMIUM]",12840,"FAIR","Used","Extended Cab","Regular Bed",18,24,20,true,true,true,true,"['{""ownerNumber"":1,""purchaseDate"":""08/05/16"",""endOwnershipDate"":""07/07/26"",""city"":""Palm Coast"",""state"":""FL""}']",11,16,0,"2026-09-03","ENHANCED","USED",true,"[PREMIUM]","Greenville","SC","29611","[PREMIUM]",,,"LWZRH6THFF","[PREMIUM]","[PREMIUM]","[PREMIUM]","[PREMIUM]","[PREMIUM]","ADVANTAGE","GOOD","AVERAGE","AVERAGE",390,"[PREMIUM]","[PREMIUM]",16,"['Suspension Package','Double Cab','Tinted Windows','Bench Seat','Locking Tailgate','Trailer Stability Assist']",6,"['4-Wheel Disc Brakes','6 Speakers','Airbags','Anti-Lock Brakes','Automatic Headlights','Automatic Rollover Support System','Child Seat Anchors','Daytime Running Lights','Digital Instrument Cluster','Dual-Stage Front Airbags','Front Airbags (Driver)','Front Airbags (Passenger)','Front One-Touch Power Windows','Front Side Airbags (Driver)','Front Side Airbags (Passenger)','Hill Assist System','Maintenance Free Battery','Passenger Sensing Airbag','Power Steering','Power Windows','Rally 1 Package','Rally 2 Package','Rear One-Touch Power Windows','Retained Accessory Power','Side Curtain Airbags','Split/Folding Seats','Stability Control','Tachometer','Tailgate Lift Assist','Tire Pressure Monitoring System','Traction Control','Vanity Mirror/Light']",32,"This black 2015 Chevrolet Silverado 1500 is the kind of pickup that looks ready for work Monday morning and a hardware-store victory lap Saturday afternoon. Under the hood is a 4.3L FlexFuel EcoTec3 V6, pairing direct injection and variable valve timing with the flexibility to run on unleaded or E85—plus the kind of torque that makes towing and hauling feel refreshingly drama-free. Power goes to the rear wheels through a 3.23 rear axle, and a handling/trailering-tuned setup helps it stay composed when the load (or the weekend plans) get serious.It’s built with truck-tough fundamentals, including a fully-boxed frame, an external engine oil cooler, and confident stopping power from 4-wheel disc brakes with DURALIFE rotors and 4-wheel ABS. Around back, the EZ-Lift-and-Lower locking tailgate and CornerStep bumper make loading up less of a chore, while bed-rail protection caps and rear wheelhouse liners help keep the pickup box looking sharp.Inside, you’ll find a straightforward, useful cabin: a 6-speaker audio system, a clear 6-gauge cluster, a 4.2-inch color Driver Information Center, and power windows all around. Deep-tinted glass, daytime running lamps, stability/traction control, and a full airbag system round out the confidence.A CARFAX report is available for added peace of mind. Visit Karz For Less Inc White Horse to shop our great deals. You can contact us or call 864-349-1411 to schedule your test drive today.","[PREMIUM]","[PREMIUM]",166.75,
"1FTEW1CP7FFA16219QN1UAOJ0XE20260901","2026-09-04 20:28:21.077","2026-09-04 20:28:21.077","[PREMIUM]","[PREMIUM]","R261639A",2015,"Ford","F-150","XLT",,"Pickup","Blue","Black","6 Cyl","2.7 L","RWD","Automatic","Gasoline",158483,"[PREMIUM]","[PREMIUM]",15450,"GOOD","Used","Crew Cab","Short Bed",19,26,22,true,true,true,,"['{""ownerNumber"":1,""purchaseDate"":""04/16/15"",""endOwnershipDate"":""05/11/15"",""city"":""Chandler"",""state"":""AZ""}','{""ownerNumber"":2,""purchaseDate"":""05/11/15"",""endOwnershipDate"":""11/14/19"",""city"":""Chandler"",""state"":""AZ""}','{""ownerNumber"":3,""purchaseDate"":""11/14/19"",""endOwnershipDate"":""06/29/24"",""city"":""Aliso Viejo"",""state"":""CA""}','{""ownerNumber"":4,""purchaseDate"":""07/20/24"",""endOwnershipDate"":""09/01/26"",""city"":""San Bernardino"",""state"":""CA""}']",17,,0,"2026-09-01","ENHANCED","NEW",true,"[PREMIUM]","Redlands","CA","92374","[PREMIUM]",4.7,451,"QN1UAOJ0XE","[PREMIUM]","[PREMIUM]","[PREMIUM]","[PREMIUM]","[PREMIUM]","TOPRATED",,,,,"[PREMIUM]","[PREMIUM]",,"['Sport Appearance Package','Ecoboost','Keyless Entry','Fog Lights','Trailer Hitch','Running Boards','Sync','18 Inch Wheels','Alloy Wheels','17 Inch Wheels']",10,"['110V Power Outlet','2nd Row Split/Folding Seats','4-Wheel Disc Brakes','6 Speakers','AM/FM','Adjustable Headrests','Adjustable Pedals','Adjustable Seats','Adjustable Steering Wheel','Air Conditioning','Anti-Lock Brakes','Anti-Theft System','Armrest Storage','Auto-Dimming Mirror','Automatic Headlights','Auxiliary Transmission Cooler','Black Grille','Body Colored Bumpers','Body Colored Door Handles','Braking Assist','CD (Single Disc)','Chrome Bumpers','Cloth Seats','Compass','Console','Cruise Control','Delay-Off Headlights','Digital Instrument Cluster','Door Bin','Front Airbags (Driver)','Front Airbags (Passenger)','Front Anti-Roll Bar','Front Center Armrest','Front Headrests','Front Side Airbags (Driver)','Front Side Airbags (Passenger)','Front Stabilizer Bar','Heated Mirrors','Illuminated Entry','Independent Suspension','Intermittent Wipers','Leather Steering Wheel','Overhead Airbag','Panic Button','Passenger Adjustable Lumbar','Passenger Sensing Airbag','Power Mirrors','Power Seat (Dual)','Power Steering','Power Windows','Privacy Glass','Radio Data System','Reading Lights','Rear Window Defroster','Rear-View Camera','Remote Keyless Entry','Satellite Radio','Speed-Sensing Steering','Split/Folding Seats','Sport Seats','Stability Control','Steering Wheel Controls','Step Bumper','SuperCrew Cab','Tachometer','Telematics System','Thermometer','Tire Pressure Monitoring System','Traction Control','Trailer Backup Assist','Trailer Tow Package','Under-Seat Storage','Vanity Mirror/Light','Voice-Activated Command System']",74,"19/26 City/Highway MPG<br /><br />* WE BUY CARS!!! We are partnered with Kelley Blue Book and are a certified Instant Cash Offer dealership. Within 20 minutes, you can get a competitive offer from Kelley Blue Book directly, sign paperwork, and drop off your car-- even if you don't buy a car from us! * In addition to the great price and condition of this vehicle, we offer our customers the option for a virtual transaction all online and over the phone. Our paperless contracting services compliment our ability for local, at home, curbside delivery. For out of state customers, we can also arrange transported delivery at a discounted rate.","[PREMIUM]","[PREMIUM]",139.25,
"1FTEX1C86FKF02890WN01E1E3UR20260902","2026-09-04 20:28:21.077","2026-09-04 20:28:21.077","[PREMIUM]","[PREMIUM]","FKF02890A",2015,"Ford","F-150","XL",,"Pickup","Red","Gray","6 Cyl","3.5 L","RWD","Automatic","Flexible-Fuel",144915,"[PREMIUM]","[PREMIUM]",,"FAIR","Used","Extended Cab","Regular Bed",18,24,20,,true,true,,"['{""ownerNumber"":1,""purchaseDate"":""08/16/17"",""endOwnershipDate"":""01/13/21"",""city"":""Anna"",""state"":""TX""}','{""ownerNumber"":2,""purchaseDate"":""01/13/21"",""endOwnershipDate"":""Present"",""city"":""Howe"",""state"":""TX""}']",22,,0,"2026-09-02","ENHANCED","USED",true,"[PREMIUM]","Plano","TX","75075","[PREMIUM]",4.3,9,"WN01E1E3UR","[PREMIUM]","[PREMIUM]","[PREMIUM]","[PREMIUM]","[PREMIUM]","ADVANTAGE",,,,,"[PREMIUM]","[PREMIUM]",,"['Sport Appearance Package','Payload Package','Fog Lights','Trailer Hitch','Sync','Alloy Wheels','Super Cab','17 Inch Wheels','Cloth Seats','Independent Suspension']",10,"['2nd Row Split/Folding Seats','4-Wheel Disc Brakes','6 Speakers','AM/FM','Adjustable Steering Wheel','Air Conditioning','Anti-Lock Brakes','Body Colored Bumpers','Braking Assist','CD (Single Disc)','Cloth Upholstery','Compass','Door Bin','Front Airbags (Driver)','Front Airbags (Passenger)','Front Anti-Roll Bar','Front Side Airbags (Driver)','Front Side Airbags (Passenger)','Intermittent Wipers','Overhead Airbag','Passenger Sensing Airbag','Power Steering','Speed-Sensing Steering','Stability Control','Step Bumper','Tachometer','Telematics System','Thermometer','Tire Pressure Monitoring System','Traction Control','Vanity Mirror/Light','Voice-Activated Command System']",32,"Race Red 2015 Ford F-150 XL RWD 6-Speed Automatic Electronic 3.5L V6 Flex Fuel Ti-VCT 4-Wheel Disc Brakes, 6 Speakers, ABS brakes, Air Conditioning, AM/FM radio, Body-Color Front &amp; Rear Bumpers, Box Side Decal, Brake assist, Class IV Trailer Hitch Receiver, Compass, Driver door bin, Dual front impact airbags, Dual front side impact airbags, Electronic Stability Control, Fog Lamps, Front anti-roll bar, Front License Plate Bracket, Front wheel independent suspension, GVWR: 6,100 lbs Payload Package, Low tire pressure warning, Occupant sensing airbag, Outside temperature display, Overhead airbag, Passenger door bin, Passenger vanity mirror, Power steering, Radio: AM/FM Stereo/Single-CD Player, Rear step bumper, Speed-sensing steering, Split folding rear seat, SYNC Voice Recognition Communications, Tachometer, Telescoping steering wheel, Tilt steering wheel, Traction control, Variably intermittent wipers, Voltmeter, Wheels: 17"" Silver Painted Aluminum, XL Sport Appearance Package.<br /><br />Recent Arrival!<br /><br />Awards:<br /> * NACTOY 2015 North American Truck of the Year * Green Car Journal 2015 Green Car Technology Award * 2015 KBB.com Brand Image Awards<br />Based on 2017 EPA mileage ratings. Use for comparison purposes only. Your mileage will vary depending on how you drive and maintain your vehicle, driving conditions and other factors.","[PREMIUM]","[PREMIUM]",117.75,
"1N6AD0ERXFN722603ROLYSJQMMJ20260903","2026-09-04 20:28:21.050","2026-09-04 20:28:21.050","[PREMIUM]","[PREMIUM]","1N6AD0ERXFN722603",2015,"Nissan","Frontier","SV",,"Pickup","White","Tan","6 Cyl","4.0 L","RWD","Automatic","Gasoline",188050,"[PREMIUM]","[PREMIUM]",11110,"GREAT","Used","Crew Cab",,16,22,18,true,true,true,,"['{""ownerNumber"":1,""purchaseDate"":""05/29/15"",""endOwnershipDate"":""11/23/17"",""city"":""Walland"",""state"":""TN""}','{""ownerNumber"":2,""purchaseDate"":""03/30/18"",""endOwnershipDate"":""04/13/26"",""city"":""Farragut"",""state"":""TN""}','{""ownerNumber"":3,""purchaseDate"":""07/08/26"",""endOwnershipDate"":""Present"",""city"":""Fort Lawn"",""state"":""SC""}']",37,18,0,"2026-09-03","ENHANCED","USED",true,"[PREMIUM]","Lancaster","SC","29720","[PREMIUM]",,,"ROLYSJQMMJ","[PREMIUM]","[PREMIUM]","[PREMIUM]","[PREMIUM]","[PREMIUM]","ADVANTAGE","GOOD","AVERAGE","AVERAGE",280,"[PREMIUM]","[PREMIUM]",18,"['Tinted Windows','Steel Wheels','Locking Tailgate','Full Size Spare Tire']",4,"['2nd Row Split/Folding Seats','AM/FM','Adjustable Steering Wheel','Air Conditioning','Anti-Lock Brakes','Braking Assist','Cargo Area Light','Child Safety Locks','Cruise Control','Front Airbags (Driver)','Front Airbags (Passenger)','Front Side Airbags (Passenger)','Intermittent Wipers','Rear Window Defroster','Side Curtain Airbags','Stability Control','Steering Wheel Controls','Tachometer','Telematics System','Tire Pressure Monitoring System','Traction Control']",21,"2015 Nissan Frontier SV | Free CARFAX Available! | No Dealer Fees | Clean Title | Visit Marked Down Motors at 1459 Charlotte Hwy, Lancaster, SC 29720. Call or text (8zero3) 7zero1-9959 | We accept cash or card, we do not finance | SC residents must pay tax, tag, and title fees (includes 45-day tag) | Visit www.MarkedDownMotors.com to see more cars under $6,000 and cars under $5,000","[PREMIUM]","[PREMIUM]",165.5,
"1FTEW1CF1FKE29123BX54KZ22O120260902","2026-09-04 20:28:21.009","2026-09-04 20:28:21.009","[PREMIUM]","[PREMIUM]","TLE04927A",2015,"Ford","F-150","Lariat",,"Pickup","Unspecified",,"8 Cyl","5.0 L","RWD","Automatic","Flexible-Fuel",,"[PREMIUM]","[PREMIUM]",,"GREAT","Used","Crew Cab","Short Bed",15,22,18,,true,true,true,"['{""ownerNumber"":1,""purchaseDate"":""10/28/15"",""endOwnershipDate"":""09/02/26"",""city"":""The Colony"",""state"":""TX""}']",32,12,0,"2026-09-02","ENHANCED","NEW",true,"[PREMIUM]","Carrollton","TX","75006","[PREMIUM]",4.8,1885,"BX54KZ22O1","[PREMIUM]","[PREMIUM]","[PREMIUM]","[PREMIUM]","[PREMIUM]","TOPRATED",,,,,"[PREMIUM]","[PREMIUM]",12,"['Spare Tire','Keyless Entry','Fog Lights','Trailer Hitch','Leather Seats','Heated Seats','Alloy Wheels','Cooled Seats','Supercrew Cab','Heated Mirrors']",10,"['4-Wheel Disc Brakes','6-Passenger Seating','AM/FM','Adjustable Pedals','Adjustable Steering Wheel','Air Conditioning','All-Season Tires','Anti-Lock Brakes','Anti-Theft System','Auto-Dimming Mirror','Automatic Headlights','Aux Audio Adapter','Braking Assist','CD (Single Disc)','Child Safety Locks','Cruise Control','Daytime Running Lights','Driver Adjustable Lumbar','Engine Immobilizer','Floor Mats','Front Airbags (Driver)','Front Airbags (Passenger)','Front Head Airbag','Front Side Airbags (Driver)','Handsfree/Bluetooth Integration','Intermittent Wipers','Keyless Ignition','Leather Steering Wheel','Memory Mirrors','Multi-Zone Climate Control','Pass-Through Rear Seat','Passenger Adjustable Lumbar','Passenger Sensing Airbag','Power Folding Mirrors','Power Locks','Power Mirrors','Power Seat (Dual)','Power Steering','Power Windows','Privacy Glass','Rear Bench Seat','Rear Head Airbags','Rear Window Defroster','Rear-View Camera','Satellite Radio','Seat Memory','Split/Folding Seats','Stability Control','Steering Wheel Controls','Tire Pressure Monitoring System','Traction Control','Trip Computer','Turn Signal Mirrors','Vanity Mirror/Light','Wi-Fi Hotspot','Wood Trimmed Interior']",56,,"[PREMIUM]","[PREMIUM]",184,
"1GC0CUEG4FZ538581B5XUGUB00120260902","2026-09-04 20:28:20.995","2026-09-04 20:28:20.995","[PREMIUM]","[PREMIUM]","538581",2015,"Chevrolet","Silverado 2500HD","Work Truck",,"Pickup","White",,"8 Cyl","6.0 L","RWD","Automatic","Flexible-Fuel",107922,"[PREMIUM]","[PREMIUM]",,"GREAT","Used","Regular Cab","Long Bed",,,,true,true,,true,"['{""ownerNumber"":1,""purchaseDate"":""09/16/15"",""endOwnershipDate"":""08/14/26"",""city"":""Shiner"",""state"":""TX""}']",27,12,1,"2026-09-02","ENHANCED","USED",true,"[PREMIUM]","New Braunfels","TX","78130","[PREMIUM]",3.5,11,"B5XUGUB001","[PREMIUM]","[PREMIUM]","[PREMIUM]","[PREMIUM]","[PREMIUM]","ADVANTAGE",,,,,"[PREMIUM]","[PREMIUM]",12,"['Keyless Entry','Trailer Hitch','Running Boards','Cargo Cover','Tinted Windows','Splash Guards','Bed Liner','Limited Slip Differential','Locking Differential','Heated Mirrors']",10,"['AM/FM','Adjustable Steering Wheel','Air Conditioning','Anti-Lock Brakes','Anti-Theft System','Auto-Dimming Mirror','Automatic Headlights','Braking Assist','CD (Single Disc)','Cargo Area Light','Cruise Control','Daytime Running Lights','Front Airbags (Driver)','Front Airbags (Passenger)','Front Bench Seat','Front Side Airbags (Driver)','Full Size Spare Tire','Locking Tailgate','Power Locks','Power Mirrors','Power Windows','Rear Disc Brakes','Rear Window Defroster','Side Curtain Airbags','Split/Folding Seats','Stability Control','Steering Wheel Controls','Tachometer','Telematics System','Tire Pressure Monitoring System','Towing Preparation Package','Traction Control','Trip Computer']",33,,"[PREMIUM]","[PREMIUM]",176.45,
"3C6TR5DT7FG691317UNFLVUN00120260902","2026-09-04 20:28:20.994","2026-09-04 20:28:20.994","[PREMIUM]","[PREMIUM]","C26726D",2015,"Ram","2500","SLT",,"Pickup","White","Black","8 Cyl","5.7 L","4WD","Automatic","Gasoline",,"[PREMIUM]","[PREMIUM]",14280,"GOOD","Used","Crew Cab","Short Bed",,,,true,true,,,"['{""ownerNumber"":1,""purchaseDate"":""08/11/15"",""endOwnershipDate"":""05/03/23"",""state"":""TN""}','{""ownerNumber"":2,""purchaseDate"":""05/03/23"",""endOwnershipDate"":""05/08/26"",""city"":""Hixson"",""state"":""TN""}','{""ownerNumber"":3,""purchaseDate"":""05/08/26"",""endOwnershipDate"":""09/01/26"",""city"":""Soddy Daisy"",""state"":""TN""}']",28,,0,"2026-09-02","ENHANCED","NEW",true,"[PREMIUM]","Chattanooga","TN","37421","[PREMIUM]",4.5,563,"UNFLVUN001","[PREMIUM]","[PREMIUM]","[PREMIUM]","[PREMIUM]","[PREMIUM]","TOPRATED",,,,,"[PREMIUM]","[PREMIUM]",,"['Keyless Entry','Running Boards','18 Inch Wheels','Bench Seat','Heated Mirrors','Satellite Radio','Chrome Wheels','Steel Wheels','Locking Tailgate','Keyless Ignition']",10,"['4-Wheel Disc Brakes','6 Speakers','AM/FM','Adjustable Steering Wheel','Air Conditioning','Anti-Lock Brakes','Armrest Storage','Automatic Headlights','Beverage Holder','Braking Assist','Chrome Bumpers','Cloth Seats','Compass','Cruise Control','Cup Holder','Delay-Off Headlights','Door Bin','Floor Mats','Front Airbags (Driver)','Front Airbags (Passenger)','Front Anti-Roll Bar','Front Center Armrest','Front Side Airbags (Driver)','Front Side Airbags (Passenger)','Handsfree/Bluetooth Integration','Illuminated Entry','Intermittent Wipers','Overhead Airbag','Overhead Console','Panic Button','Parking Assist System','Passenger Sensing Airbag','Power Mirrors','Power Steering','Power Windows','Radio Data System','Reading Lights','Rear Center Armrest','Rear-View Camera','Remote Keyless Entry','Split/Folding Seats','Spray-In Bed Liner','Stability Control','Step Bumper','Tachometer','Telematics System','Thermometer','Tip Start Ignition','Tire Pressure Monitoring System','Traction Control','Trip Computer','Turn Signal Mirrors','USB Adapter','Uconnect System','Vanity Mirror/Light','Voice-Activated Command System']",56,,"[PREMIUM]","[PREMIUM]",140.5,
"3GCPCRECXFG363049YKMC0GD8YW20260901","2026-09-04 20:28:20.993","2026-09-04 20:28:20.993","[PREMIUM]","[PREMIUM]","363049",2015,"Chevrolet","Silverado 1500","LT","Z71","Pickup","Blue","Gray","8 Cyl","5.3 L","RWD","Automatic","Flexible-Fuel",152192,"[PREMIUM]","[PREMIUM]",,,"Used","Crew Cab","Short Bed",16,23,19,true,true,true,,"['{""ownerNumber"":1,""purchaseDate"":""03/30/16"",""endOwnershipDate"":""12/17/18"",""city"":""Martindale"",""state"":""TX""}','{""ownerNumber"":2,""purchaseDate"":""03/07/19"",""endOwnershipDate"":""09/17/25"",""city"":""Seguin"",""state"":""TX""}','{""ownerNumber"":3,""purchaseDate"":""01/13/26"",""endOwnershipDate"":""08/21/26"",""city"":""Seadrift"",""state"":""TX""}']",26,8,0,"2026-09-01","ENHANCED","USED",true,"[PREMIUM]","Houston","TX","77090","[PREMIUM]",2.9,7,"YKMC0GD8YW","[PREMIUM]","[PREMIUM]","[PREMIUM]","[PREMIUM]","[PREMIUM]","ADVANTAGE",,,,,"[PREMIUM]","[PREMIUM]",8,"['Towing Package','Navigation System','Keyless Entry','Fog Lights','Trailer Hitch','Alloy Wheels','Satellite Radio','Premium Sound System']",8,"['AM/FM','Adjustable Steering Wheel','Air Conditioning','Anti-Lock Brakes','CD (Single Disc)','Chevrolet MyLink','Cruise Control','Daytime Running Lights','Downhill-Assist Control','Dual Airbags','Front Side Airbags','Handsfree/Bluetooth Integration','Hill Assist System','MP3','OnStar Communication System','Power Locks','Power Steering','Power Windows','Rear Side Airbags','Side Curtain Airbags','Stability Control','Telematics System','Traction Control']",23,"<p>???? <strong>HOUSTON S BEST PUBLIC CAR AUCTION OPEN TO EVERYONE!</strong> ????</p><p>Looking for your next ride at an unbeatable price? Don t miss out on <strong>Texas Best Deal Auto</strong> where the deals are ?? and <strong>no dealer license is needed</strong>!</p><p>?? <strong>14700 Kuhkendahl Rd, Houston, TX</strong><br />?? Just bring your <strong>ID</strong> that s all you need to bid!</p><p>?? <strong>Auction Times:</strong><br />?? <strong>Mon/Wed/Fri</strong> Doors open at <strong>4:30 PM</strong><br />?? <strong>Sat/Sun</strong> Doors open at <strong>2:30 PM</strong></p><p>?? <strong>SHOW THIS POST, MENTION VALERIE &amp; GET $200 OFF ANY CASH DEAL!</strong></p><p>? Public auction everyone is welcome!<br />?? HUGE selection of cars, trucks, and SUVs<br />?? Follow us for updates, hot deals, and sneak peeks!</p><p></p>","[PREMIUM]","[PREMIUM]",146.75,
"1GCGSCEA9F1187088UP2WEF700120260902","2026-09-04 20:28:20.988","2026-09-04 20:28:20.988","[PREMIUM]","[PREMIUM]","M14968A",2015,"Chevrolet","Colorado","Z71",,"Pickup","Red","Black","4 Cyl","2.5 L","RWD","Automatic","Gasoline",162566,"[PREMIUM]","[PREMIUM]",13670,"FAIR","Used","Crew Cab","Short Bed",20,26,22,,true,true,,"['{""ownerNumber"":1,""purchaseDate"":""04/23/15"",""endOwnershipDate"":""02/04/16"",""city"":""Camden"",""state"":""NC""}','{""ownerNumber"":2,""purchaseDate"":""05/17/16"",""endOwnershipDate"":""06/02/20"",""city"":""Clayton"",""state"":""NC""}','{""ownerNumber"":3,""purchaseDate"":""07/13/20"",""endOwnershipDate"":""10/13/25"",""city"":""Holly Springs"",""state"":""NC""}','{""ownerNumber"":4,""purchaseDate"":""10/13/25"",""endOwnershipDate"":""09/02/26"",""city"":""Owens Cross Roads"",""state"":""AL""}']",41,13,0,"2026-09-02","ENHANCED","NEW",true,"[PREMIUM]","Huntsville","AL","35806","[PREMIUM]",4.4,185,"UP2WEF7001","[PREMIUM]","[PREMIUM]","[PREMIUM]","[PREMIUM]","[PREMIUM]","TOPRATED","GREAT","AVERAGE","LOW",330,"[PREMIUM]","[PREMIUM]",13,"['Preferred Equipment Package','Navigation System','Keyless Entry','Fog Lights','Heated Seats','Alloy Wheels','17 Inch Wheels','Bose Sound System','Satellite Radio','Cloth Seats']",10,"['4-Wheel Disc Brakes','6 Speakers','7 Speakers','AM/FM','Adjustable Seats','Adjustable Steering Wheel','Air Conditioning','Anti-Lock Brakes','Anti-Theft System','Auto Climate Control','Auto-Dimming Mirror','Automatic Headlights','Body Colored Bumpers','Chevrolet MyLink','Cloth Upholstery','Compass','Cruise Control','Delay-Off Headlights','Door Bin','Driver Adjustable Lumbar','Emergency Communication System','Front Airbags (Driver)','Front Airbags (Passenger)','Front Anti-Roll Bar','Front Bucket Seats','Front Center Armrest','Front Side Airbags (Driver)','Front Side Airbags (Passenger)','Illuminated Entry','Independent Suspension','Intermittent Wipers','Leatherette Seats','Leatherette/Cloth Seats','OnStar Communication System','Overhead Airbag','Overhead Console','Panic Button','Passenger Adjustable Lumbar','Passenger Sensing Airbag','Power Mirrors','Power Seat (Dual)','Power Steering','Power Windows','Radio Data System','Reading Lights','Rear Center Armrest','Rear Window Defroster','Rear-View Camera','Remote Keyless Entry','Speed-Sensing Steering','Stability Control','Steering Wheel Controls','Step Bumper','Tachometer','Telematics System','Thermometer','Tire Pressure Monitoring System','Traction Control','Trip Computer','Vanity Mirror/Light']",60,"This 2015 Chevrolet Colorado Z71 combines capability with comfort in a rugged red package. With 20 city and 27 highway mpg, this truck delivers solid efficiency alongside its 2.5L I4 engine and smooth 6-speed automatic transmission.<br /><br />- Bose Premium 7-Speaker Audio System with Chevrolet MyLink 8"" Navigation<br />- Heated front driver and passenger seats for year-round comfort<br />- Remote keyless entry and fully automatic headlights<br />- Rear parking camera and electronic stability control<br />- 17"" Dark Argent Metallic alloy wheels<br /><br />Ready to hit the road or the jobsite, this Colorado Z71 awaits your test drive.<br /><br />Text Brad Wilhite @ (256) 274-3013<br /><br />Displayed sale price/internet price is only valid if the vehicle is financed through a Hiley Mazda/VW of Huntsville preferred lender of the dealership choosing. Subject to credit approval. <br />**Pricing excludes taxes, title, dealer documentation fee of $899, and accessories.**","[PREMIUM]","[PREMIUM]",162.75,
"1FTFW1EF4FFB91309RN3PAZZ00120260902","2026-09-04 20:28:20.986","2026-09-04 20:28:20.986","[PREMIUM]","[PREMIUM]","B91309",2015,"Ford","F-150","XLT",,"Pickup","Silver","Gray","8 Cyl","5.0 L","4WD","Automatic","Flexible-Fuel",207846,"[PREMIUM]","[PREMIUM]",14080,"GOOD","Used","Crew Cab","Long Bed",15,21,17,true,true,true,,"['{""ownerNumber"":1,""purchaseDate"":""11/27/15"",""endOwnershipDate"":""11/14/17"",""city"":""New Rockford"",""state"":""ND""}','{""ownerNumber"":2,""purchaseDate"":""11/24/17"",""endOwnershipDate"":""05/30/20"",""city"":""Grand Forks"",""state"":""ND""}','{""ownerNumber"":3,""purchaseDate"":""05/30/20"",""endOwnershipDate"":""08/14/26"",""city"":""Grafton"",""state"":""ND""}']",22,24,1,"2026-09-02","ENHANCED","USED",true,"[PREMIUM]","Imperial Beach","CA","91932","[PREMIUM]",3.8,4,"RN3PAZZ001","[PREMIUM]","[PREMIUM]","[PREMIUM]","[PREMIUM]","[PREMIUM]","ADVANTAGE",,,,,"[PREMIUM]","[PREMIUM]",24,"['Keyless Entry','Fog Lights','Trailer Wiring','Sync','Tinted Windows','Supercrew Cab','Tow Hooks','Front Bench Seat','Steel Wheels','Full Size Spare Tire']",10,"['12V Power Outlet','3-Point Seat Belts','6 Speakers','AM/FM','Acoustic Windshield','Adjustable Headrests','Adjustable Seats','Adjustable Steering Wheel','Air Conditioning','Airbag Deactivation (Passenger)','Alert System Impact Sensor','Antenna','Anti-Lock Brakes','Anti-Theft System','Aux Audio Adapter','Braking Assist','CD (Single Disc)','Capless Fuel Filler System','Cargo Area Light','Child Safety Locks','Child Seat Anchors','Chrome Bumpers','Chrome Front Grill','Chrome Trimmed Interior','Clock','Cloth Upholstery','Compass','Cruise Control','Cup Holder','Daytime Running Lights','Digital Instrument Cluster','Double Wishbone Front Suspension','Driver Adjustable Lumbar','Electronic Brake Force Distribution','Engine Immobilizer','Floor Mats','Front Airbags (Driver)','Front Airbags (Passenger)','Front Center Armrest','Front Side Airbags','Front Side Airbags (Driver)','Front Side Airbags (Passenger)','Front Stabilizer Bar','Front Ventilated Disc Brakes','Hill Assist System','Independent Suspension','Intermittent Wipers','Keyless Entry Keypad','Leaf Rear Spring','One-Touch Power Windows','Passenger Sensing Airbag','Post-Collision Safety System','Power Locks','Power Mirrors','Power Steering','Radio Data System','Rear Bench Seat','Rear Headrests','Rear Privacy Glass','Seat Belt Pretensioners','Side Curtain Airbags','Speed Sensitive Volume Control','Split/Folding Seats','Stability Control','Steering Wheel Controls','Tachometer','Telematics System','Thermometer','Tire Pressure Monitoring System','Traction Control','Trailer Stability Assist','USB Audio Interface','Vanity Mirror/Light','Ventilated Disc Brakes','Wheel Locks']",75,"Introducing the powerful and versatile 2015 Ford F-150 XLT! This truck is built to handle any job, big or small, with its durable construction and advanced features. The spacious interior offers ultimate comfort and convenience, making it the perfect vehicle for both work and play. Equipped with a 3.5L V6 engine and 4-wheel drive, the F-150 XLT delivers impressive performance and capability. With its sleek design and modern technology, this truck is sure to turn heads on the road. Don't miss your chance to own this top-of-the-line 2015 Ford F-150 XLT. Contact us today to schedule a test drive and experience the F-150 for yourself!","[PREMIUM]","[PREMIUM]",163.45,
"3C6UR5NL1FG558703RRGF3FZKJI20260902","2026-09-04 20:28:20.985","2026-09-04 20:28:20.985","[PREMIUM]","[PREMIUM]","3JT090A",2015,"Ram","2500","Laramie",,"Pickup","Black","Black","6 Cyl","6.7 L","4WD","Automatic","Diesel",297079,"[PREMIUM]","[PREMIUM]",20010,"GREAT","Used","Crew Cab","Short Bed",,,,,true,true,,"['{""ownerNumber"":1,""purchaseDate"":""04/06/15"",""endOwnershipDate"":""06/27/18"",""city"":""Bennett"",""state"":""CO""}','{""ownerNumber"":2,""purchaseDate"":""06/27/18"",""endOwnershipDate"":""05/20/19"",""city"":""Conroe"",""state"":""TX""}','{""ownerNumber"":3,""purchaseDate"":""07/17/19"",""endOwnershipDate"":""12/20/21"",""city"":""Mission"",""state"":""TX""}','{""ownerNumber"":4,""purchaseDate"":""08/08/22"",""endOwnershipDate"":""09/02/26"",""city"":""Forsyth"",""state"":""GA""}']",16,1,0,"2026-09-02","ENHANCED","USED",true,"[PREMIUM]","Jackson","GA","30233","[PREMIUM]",4.3,22,"RRGF3FZKJI","[PREMIUM]","[PREMIUM]","[PREMIUM]","[PREMIUM]","[PREMIUM]","TOPRATED",,,,,"[PREMIUM]","[PREMIUM]",1,"['Cold Weather Package','Protection Package','Remote Start','Navigation System','Keyless Entry','Fog Lights','Leather Seats','Heated Seats','Heated Steering Wheel','Mega Cab']",10,"['12V Power Outlet','18 Inch Wheels','AM/FM','Adjustable Lumbar Support','Adjustable Seats','Adjustable Steering Wheel','Air Conditioning','Alpine Sound System','Anti-Theft System','Auto Climate Control','Braking Assist','Bucket Seats','Capless Fuel Filler System','Child Safety Locks','Chrome Mirrors','Cruise Control','Dual-Zone Climate Control','Engine Immobilizer','Handsfree/Bluetooth Integration','Hill Assist System','Keyless Ignition','LED Tail Lights','Leather Steering Wheel','Leather Trimmed Seats','Off-Road Tires','Parking Assist System','Passive Keyless Entry','Power Folding Mirrors','Power Seat (Dual)','Power Sun/Moonroof','Real-Time Traffic','Rear Heated Seats','Rear Parking Sensors','Rear Window Defroster','Rear-View Camera','SOS Post-Crash Alert System','Satellite Radio','Skid Plate','Stability Control','Steering Wheel Controls','Telematics System','Touch-Screen Display','Traction Control','Trailer Brake Controller','Trailer Stability Assist','Uconnect System','Ventilated Seats','Voice-Activated Command System','Wheel Covers','Wi-Fi Hotspot']",50,"<b>Vehicle Details</b><br />Take on tough jobs and weekend adventures with this pre-owned 2015 Ram 2500 Laramie 4WD, now available in Jackson, GA. Powered by a proven 6 Cyl, 6.7L Diesel engine, this heavy-duty pickup delivers the strength, capability, and confidence truck buyers want in a premium workhorse. The Laramie trim adds upscale comfort with a refined cabin, quality materials, and the features you need for daily driving or long hauls. This Ram 2500 is equipped with Rear Parking Sensors, Hands Free Bluetooth, XM Radio, Remote Start, and a Heated Steering Wheel for added convenience in every season. Four-wheel drive gives you dependable traction for rain, rough roads, job sites, and off-road travel. Whether you're towing, hauling, commuting, or heading out for a family trip, this diesel Ram is built to handle it. If you're searching for a reliable pre-owned Ram 2500 in Jackson GA, this Laramie deserves a closer look. Heavy-duty performance, upscale features, and legendary Ram capability make it a smart choice for truck shoppers who want more from their pickup. Contact us today to learn more or schedule your test drive. Ideal for towing trailers, tackling projects, and upgrading your daily drive, this 2015 Ram 2500 Laramie offers the capability and comfort that serious truck shoppers appreciate most year after year.<br /><br /><b>Equipment</b><br />This 2015 Ram 2500 is equipped with the latest generation of XM/Sirius Radio. You'll never again be lost in a crowded city or a country region with the navigation system on it. Never get into a cold vehicle again with the remote start feature on this 3/4 ton pickup. Bluetooth technology is built into this unit, keeping your hands on the steering wheel and your focus on the road. Protect this 3/4 ton pickup from unwanted accidents with a cutting edge backup camera system. It keeps you comfortable with Auto Climate. The leather seats in this model are a must for buyers looking for comfort, durability, and style. Keep your hands warm all winter with a heated steering wheel in this vehicle . The state of the art park assist system will guide you easily into any spot. Greater towing safety becomes standard with the installed trailer brake. This Ram 2500 has a 6 Cyl, 6.7L high output engine.<br /><br /><b>Packages</b><br />Cold Weather Group: Engine Block Heater, Winter Front Grille Cover. Quick Order Package 2FH Laramie. Protection Group: Transfer Case Skid Plate Shield. Power Sunroof. Leather Trimmed Bucket Seats. Uconnect 8.4AN AM/FM/SXM/HD/BT/navigation Radio. Anti-Spin Differential Rear Axle. LT275/70R18E OWL On/off Road Tires. Remote Start System. Power Folding Chrome Trailer Tow Mirrors. Keyless Go. Rear Window Defroster. **Equipment listed is based on original vehicle build and subject to change. Please confirm the accuracy of the included equipment by calling the dealer prior to purchase.**","[PREMIUM]","[PREMIUM]",150.5,
"1GC2CUEG2FZ544338IB0URC800120260902","2026-09-04 20:28:20.981","2026-09-04 20:28:20.981","[PREMIUM]","[PREMIUM]","C199473",2015,"Chevrolet","Silverado 2500HD","Work Truck",,"Pickup","White","Gray","8 Cyl","6.0 L","RWD","Automatic","Flexible-Fuel",199473,"[PREMIUM]","[PREMIUM]",,"FAIR","Used","Extended Cab","Long Bed",,,,true,true,,,"['{""ownerNumber"":1,""purchaseDate"":""11/24/15"",""endOwnershipDate"":""10/08/20"",""city"":""Tyler"",""state"":""TX""}','{""ownerNumber"":2,""purchaseDate"":""03/11/21"",""endOwnershipDate"":""Present"",""city"":""Plano"",""state"":""TX""}']",26,13,1,"2026-09-02","ENHANCED","USED",true,"[PREMIUM]","Plano","TX","75074","[PREMIUM]",4.5,6,"IB0URC8001","[PREMIUM]","[PREMIUM]","[PREMIUM]","[PREMIUM]","[PREMIUM]","ADVANTAGE",,,,,"[PREMIUM]","[PREMIUM]",13,"['Double Cab','Alloy Wheels','Side Airbags']",3,"['AM/FM','Adjustable Steering Wheel','Air Conditioning','Anti-Lock Brakes','Cruise Control','Daytime Running Lights','Dual Airbags','Hill Assist System','OnStar Communication System','Power Locks','Power Steering','Power Windows','Side Curtain Airbags','Stability Control','Traction Control']",15,"<p></p><p>3400 Auto Sales &amp; Service Center</p><p>3400 14th St, Plano, TX 75074</p><p>(972) 424-7442</p>","[PREMIUM]","[PREMIUM]",143.45,
"1GTR1TEH1FZ416938RZ9FMY04EE20260829","2026-09-04 20:28:20.979","2026-09-04 20:28:20.979","[PREMIUM]","[PREMIUM]","001070",2015,"GMC","Sierra 1500","Base",,"Pickup","Black","Black","6 Cyl","4.3 L","RWD","Automatic","Flexible-Fuel",185554,"[PREMIUM]","[PREMIUM]",10860,,"Used","Extended Cab","Regular Bed",18,24,20,,true,true,,"['{""ownerNumber"":1,""purchaseDate"":""03/12/16"",""endOwnershipDate"":""07/19/21"",""city"":""Afton"",""state"":""TN""}','{""ownerNumber"":2,""purchaseDate"":""08/06/21"",""endOwnershipDate"":""08/31/23"",""city"":""Nashville"",""state"":""TN""}','{""ownerNumber"":3,""purchaseDate"":""09/27/23"",""endOwnershipDate"":""08/17/26"",""city"":""Mount Juliet"",""state"":""TN""}']",22,24,0,"2026-08-29","ENHANCED","USED",true,"[PREMIUM]","Asheville","NC","28804","[PREMIUM]",4.3,8,"RZ9FMY04EE","[PREMIUM]","[PREMIUM]","[PREMIUM]","[PREMIUM]","[PREMIUM]","ADVANTAGE",,,,,"[PREMIUM]","[PREMIUM]",24,"['Double Cab','Front Bench Seat','Locking Tailgate','Full Size Spare Tire']",4,"['2nd Row Split/Folding Seats','AM/FM','Adjustable Steering Wheel','Air Conditioning','Anti-Lock Brakes','Automatic Headlights','Braking Assist','Cargo Area Light','Cargo Area Tie Downs','Child Safety Locks','Cruise Control','Daytime Running Lights','Front Airbags (Driver)','Front Airbags (Passenger)','Intermittent Wipers','Power Locks','Power Windows','Rear Side Airbags','Side Curtain Airbags','Split/Folding Seats','Stability Control','Steering Wheel Controls','Tachometer','Tire Pressure Monitoring System','Traction Control','Trip Computer']",26,,"[PREMIUM]","[PREMIUM]",139.75,
"1GTH6BEA5F1164653KMN4WSFSV820260902","2026-09-04 20:28:20.968","2026-09-04 20:28:20.968","[PREMIUM]","[PREMIUM]","PMCH711A",2015,"GMC","Canyon","SLE","SLE-1","Pickup","Red",,"4 Cyl","2.5 L","4WD","Automatic","Gasoline",201330,"[PREMIUM]","[PREMIUM]",10140,"FAIR","Used","Extended Cab","Regular Bed",19,24,21,,true,,,"['{""ownerNumber"":1,""purchaseDate"":""09/02/15"",""endOwnershipDate"":""08/08/17"",""state"":""ON""}','{""ownerNumber"":2,""purchaseDate"":""02/07/20"",""endOwnershipDate"":""09/01/26"",""city"":""Stuart"",""state"":""OK""}']",29,1,0,"2026-09-02","ENHANCED","NEW",true,"[PREMIUM]","Mcalester","OK","74501","[PREMIUM]",4.5,235,"KMN4WSFSV8","[PREMIUM]","[PREMIUM]","[PREMIUM]","[PREMIUM]","[PREMIUM]","TOPRATED",,,,,"[PREMIUM]","[PREMIUM]",1,"['Keyless Entry','Fog Lights','Alloy Wheels','17 Inch Wheels','Locking Differential','Satellite Radio','Tow Hooks','Cloth Seats','Independent Suspension']",9,"['2nd Row Split/Folding Seats','4-Wheel Disc Brakes','6 Speakers','AM/FM','Adjustable Steering Wheel','Air Conditioning','Anti-Lock Brakes','Anti-Theft System','Auto-Dimming Mirror','Automatic Headlights','Body Colored Bumpers','Cloth Upholstery','Compass','Cruise Control','Delay-Off Headlights','Door Bin','Emergency Communication System','Front Airbags (Driver)','Front Airbags (Passenger)','Front Anti-Roll Bar','Front Bucket Seats','Front Center Armrest','Front Side Airbags (Driver)','Front Side Airbags (Passenger)','Illuminated Entry','Intermittent Wipers','OnStar Communication System','Overhead Airbag','Overhead Console','Panic Button','Passenger Sensing Airbag','Power Mirrors','Power Seat (Dual)','Power Steering','Power Windows','Radio Data System','Reading Lights','Rear Window Defroster','Rear-View Camera','Remote Keyless Entry','Speed-Sensing Steering','Stability Control','Steering Wheel Controls','Step Bumper','Tachometer','Telematics System','Thermometer','Tire Pressure Monitoring System','Touch-Screen Display','Traction Control','Trip Computer','Vanity Mirror/Light']",52,"We make buying your next vehicle FAST, FUN, and HASSLE-FREE!, We deliver nationwide due to our low prices! Ask us for more info!, 4WD.<br /><br /><br />Save THOUSANDS! We have the absolute BEST prices, BEST selection, and BEST service anywhere! Get WARRANTY FOR LIFE at zero additional charge on any vehicle we have with under 75,000 miles on it when you take it home! WOW!! We make buying your next vehicle FAST, FUN, and HASSLE-FREE! Our Professional Sales Consultants are the friendliest anywhere! We have financing that is fast and EASY! We will get you the best rate available for ALL types of credit! We LOVE trades, all trades no matter what it is! Did you know we ship nationwide??! Now customers coast to coast can take advantage of our low prices! Ask us for more details! Red 2015 GMC Canyon SLE1 4WD 6-Speed Automatic 2.5L I4 DI DOHC VVT<br /><br />Awards:<br /> * JD Power Automotive Performance, Execution and Layout (APEAL) Study * 2015 KBB.com 10 Coolest New Cars Under $25,000 * 2015 KBB.com Best Resale Value Awards * 2015 KBB.com Brand Image Awards<br />Come see your friends today at Patriot CDJR in McAlester, OK! Visit our online showroom at www.PatriotMac.com today!<br /><br />Reviews:<br /> * Comfortable but confident ride quality, many available high-tech features, fuel-efficient engines, classy-looking interior, maneuverable size. Source: Edmunds<br /> * The 2015 GMC Canyon is small enough to fit in a garage and is easier to park and has better fuel economy than a full-size truck, yet can still tow a trailer or carry gear. But the Canyon is refined, with arguably the nicest interior in its segment. Source: KBB.com","[PREMIUM]","[PREMIUM]",122.25,"Minor to Moderate Damage"
"1FT7W2BT4FEC34217KMN4WSFSV820260902","2026-09-04 20:28:20.611","2026-09-04 20:28:20.611","[PREMIUM]","[PREMIUM]","PMTM744A",2015,"Ford","F-250","Lariat",,"Pickup","Brown","Black","8 Cyl","6.7 L","4WD","Automatic","Diesel",450982,"[PREMIUM]","[PREMIUM]",16420,"GREAT","Used","Crew Cab","Short Bed",,,,,true,,,"['{""ownerNumber"":1,""purchaseDate"":""04/24/15"",""endOwnershipDate"":""10/02/15"",""city"":""Dibble"",""state"":""OK""}','{""ownerNumber"":2,""purchaseDate"":""10/02/15"",""endOwnershipDate"":""03/24/16"",""city"":""Dibble"",""state"":""OK""}','{""ownerNumber"":3,""purchaseDate"":""05/03/16"",""endOwnershipDate"":""05/21/18"",""city"":""McAlester"",""state"":""OK""}','{""ownerNumber"":4,""purchaseDate"":""11/06/18"",""endOwnershipDate"":""12/05/23"",""city"":""McAlester"",""state"":""OK""}','{""ownerNumber"":5,""purchaseDate"":""01/03/24"",""endOwnershipDate"":""07/10/26"",""city"":""McAlester"",""state"":""OK""}']",41,49,0,"2026-09-02","ENHANCED","NEW",true,"[PREMIUM]","Mcalester","OK","74501","[PREMIUM]",4.5,235,"KMN4WSFSV8","[PREMIUM]","[PREMIUM]","[PREMIUM]","[PREMIUM]","[PREMIUM]","TOPRATED",,,,,"[PREMIUM]","[PREMIUM]",49,"['Payload Package','Keyless Entry','Fog Lights','Leather Seats','Alloy Wheels','Heated Mirrors','Satellite Radio','Sync With MyFord Touch']",8,"['10 Speakers','2nd Row Split/Folding Seats','4-Wheel Disc Brakes','AM/FM','Adjustable Pedals','Adjustable Steering Wheel','Air Conditioning','Anti-Lock Brakes','Anti-Theft System','Auto Climate Control','Auto-Dimming Mirror','Automatic Headlights','Braking Assist','CD (Single Disc)','Chrome Bumpers','Compass','Cruise Control','Delay-Off Headlights','Door Bin','Dual-Zone Climate Control','Front Airbags (Driver)','Front Airbags (Passenger)','Front Anti-Roll Bar','Front Bucket Seats','Front Center Armrest','Front Side Airbags (Driver)','Front Side Airbags (Passenger)','HD','Illuminated Entry','Intermittent Wipers','Leather Steering Wheel','Overhead Airbag','Overhead Console','Panic Button','Power Mirrors','Power Seat (Dual)','Power Steering','Power Windows','Radio Data System','Reading Lights','Rear Center Armrest','Rear Parking Sensors','Rear Window Defroster','Rear-View Camera','Remote Keyless Entry','Sony Sound System','Split/Folding Seats','Stability Control','Steering Wheel Controls','Step Bumper','Tachometer','Telematics System','Thermometer','Tire Pressure Monitoring System','Traction Control','Trip Computer','Turn Signal Mirrors','Vanity Mirror/Light']",58,"4WD, ABS brakes, Alloy wheels, Compass, Electronic Stability Control, Front dual zone A/C, Heated door mirrors, Illuminated entry, Low tire pressure warning, Remote keyless entry, Traction control.<br /><br /><br />Save THOUSANDS! We have the absolute BEST prices, BEST selection, and BEST service anywhere! Get WARRANTY FOR LIFE at zero additional charge on any vehicle we have with under 75,000 miles on it when you take it home! WOW!! We make buying your next vehicle FAST, FUN, and HASSLE-FREE! Our Professional Sales Consultants are the friendliest anywhere! We have financing that is fast and EASY! We will get you the best rate available for ALL types of credit! We LOVE trades, all trades no matter what it is! Did you know we ship nationwide??! Now customers coast to coast can take advantage of our low prices! Ask us for more details! Caribou Metallic 2015 Ford F-250SD Lariat 4WD TorqShift 6-Speed Automatic with Overdrive Power Stroke 6.7L V8 DI 32V OHV Turbodiesel<br /><br />Awards:<br /> * 2015 KBB.com Brand Image Awards<br />Come see your friends today at Patriot CDJR in McAlester, OK! Visit our online showroom at www.PatriotMac.com today!<br /><br />Reviews:<br /> * Strong towing and payload capacities, wide range of equipment levels and body styles, appealing technology options, quiet cabin. Source: Edmunds","[PREMIUM]","[PREMIUM]",164.75,"Minor to Moderate Damage"
"1FTEW1CP7FFB77198LQGURIB00120260901","2026-09-04 20:28:20.595","2026-09-04 20:28:20.595","[PREMIUM]","[PREMIUM]","MT1897058A",2015,"Ford","F-150","XLT",,"Pickup","Red","Gray","6 Cyl","2.7 L","RWD","Automatic","Gasoline",154912,"[PREMIUM]","[PREMIUM]",14500,"FAIR","Used","Crew Cab","Short Bed",19,26,22,,true,true,,"['{""ownerNumber"":1,""purchaseDate"":""07/31/15"",""endOwnershipDate"":""03/19/18"",""city"":""Stone Mountain"",""state"":""GA""}','{""ownerNumber"":2,""purchaseDate"":""05/02/18"",""endOwnershipDate"":""09/01/26"",""city"":""Flowery Branch"",""state"":""GA""}']",23,11,0,"2026-09-01","BASIC","NEW",true,"[PREMIUM]","Duluth","GA","30096","[PREMIUM]",4.5,606,"LQGURIB001","[PREMIUM]","[PREMIUM]","[PREMIUM]","[PREMIUM]","[PREMIUM]","TOPRATED",,,,,"[PREMIUM]","[PREMIUM]",11,"['Ecoboost','Keyless Entry','Fog Lights','Sync','Alloy Wheels','17 Inch Wheels','Supercrew Cab','Cloth Seats','Independent Suspension']",9,"['2nd Row Split/Folding Seats','4-Wheel Disc Brakes','6 Speakers','AM/FM','Adjustable Steering Wheel','Air Conditioning','Anti-Lock Brakes','Anti-Theft System','Armrest Storage','Automatic Headlights','Braking Assist','CD (Single Disc)','Chrome Bumpers','Compass','Cruise Control','Delay-Off Headlights','Door Bin','Front Airbags (Driver)','Front Airbags (Passenger)','Front Anti-Roll Bar','Front Center Armrest','Front Side Airbags (Driver)','Front Side Airbags (Passenger)','Illuminated Entry','Intermittent Wipers','Overhead Airbag','Panic Button','Passenger Sensing Airbag','Power Mirrors','Power Steering','Power Windows','Radio Data System','Reading Lights','Remote Keyless Entry','Speed-Sensing Steering','Split/Folding Seats','Stability Control','Steering Wheel Controls','Step Bumper','Tachometer','Telematics System','Thermometer','Tire Pressure Monitoring System','Traction Control','Vanity Mirror/Light','Voice-Activated Command System']",46,"19/26 City/Highway MPG New Price! Important Price Information: To receive this special sales price on this vehicle, you must present a printed copy of this page at the time of purchase.. Race Red 2015 Ford F-150 XLT RWD 6-Speed Automatic Electronic 2.7L V6 EcoBoost<br /><br />Awards:<br /> * NACTOY 2015 North American Truck of the Year * Green Car Journal 2015 Green Car Technology Award * 2015 KBB.com Brand Image Awards<br />Based on 2017 EPA mileage ratings. Use for comparison purposes only. Your mileage will vary depending on how you drive and maintain your vehicle, driving conditions and other factors.","[PREMIUM]","[PREMIUM]",40,
"1C6RR7FT5FS745595YB8QQMQJQ120260902","2026-09-04 20:28:20.594","2026-09-04 20:28:20.594","[PREMIUM]","[PREMIUM]","FS745595",2015,"Ram","1500","ST","Express","Pickup","Blue",,"8 Cyl","5.7 L","4WD","Automatic","Gasoline",123522,"[PREMIUM]","[PREMIUM]",,"GOOD","Used","Crew Cab","Long Bed",15,21,17,true,true,true,,"['{""ownerNumber"":1,""purchaseDate"":""07/11/15"",""endOwnershipDate"":""04/29/20"",""city"":""Putnam"",""state"":""IL""}','{""ownerNumber"":2,""purchaseDate"":""09/10/20"",""endOwnershipDate"":""09/02/26"",""city"":""Farmington"",""state"":""IL""}']",19,1,0,"2026-09-02","ENHANCED","NEW",true,"[PREMIUM]","Burleson","TX","76028","[PREMIUM]",4.5,219,"YB8QQMQJQ1","[PREMIUM]","[PREMIUM]","[PREMIUM]","[PREMIUM]","[PREMIUM]","TOPRATED",,,,,"[PREMIUM]","[PREMIUM]",1,"['Quad Cab','Vinyl Seats']",2,"['High Intensity Discharge Headlights']",1,"<ul><li>Engine: 5.7L V8 Hemi Mds Vvt</li><li>Midnight Blue Pearlcoat</li></ul><br /><br />This vehicle includes a Money-Back Guarantee* and passed our precise inspection process. Best of all the price you see is the price you pay. No haggling. No back and forth. No pressure. And this price is so good it is guaranteed. *Money-Back Guarantee is valid for 5 days or 250 miles, whichever comes first. Subject to certain terms and conditions. See store for details. Some restrictions apply. <br /><br />","[PREMIUM]","[PREMIUM]",146.25,
"1C6RR7LT7FS662366EW8M57100120260829","2026-09-04 20:28:20.592","2026-09-04 20:28:20.592","[PREMIUM]","[PREMIUM]","247866A",2015,"Ram","1500","SLT","Lone Star","Pickup","Red",,"8 Cyl","5.7 L","4WD","Automatic","Gasoline",225000,"[PREMIUM]","[PREMIUM]",,"GOOD","Used","Crew Cab","Short Bed",15,21,17,,true,true,,"['{""ownerNumber"":1,""purchaseDate"":""11/10/15"",""endOwnershipDate"":""10/15/21"",""city"":""Canton"",""state"":""TX""}','{""ownerNumber"":2,""purchaseDate"":""12/07/21"",""endOwnershipDate"":""08/29/26"",""city"":""Midlothian"",""state"":""TX""}']",25,3,0,"2026-08-29","ENHANCED","USED",true,"[PREMIUM]","Waco","TX","76710","[PREMIUM]",4.8,6,"EW8M571001","[PREMIUM]","[PREMIUM]","[PREMIUM]","[PREMIUM]","[PREMIUM]","ADVANTAGE",,,,,"[PREMIUM]","[PREMIUM]",3,"['Spare Tire','Keyless Entry','Fog Lights','Trailer Hitch','Trailer Wiring','Tinted Windows','Folding Mirrors','Alloy Wheels','20 Inch Wheels','Heated Mirrors']",10,"['12V Power Outlet','3-Point Seat Belts','4-Wheel Disc Brakes','6 Speakers','AM/FM','Active Grille Shutters','Adjustable Headrests','Adjustable Seats','Adjustable Steering Wheel','Air Conditioning','All-Season Tires','Alloy Spare Wheel Rim','Antenna','Anti-Lock Brakes','Anti-Theft System','Armrest Storage','Armrests','Auto-Dimming Mirror','Automatic Headlights','Automatic Locking Hubs','Body Colored Bumpers','Braking Assist','Cargo Area Concealed Storage','Cargo Area Light','Child Safety Locks','Chrome Bumpers','Chrome Door Handles','Chrome Step Bumper','Chrome Trimmed Interior','Chrome Wheels','Clock','Compass','Cruise Control','Cup Holder','Delay-Off Headlights','Delayed Accessory Power','Digital Instrument Cluster','Door Bin','Dual-Stage Front Airbags','Engine Immobilizer','Fade-To-Off Interior Lighting','Floor Mats','Front Anti-Roll Bar','Front Center Armrest','Front Headrests','Front One-Touch Power Windows','Front Side Airbags','Front Ventilated Disc Brakes','Glove Box','HD','Halogen Headlights','Handsfree/Bluetooth Integration','Hill Assist System','Illuminated Entry','Intermittent Wipers','Keyless Ignition','Locking Tailgate','Maintenance Free Battery','Metal-Look Dash Trim','Metal-Look Door Trim','One-Touch Power Windows','Overhead Console','Panic Button','Passenger Sensing Airbag','Power Locks','Power Mirrors','Power Steering','Radio Data System','Reading Lights','Rear Anti-Roll Bar','Rear Bench Seat','Rear Center Armrest','Rear Headrests','Rear Power Windows','Rear Stabilizer Bar','Remote Keyless Entry','Seat Belt Pretensioners','Short And Long Arm Front Suspension','Side Airbags','Side Curtain Airbags','Side Impact Door Beam','Split/Folding Seats','Stability Control','Steering Wheel Controls','Tachometer','Telematics System','Thermometer','Tip Start Ignition','Tire Pressure Monitoring System','Traction Control','Trailer Stability Assist','Trip Computer','Trip Odometer','USB Adapter','Uconnect System','Under-Seat Storage','Valet Function','Vanity Mirror/Light','Voice-Activated Command System']",99,"City Motor Company has a wide selection of exceptional pre-owned vehicles to choose from, including this 2015 Ram 1500. No matter the terrain or weather, you'll drive at ease in this 4WD-equipped vehicle. With exceptional safety features and superb handling, this 4WD was engineered with excellence in mind. There are many vehicles on the market but if you are looking for a vehicle that will perform as good as it looks then this Ram 1500 Lone Star is the one! Look no further, you have found exactly what you've been looking for. More information about the 2015 Ram 1500: The Ram 1500 already offered truck buyers a whole host of reasons to consider it, with powerful Hemi V8 availability, coilover rear suspension and innovative storage solutions. With some very effective upgrades in key areas -- namely increased chassis strength, improved base engine power as well as diesel efficiency and more intuitive interior ergonomics. The Ram raises the bar for full-size trucks. This model sets itself apart with ample available V8 power with improved V6 and EcoDiesel V6, user-friendly cabins, increased fuel efficiency, Ram-Box bed-side storage, and Multiple model configurations to suit all needs","[PREMIUM]","[PREMIUM]",154,
"1FTEW1CP2FKF033353PBYEQVECK20260901","2026-09-04 20:28:20.591","2026-09-04 20:28:20.591","[PREMIUM]","[PREMIUM]","TD034067A",2015,"Ford","F-150","XLT",,"Pickup","Red","Gray","6 Cyl","2.7 L","RWD","Automatic","Gasoline",196377,"[PREMIUM]","[PREMIUM]",11680,,"Used","Crew Cab","Short Bed",19,26,22,true,true,,,"['{""ownerNumber"":1,""purchaseDate"":""01/25/16"",""endOwnershipDate"":""01/16/18"",""city"":""Woodward"",""state"":""OK""}','{""ownerNumber"":2,""purchaseDate"":""01/16/18"",""endOwnershipDate"":""02/13/20"",""city"":""Woodward"",""state"":""OK""}','{""ownerNumber"":3,""purchaseDate"":""02/13/20"",""endOwnershipDate"":""09/01/20"",""city"":""Oklahoma City"",""state"":""OK""}','{""ownerNumber"":4,""purchaseDate"":""09/01/20"",""endOwnershipDate"":""09/17/21"",""city"":""Edmond"",""state"":""OK""}','{""ownerNumber"":5,""purchaseDate"":""09/17/21"",""endOwnershipDate"":""09/01/26"",""city"":""Edmond"",""state"":""OK""}']",15,1,0,"2026-09-01","ENHANCED","NEW",true,"[PREMIUM]","Oklahoma City","OK","73114","[PREMIUM]",4.9,914,"3PBYEQVECK","[PREMIUM]","[PREMIUM]","[PREMIUM]","[PREMIUM]","[PREMIUM]","TOPRATED",,,,,"[PREMIUM]","[PREMIUM]",1,"['Luxury Package','Payload Package','Remote Start','Ecoboost','Keyless Entry','Fog Lights','Trailer Hitch','Heated Seats','18 Inch Wheels','Alloy Wheels']",10,"['10 Speakers','110V Power Outlet','17 Inch Wheels','2nd Row Split/Folding Seats','4-Wheel Disc Brakes','AM/FM','Adjustable Pedals','Adjustable Seats','Adjustable Steering Wheel','Air Conditioning','Anti-Lock Brakes','Anti-Theft System','Armrest Storage','Auto-Dimming Mirror','Automatic Headlights','Body Colored/Chrome Door Handles','Braking Assist','CD (Single Disc)','Cargo Area Light','Chrome Appearance Package','Chrome Bumpers','Chrome Front Grill','Chrome Step Bumper','Chrome Wheels','Cloth Seats','Cloth Upholstery','Compass','Cruise Control','Delay-Off Headlights','Digital Instrument Cluster','Door Bin','Driver Adjustable Lumbar','Front Airbags (Driver)','Front Airbags (Passenger)','Front Anti-Roll Bar','Front Center Armrest','Front Side Airbags (Driver)','Front Side Airbags (Passenger)','Heated Mirrors','Illuminated Entry','Independent Suspension','Intermittent Wipers','Leather Steering Wheel','Overhead Airbag','Panic Button','Passenger Adjustable Lumbar','Passenger Sensing Airbag','Power Mirrors','Power Seat (Dual)','Power Steering','Power Windows','Radio Data System','Reading Lights','Rear Parking Sensors','Rear Power Windows','Rear Window Defroster','Rear-View Camera','Remote Keyless Entry','Satellite Radio','Sliding Rear Window','Speed-Sensing Steering','Split/Folding Seats','Stability Control','Steering Wheel Controls','Step Bumper','SuperCrew Cab','Sync with MyFord Touch','Tachometer','Telematics System','Thermometer','Tire Pressure Monitoring System','Traction Control','Trailer Backup Assist','Under-Seat Storage','Vanity Mirror/Light','Voice-Activated Command System']",76,,"[PREMIUM]","[PREMIUM]",123,
"1GCRCREC2FZ421423UVNOQID00120260830","2026-09-04 20:28:20.590","2026-09-04 20:28:20.590","[PREMIUM]","[PREMIUM]","TTG159250B",2015,"Chevrolet","Silverado 1500","LT",,"Pickup","Silver","Black","8 Cyl","5.3 L","RWD","Automatic","Gasoline",216685,"[PREMIUM]","[PREMIUM]",,,"Used","Extended Cab","Regular Bed",16,23,19,,true,,,"['{""ownerNumber"":1,""purchaseDate"":""09/02/15"",""endOwnershipDate"":""11/04/16"",""state"":""FL""}','{""ownerNumber"":2,""purchaseDate"":""02/24/17"",""endOwnershipDate"":""10/30/21"",""city"":""Chapin"",""state"":""SC""}','{""ownerNumber"":3,""purchaseDate"":""01/13/22"",""endOwnershipDate"":""10/28/23"",""city"":""Kalamazoo"",""state"":""MI""}','{""ownerNumber"":4,""purchaseDate"":""04/04/24"",""endOwnershipDate"":""08/30/26"",""city"":""Alvin"",""state"":""TX""}']",15,10,0,"2026-08-30","ENHANCED","NEW",true,"[PREMIUM]","League City","TX","77573","[PREMIUM]",4.6,1306,"UVNOQID001","[PREMIUM]","[PREMIUM]","[PREMIUM]","[PREMIUM]","[PREMIUM]","TOPRATED",,,,,"[PREMIUM]","[PREMIUM]",10,"['Preferred Equipment Package','Suspension Package','Keyless Entry','Double Cab','Tinted Windows','Alloy Wheels','17 Inch Wheels','Heated Mirrors','Satellite Radio','Front Bench Seat']",10,"['4-Wheel Disc Brakes','6 Speakers','AM/FM','Adjustable Steering Wheel','Airbags','All-Season Tires','Anti-Lock Brakes','Automatic Headlights','Automatic Rollover Support System','Auxiliary Transmission Cooler','Body Colored Door Handles','Body Colored Side Moldings','Braking Assist','CD (Single Disc)','Cargo Area Light','Chevrolet MyLink','Child Seat Anchors','Chrome Bumpers','Chrome Front Grill','Cloth Seats','Color Coded Mirrors','Cruise Control','Daytime Running Lights','Digital Instrument Cluster','Dual-Stage Front Airbags','Floor Mats','Front Airbags (Driver)','Front Airbags (Passenger)','Front One-Touch Power Windows','Front Side Airbags (Driver)','Front Side Airbags (Passenger)','Halogen Headlights','Handsfree/Bluetooth Integration','Hill Assist System','Leather Steering Wheel','Locking Tailgate','MP3','Maintenance Free Battery','OnStar Communication System','One-Touch Power Windows','Passenger Sensing Airbag','Power Mirrors','Power Steering','Rally 1 Package','Rally 2 Package','Rear Bench Seat','Rear One-Touch Power Windows','Remote Keyless Entry','Retained Accessory Power','Side Curtain Airbags','Split/Folding Seats','Stability Control','Steering Wheel Controls','Step Bumper','Tachometer','Tailgate Lift Assist','Telematics System','Tire Pressure Monitoring System','Traction Control','Trailer Stability Assist','USB Adapter','Vanity Mirror/Light']",62,"b&gt;Thank you for considering this 2015 Chevrolet Silverado 1500 LT!<br /><br /> Finished in stunning <b>Silver Ice Metallic</b> with a beautiful <b>Jet Black</b> interior, this 2015 Chevrolet Silverado 1500 has only <b>216,685</b> miles and is ready for its next owner. Stock Number <b>TTG159250B</b>.<br /><br /> At <b>Mac Haik Toyota</b>, we are committed to providing an exceptional car-buying experience built on honesty, transparency, and outstanding customer service. Every pre-owned vehicle in our inventory is carefully selected and thoroughly inspected by our experienced technicians to help ensure quality, reliability, and peace of mind. We take pride in offering clean, well-maintained vehicles at competitive Live Market Prices so you can buy with confidence.<br /><br /> Whether you're searching for dependable transportation, a comfortable family vehicle, a capable truck, or a luxury SUV, this <b>2015 Chevrolet Silverado 1500</b> delivers the performance, features, and value today's drivers are looking for.<br /><br /> <br /><br /> <b>OTHER NOTABLE FEATURES AND OPTIONS YOU SHOULD KNOW ABOUT:</b><br /><br /> <br /><br /> For additional information, financing options, trade-in assistance, or to schedule your personal test drive, contact our team today at <b>346-358-1833</b>. We look forward to earning your business and showing you why so many customers choose <b>Mac Haik Toyota</b> for their next vehicle purchase. Preferred Equipment Group 1LT<ul><li>Power Windows with Driver Express Up</li><li>Rear 60/40 Folding Bench Seat (folds Up)</li><li>Deep-Tinted Glass</li><li>Remote Keyless Entry</li><li>40/20/40 Front Split Bench Seat</li><li>Rear Wheelhouse Liners</li><li>Color-Keyed Carpeting with Rubberized Vinyl Floor Mats</li><li>Body Color Bodyside Moldings</li><li>Bluetooth For Phone</li><li>Body Color Door Handles</li><li>Driver and Front Passenger Illuminated Vanity Mirrors</li><li>Body-Color Power Adjustable Heated Outside Mirrors</li><li>Body-Color Mirror Caps</li><li>AM/FM Audio System with Chevrolet MyLink</li><li>150 Amp Alternator</li><li>Manual Tilt Wheel Steering Column</li><li>Leather Wrapped Steering Wheel with Cruise Controls</li><li>EZ Lift and Lower Tailgate</li><li>17\ X 8\ Bright Machined Aluminum Wheels</li><li>Cloth Seat Trim</li><li>Single Slot CD/MP3 Player</li><li>SiriusXM Satellite Radio</li><li>4.2\ Diagonal Color Display Driver Info Center</li><li>OnStar 6 Months Directions and Connections Plan</li><li>Steering Wheel Audio Controls</li><li>6 Speaker Audio System</li><li>Front Chrome Bumper</li><li>Rear Chrome Bumper</li><li>Chrome Grille with Chrome Surround</li><li>OnStar with 4G LTE</li></ul> Convenience<ul><li> Cruise control maintains a preset vehicle speed, automatically increasing or decreasing throttle to maintain that speed.</li></ul>Powertrain and Mechanical<ul><li> Variable valve control allows the lift, duration and/or timing of the intake or exhaust valves to be altered while the engine is in operation.</li><li> Variable valve control allows the lift, duration and/or timing of the intake or exhaust valves to be altered while the engine is in operation.</li></ul>Safety and Security<ul><li> Brake assist senses panic braking from the speed of the brake pedal's travel and applies all available power brake boost.</li></ul>Technology and Telematics<ul><li> Mobile devices can wirelessly connect to the internet through the vehicle's private mobile network.</li></ul> EMISSIONS, FEDERAL REQUIREMENTS, ENGINE, 5.3L ECOTEC3 V8 WITH ACTIVE FUEL MANAGEMENT, DIRECT INJECTION AND VARIABLE VALVE TIMING, TRANSMISSION, 6-SPEED AUTOMATIC, ELECTRONICALLY CONTROLLED, GVWR, 7000 LBS. (3175 KG), REAR AXLE, 3.08 RATIO, WHEELS, 17\ X 8\ (43.2 CM X 20.3 CM) BRIGHT MACHINED ALUMINUM, TIRES, P255/70R17 ALL-SEASON, BLACKWALL, PAINT, SOLID, SILVER ICE METALLIC, SEATS, FRONT 40/20/40 SPLIT-BENCH, 3-PASSENGER, AVAILABLE IN CLOTH OR LEATHER, JET BLACK, CLOTH SEAT TRIM, CHEVROLET MYLINK AUDIO SYSTEM, 4.2\ DIAGONAL COLOR SCREEN WITH AM/FM STEREO, USB PORTS, COOLING, AUXILIARY EXTERNAL TRANSMISSION OIL COOLER At Mac Haik Toyota, we're here to <b>Serve you!</b> Our staff is 100% dedicated to customer satisfaction and we understand that you need clear, transparent information throughout the car buying process. With our live market pricing philosophy, we offer the right cars at the right price, and the transparency to back it up!","[PREMIUM]","[PREMIUM]",136,
"1FTEW1CP4FKD94960UVNOQID00120260830","2026-09-04 20:28:19.192","2026-09-04 20:28:19.192","[PREMIUM]","[PREMIUM]","75973B",2015,"Ford","F-150","XLT",,"Pickup","Red","Gray","6 Cyl","2.7 L","RWD","Automatic","Gasoline",165514,"[PREMIUM]","[PREMIUM]",,"GOOD","Used","Crew Cab",,19,26,22,,true,true,true,"['{""ownerNumber"":1,""purchaseDate"":""03/23/16"",""endOwnershipDate"":""08/30/26"",""city"":""Houston"",""state"":""TX""}']",20,1,0,"2026-08-30","ENHANCED","NEW",true,"[PREMIUM]","League City","TX","77573","[PREMIUM]",4.6,1306,"UVNOQID001","[PREMIUM]","[PREMIUM]","[PREMIUM]","[PREMIUM]","[PREMIUM]","TOPRATED",,,,,"[PREMIUM]","[PREMIUM]",1,"['Sport Appearance Package','Payload Package','Remote Start','Ecoboost','Fog Lights','Trailer Hitch','Heated Seats','Trailer Wiring','Folding Mirrors','18 Inch Wheels']",10,"['110V Power Outlet','12V Power Outlet','3-Point Seat Belts','4-Wheel Disc Brakes','6 Speakers','7 Speakers','AM/FM','Adjustable Headrests','Adjustable Lumbar Support','Adjustable Pedals','Adjustable Seats','Adjustable Steering Wheel','Advanced Trailering System','Air Conditioning','Air Filtration','All-Season Tires','Antenna','Anti-Lock Brakes','Anti-Theft System','Armrest Storage','Auto-Dimming Mirror','Aux Audio Adapter','Body Colored Bumpers','Braking Assist','Cargo Area Light','Child Safety Locks','Chrome Appearance Package','Chrome Bumpers','Chrome Door Handles','Chrome Front Grill','Chrome Step Bumper','Chrome Trimmed Interior','Chrome Wheels','Cigarette Lighter','Clock','Compass','Cruise Control','Cup Holder','Delayed Accessory Power','Digital Instrument Cluster','Door Bin','Double Wishbone Front Suspension','Dual-Stage Front Airbags','Electric Parking Brake','Engine Immobilizer','Fade-To-Off Interior Lighting','Front Anti-Roll Bar','Front Bench Seat','Front Center Armrest','Front Headrests','Front Side Airbags','Front Ventilated Disc Brakes','Full Size Spare Tire','Glove Box','Heated Mirrors','Hill Assist System','Illuminated Entry','Intermittent Wipers','LED Lights','Leather Steering Wheel','Low Fuel Level Indicator','Maintenance Free Battery','Memory Card Slot','Metal-Look Dash Trim','MyKey System','Overhead Console','Passenger Sensing Airbag','Power Seat (Dual)','Power Steering','Premium Sound System','Privacy Glass','Reading Lights','Rear Headrests','Rear Parking Sensors','Rear Power Windows','Rear Ventilated Disc Brakes','Rear Window Defroster','Rear-View Camera','Satellite Radio','Seat Belt Pretensioners','Seat Belt Warning System','Side Curtain Airbags','Side Impact Door Beam','Sliding Rear Window','Speed-Sensing Steering','Split/Folding Seats','Sport Seats','Steel Spare Wheel Rim','Steering Wheel Controls','SuperCrew Cab','Sync with MyFord Touch','Tachometer','Telematics System','Thermometer','Tire Pressure Monitoring System','Touch-Screen Sound System','Trailer Backup Assist','Trailer Stability Assist','Trip Odometer','Turn Signal Mirrors','USB Adapter','Under-Seat Storage','Vanity Mirror/Light','Ventilated Seats','Voice-Activated Command System']",105,"b&gt;Thank you for considering this 2015 Ford F-150 XLT!<br /><br /> Finished in stunning <b>Race Red</b> with a beautiful <b>Medium Earth Gray</b> interior, this 2015 Ford F-150 has only <b>165,514</b> miles and is ready for its next owner. Stock Number <b>75973B</b>.<br /><br /> At <b>Mac Haik Toyota</b>, we are committed to providing an exceptional car-buying experience built on honesty, transparency, and outstanding customer service. Every pre-owned vehicle in our inventory is carefully selected and thoroughly inspected by our experienced technicians to help ensure quality, reliability, and peace of mind. We take pride in offering clean, well-maintained vehicles at competitive Live Market Prices so you can buy with confidence.<br /><br /> Whether you're searching for dependable transportation, a comfortable family vehicle, a capable truck, or a luxury SUV, this <b>2015 Ford F-150</b> delivers the performance, features, and value today's drivers are looking for.<br /><br /> One Owner! <br /><br /> <b>OTHER NOTABLE FEATURES AND OPTIONS YOU SHOULD KNOW ABOUT:</b><br /><br /> <br /><br /> For additional information, financing options, trade-in assistance, or to schedule your personal test drive, contact our team today at <b>346-358-1833</b>. We look forward to earning your business and showing you why so many customers choose <b>Mac Haik Toyota</b> for their next vehicle purchase. Power Sliding Rear Window ($350 value)<ul></ul>Reverse Sensing System ($275 value)<ul></ul>Rear Window Defroster ($220 value)<ul></ul>Remote Start System ($195 value)<ul></ul>Class IV Trailer Hitch ($195 value)<ul><li>Includes smart trailer tow connector, 4-pin and 7-pin wiring, Class IV trailer hitch receiver, and towing capability up to 5,000 lbs.</li></ul>Dual Power Glass/Manual Folding Mirrors w/Heat and Turn Signals ($305 value)<ul><li>Includes manual-folding, dual power glass side view mirrors with heat, turn signals, auto-dimming feature on drivers side, black mirror caps, and interior auto-dimming rear view mirror.</li></ul>110V/400W Outlet ($200 value)<ul><li>Includes one 110V/400W outlet in the instrument panel, and second outlet in the console with 40/console/40 seats.</li></ul>Equipment Group 302A ($5,245 value)<ul><li>Includes vehicle with standard equipment, 10-way power driver and passenger seats with power lumbar adjustment, heated front seats, 4.2 inch productivity screen in instrument cluster, auto-dimming rearview mirror, leather-wrapped steering wheel, rear view camera with Dynamic Hitch Assist, reverse sensing system, power-adjustable pedals, rear under seat storage, manual folding, power glass side view mirrors with heat, turn signals, auto-dimming feature on drivers side, and black skull caps, power-sliding rear window with privacy glass and defroster, overhead console, front and rear map lamps, LED box lighting, Class IV trailer hitch with Smart Trailer Tow Connector and 4-pin/7-pin wiring, remote start system, SiriusXM Satellite Radio with 7 speakers, complimentary one year prepaid subscription to SYNC with MyFord Touch voice-activated in-vehicle connectivity system including 8 inch center stack touch screen with audio control and compass, two USB charging ports, SD card reader, and audio input jacks, one 110V/400W outlet in instrument panel (two with console seats), and XLT Chrome Appearance Package including 18 inch chrome-like PVD wheels, 265/60R18 BSW all-season tires, chrome billet style grille with chrome surround and black mesh insert, chrome door handles with black strap, chrome single-tip exhaust, and chrome step bars. SiriusXM U.S. Satellite Service is available in the 48 contiguous United States and D.C. Selection of XLT Sport Appearance Package removes XLT Chrome Appearance Package.</li></ul>Pickup Box LED Lighting ($125 value)<ul></ul>SYNC w/MyFord Touch ($450 value)<ul><li>Includes complimentary one year prepaid subscription to SYNC w/My Ford Touch voice activated in-vehicle connectivity system including 8 inch center-stack touch screen with audio control and compass, 4.2 inch productivity screen in instrument cluster, and two USB charging ports.</li></ul>Rear View Camera w/Dynamic Hitch Assist ($250 value)<ul><li>Includes rear view camera with Dynamic Hitch Assist, which provides a sight line in an instrument panel display to help direct the hitch ball to the trailer receiver. Includes overhead console with two storage bins on SuperCabs.</li></ul> Comfort<ul><li> Ventilated seats offer warm weather comfort by cooling areas of the occupant's body not exposed to the air conditioning system.</li><li> The seating surfaces are covered in leather.</li></ul>Convenience<ul><li> Cruise control maintains a preset vehicle speed, automatically increasing or decreasing throttle to maintain that speed.</li></ul>Safety and Security<ul><li> Brake assist senses panic braking from the speed of the brake pedal's travel and applies all available power brake boost.</li></ul>Technology and Telematics<ul><li> Mobile devices can wirelessly connect to the internet through the vehicle's private mobile network.</li></ul> ENGINE: 2.7L V6 ECOBOOST, RACE RED At Mac Haik Toyota, we're here to <b>Serve you!</b> Our staff is 100% dedicated to customer satisfaction and we understand that you need clear, transparent information throughout the car buying process. With our live market pricing philosophy, we offer the right cars at the right price, and the transparency to back it up!","[PREMIUM]","[PREMIUM]",156,"Minor to Moderate Damage"
"1C6RR7GT1FS624982PMTLSHEN7V20260902","2026-09-04 20:28:19.130","2026-09-04 20:28:19.130","[PREMIUM]","[PREMIUM]","24982",2015,"Ram","1500","SLT","Big Horn","Pickup","White","Black","8 Cyl","5.7 L","4WD","Automatic","Gasoline",193580,"[PREMIUM]","[PREMIUM]",11610,,"Used","Crew Cab","Long Bed",15,21,17,,true,,,"['{""ownerNumber"":1,""purchaseDate"":""02/18/15"",""endOwnershipDate"":""11/17/15"",""state"":""NM""}','{""ownerNumber"":2,""purchaseDate"":""05/03/17"",""endOwnershipDate"":""08/26/22"",""city"":""Guadalupita"",""state"":""NM""}','{""ownerNumber"":3,""purchaseDate"":""08/26/22"",""endOwnershipDate"":""06/12/23"",""city"":""Guadalupita"",""state"":""NM""}','{""ownerNumber"":4,""purchaseDate"":""09/06/23"",""endOwnershipDate"":""06/21/24"",""city"":""Santa Fe"",""state"":""NM""}','{""ownerNumber"":5,""purchaseDate"":""06/21/24"",""endOwnershipDate"":""05/23/26"",""city"":""Sandia Park"",""state"":""NM""}']",13,15,0,"2026-09-02","ENHANCED","USED",true,"[PREMIUM]","Albuquerque","NM","87107","[PREMIUM]",5,2,"PMTLSHEN7V","[PREMIUM]","[PREMIUM]","[PREMIUM]","[PREMIUM]","[PREMIUM]","ADVANTAGE",,,,,"[PREMIUM]","[PREMIUM]",15,"['Towing Package','Keyless Entry','Fog Lights','Trailer Hitch','Quad Cab','20 Inch Wheels','Satellite Radio','UConnect System','Sliding Rear Window']",9,"['AM/FM','Adjustable Steering Wheel','Air Conditioning','Anti-Lock Brakes','Cruise Control','Dual Airbags','Front Side Airbags','Handsfree/Bluetooth Integration','Power Locks','Power Seat (Dual)','Power Steering','Power Windows','Premium Wheels','Rear Power Windows','Rear Side Airbags','Side Curtain Airbags','Stability Control','Telematics System']",18,,"[PREMIUM]","[PREMIUM]",140.75,
"1GCVKREC3FZ183213C5JKVJH2J120260902","2026-09-04 20:28:19.129","2026-09-04 20:28:19.129","[PREMIUM]","[PREMIUM]","26T501AA",2015,"Chevrolet","Silverado 1500","LT","LT1","Pickup","Red","Black","8 Cyl","5.3 L","4WD","Automatic","Gasoline",156008,"[PREMIUM]","[PREMIUM]",15210,"GREAT","Used","Extended Cab","Regular Bed",16,22,18,,true,true,true,"['{""ownerNumber"":1,""purchaseDate"":""03/30/14"",""endOwnershipDate"":""10/11/16"",""city"":""Madison"",""state"":""WI""}']",26,,0,"2026-09-02","ENHANCED","NEW",true,"[PREMIUM]","Dubuque","IA","52003","[PREMIUM]",,,"C5JKVJH2J1","[PREMIUM]","[PREMIUM]","[PREMIUM]","[PREMIUM]","[PREMIUM]","ADVANTAGE",,,,,"[PREMIUM]","[PREMIUM]",,"['Remote Start','Navigation System','Keyless Entry','Trailer Hitch','Running Boards','Double Cab','Heated Seats','Cargo Cover','Tinted Windows','17 Inch Wheels']",10,"['110V Power Outlet','22 Inch Wheels','2nd Row Split/Folding Seats','4-Wheel Disc Brakes','6 Speakers','AM/FM','Adjustable Seats','Adjustable Steering Wheel','Air Conditioning','Anti-Lock Brakes','Anti-Theft System','Armrest Storage','Auto Climate Control','Automatic Headlights','Auxiliary Transmission Cooler','Bed Liner','Body Colored Door Handles','Body Colored Side Moldings','Body Side Moldings','Braking Assist','CD (Single Disc)','Cargo Area Light','Chevrolet MyLink','Chrome Bumpers','Cloth Seats','Color Coded Mirrors','Compass','Cruise Control','Delay-Off Headlights','Digital Instrument Cluster','Door Bin','Dual-Zone Climate Control','Emergency Communication System','Floor Mats','Front Airbags (Driver)','Front Airbags (Passenger)','Front Anti-Roll Bar','Front Bench Seat','Front Center Armrest','Front Side Airbags (Driver)','Front Side Airbags (Passenger)','Halogen Fog Lights','Handsfree/Bluetooth Integration','Heated Mirrors','Illuminated Entry','Independent Suspension','Intermittent Wipers','Leather Steering Wheel','Leather Trimmed Interior','Locking Differential','MP3','OnStar Communication System','One-Touch Power Windows','Overhead Airbag','Overhead Console','Panic Button','Passenger Sensing Airbag','Power Mirrors','Power Seat (Dual)','Power Steering','Premium Sound System','Radio Data System','Reading Lights','Rear Bench Seat','Rear Window Defroster','Rear-View Camera','Remote Keyless Entry','Satellite Radio','Speed-Sensing Steering','Split/Folding Seats','Spray-In Bed Liner','Stability Control','Steering Wheel Controls','Step Bumper','Tachometer','Tailgate Lift Assist','Telematics System','Thermometer','Tire Pressure Monitoring System','Traction Control','Trip Computer','USB Adapter','Vanity Mirror/Light']",83,"This 2015 Chevrolet Silverado 1500 LT LT1 delivers dependable power and capability in a sharp red exterior. The EcoTec3 5.3L V8 with 4WD and 6-speed automatic transmission provides strong performance for work and weekend adventures.<br /><br />- Soft folding tonneau cover and spray-on bed liner<br />- Chevrolet MyLink 8"" navigation with SiriusXM and USB ports<br />- 22"" black wheels and LED cargo box lighting<br />- Heated front seats and dual-zone climate control<br />- Rear vision camera with dynamic guide lines<br /><br />Built for truck owners who demand reliability and comfort on every drive.","[PREMIUM]","[PREMIUM]",172.25,
"3GCUKRECXFG293347UU4KMIN6A120260902","2026-09-04 20:28:19.127","2026-09-04 20:28:19.127","[PREMIUM]","[PREMIUM]","7424",2015,"Chevrolet","Silverado 1500","LT","Z71","Pickup","Red","Black","8 Cyl","5.3 L","4WD","Automatic","Gasoline",147348,"[PREMIUM]","[PREMIUM]",17400,"GREAT","Used","Crew Cab","Long Bed",16,22,18,,true,,,"['{""ownerNumber"":1,""purchaseDate"":""04/09/15"",""endOwnershipDate"":""05/12/16"",""state"":""QC""}','{""ownerNumber"":2,""purchaseDate"":""08/10/16"",""endOwnershipDate"":""10/05/17"",""city"":""Athens"",""state"":""WI""}','{""ownerNumber"":3,""purchaseDate"":""01/02/18"",""endOwnershipDate"":""11/05/24"",""city"":""Milladore"",""state"":""WI""}','{""ownerNumber"":4,""purchaseDate"":""11/05/24"",""endOwnershipDate"":""Present"",""city"":""Arpin"",""state"":""WI""}']",16,27,0,"2026-09-02","ENHANCED","USED",true,"[PREMIUM]","Auburndale","WI","54412","[PREMIUM]",4.8,4,"UU4KMIN6A1","[PREMIUM]","[PREMIUM]","[PREMIUM]","[PREMIUM]","[PREMIUM]","ADVANTAGE",,,,,"[PREMIUM]","[PREMIUM]",27,"['Spare Tire','Keyless Entry','Fog Lights','Trailer Hitch','Running Boards','Heated Seats','Cargo Cover','Trailer Wiring','Tinted Windows','Locking Differential']",10,"['3-Point Seat Belts','6 Speakers','AM/FM','Adjustable Headrests','Adjustable Seats','Adjustable Steering Wheel','Air Conditioning','Air Filtration','Airbag Deactivation (Passenger)','Antenna','Anti-Lock Brakes','Automatic Headlights','Aux Audio Adapter','Black Grille','Body Colored Side Moldings','CD (Single Disc)','Cargo Area Light','Chevrolet MyLink','Child Safety Locks','Child Seat Anchors','Chrome Bumpers','Chrome Front Grill','Clock','Color Coded Mirrors','Cruise Control','Daytime Running Lights','Digital Instrument Cluster','Driver Adjustable Lumbar','Dual-Zone Climate Control','Electronic Brake Force Distribution','Floor Mats','Front Airbags (Driver)','Front Airbags (Passenger)','Front Bench Seat','Front Center Armrest','Front Headrests','Front Side Airbags (Driver)','Front Side Airbags (Passenger)','Front Stabilizer Bar','Front Ventilated Disc Brakes','Halogen Headlights','Handsfree/Bluetooth Integration','Heated Mirrors','Hill Assist System','Independent Suspension','Intermittent Wipers','Leaf Rear Spring','Leather Steering Wheel','Low Fuel Level Indicator','MP3','Maintenance Free Battery','Memory Card Slot','OnStar Communication System','One-Touch Power Windows','Panic Button','Passenger Sensing Airbag','Power Locks','Power Mirrors','Power Seat (Dual)','Power Steering','Rear Bench Seat','Rear Headrests','Rear Window Defroster','Satellite Radio','Seat Belt Warning System','Side Curtain Airbags','Split/Folding Seats','Stability Control','Steering Wheel Controls','Tachometer','Telematics System','Tire Pressure Monitoring System','Tow Hooks','Traction Control','Trailer Stability Assist','Trip Odometer','USB Audio Interface','Vanity Mirror/Light','Ventilated Disc Brakes','Window Lockout Button']",80,"Are you looking for an affordable 4x4? It has the 5.3 V8 under the hood, and is ready to hook up the trailer, boat, and get you on your way. It has plenty of room inside the cab, and a tonneau cover will protect what ever you need to carry in the bed. This one is equipped with power heated seats, power locks, power windows, power mirrors, air conditioning, tilt steering, cruise control, am/fm/cd, dual climate controls, rear defrost and keyless remote with start. Also, it has the running boards, tonneau cover, towing, and window guards. Be sure to check this one out with a test drive, if it sounds like the 4x4 for you. Nice truck at an affordable price.","[PREMIUM]","[PREMIUM]",158.5,
"1GCEK14RXVZ126514NAS5OBEXTW20260902","2026-09-04 20:28:19.089","2026-09-04 20:28:19.089","[PREMIUM]","[PREMIUM]","126514",1997,"Chevrolet","C/K 1500","Unspecified",,"Pickup","Unspecified",,"8 Cyl","5.7 L","4WD","Unspecified","Gasoline",,"[PREMIUM]","[PREMIUM]",,,"Used","Regular Cab",,,,,true,true,true,,"['{""ownerNumber"":1,""purchaseDate"":""10/15/96"",""endOwnershipDate"":""05/09/13"",""city"":""South Jordan"",""state"":""UT""}','{""ownerNumber"":2,""purchaseDate"":""05/15/13"",""endOwnershipDate"":""05/08/24"",""city"":""Salt Lake City"",""state"":""UT""}']",16,,0,"2026-09-02","ENHANCED","USED",true,"[PREMIUM]","Denver","CO","80223","[PREMIUM]",2.6,5,"NAS5OBEXTW","[PREMIUM]","[PREMIUM]","[PREMIUM]","[PREMIUM]","[PREMIUM]","ADVANTAGE",,,,,"[PREMIUM]","[PREMIUM]",,"[]",,"['']",1,,"[PREMIUM]","[PREMIUM]",114.75,
"3C6UR5CJ9FG500971JWOTH607D120260902","2026-09-04 20:28:19.045","2026-09-04 20:28:19.045","[PREMIUM]","[PREMIUM]","1H212A",2015,"Ram","2500","Tradesman",,"Pickup","White","Black","8 Cyl","6.4 L","4WD","Automatic","Gasoline",179649,"[PREMIUM]","[PREMIUM]",17020,"GREAT","Used","Crew Cab","Short Bed",,,,true,true,true,,"['{""ownerNumber"":1,""purchaseDate"":""10/29/14"",""endOwnershipDate"":""10/20/21"",""city"":""Kasson"",""state"":""MN""}','{""ownerNumber"":2,""purchaseDate"":""10/20/21"",""endOwnershipDate"":""08/31/26"",""city"":""Kasson"",""state"":""MN""}']",15,34,0,"2026-09-02","ENHANCED","NEW",true,"[PREMIUM]","South Saint Paul","MN","55075","[PREMIUM]",4.5,1080,"JWOTH607D1","[PREMIUM]","[PREMIUM]","[PREMIUM]","[PREMIUM]","[PREMIUM]","TOPRATED",,,,,"[PREMIUM]","[PREMIUM]",34,"['Protection Package','Popular Equipment Package','Keyless Entry','18 Inch Wheels','Bench Seat','Trailer Brake Controller','17 Inch Wheels','Heated Mirrors','Satellite Radio','Chrome Wheels']",10,"['2nd Row Split/Folding Seats','4-Wheel Disc Brakes','6 Speakers','AM/FM','Adjustable Steering Wheel','Air Conditioning','Anti-Lock Brakes','Auto-Dimming Mirror','Automatic Headlights','Aux Audio Adapter','Braking Assist','Chrome Appearance Package','Cloth Seats','Cloth Upholstery','Compass','Cruise Control','Cup Holder','Delay-Off Headlights','Door Bin','Floor Mats','Front Airbags (Driver)','Front Airbags (Passenger)','Front Anti-Roll Bar','Front Center Armrest','Front Side Airbags (Driver)','Front Side Airbags (Passenger)','Gooseneck / 5th Wheel Prep Package','Handsfree/Bluetooth Integration','Illuminated Entry','Intermittent Wipers','Keyless Ignition','Locking Tailgate','Media Hub','Overhead Airbag','Overhead Console','Parking Assist System','Passenger Sensing Airbag','Power Mirrors','Power Steering','Power Windows','Radio Data System','Rear Center Armrest','Rear-View Camera','Remote Keyless Entry','Snow Plow Preparation Package','Split/Folding Seats','Stability Control','Steel Wheels','Step Bumper','Tachometer','Telematics System','Thermometer','Tip Start Ignition','Tire Pressure Monitoring System','Touch-Screen Display','Traction Control','Turn Signal Mirrors','USB Adapter','Uconnect System','Vinyl Seats','Voice-Activated Command System']",61,"Price includes Doc Fee of $350.<br /><br /><br />Bright White Clearcoat 2015 Ram 2500 Tradesman 4WD 6-Speed Automatic 6.4L V8<br /><br />Built on over 60 years of automotive experience, Fury Motors continues its legacy as a family-owned and operated dealership group serving customers across four convenient locations in Minnesota. We offer a wide selection of new and pre-owned vehicles, supported by comprehensive services including financing, maintenance and repair, and a full-service body shop. Every pre-owned vehicle is put through a detailed 133-point safety inspection with all safety items addressed, and includes a free CARFAX Vehicle History Report for added confidence. Our streamlined online trade-in tool also makes it easy to estimate your vehicle’s value. Fury Motors delivers a straightforward, all-in-one automotive experience you can depend on.<br />Recent Arrival!<br /><br /><br />Reviews:<br /> * Monumental torque with diesel and automatic powertrain, high-quality cabin, Mega Cab's roomy rear seat, highly off-road-capable Power Wagon version, quiet, comfortable ride. Source: Edmunds","[PREMIUM]","[PREMIUM]",180.5,
"WBAUL7C5XDVU09296M2HFE5ETY120260901","2026-09-04 18:19:20.754","2026-09-04 18:19:20.754","[PREMIUM]","[PREMIUM]","934160",2013,"BMW","1 Series","128i",,"Convertible","Gray","Black","6 Cyl","3.0 L","RWD","Automatic","Gasoline",49245,"[PREMIUM]","[PREMIUM]",13260,,"Used",,,18,26,21,,true,true,,"['{""ownerNumber"":1,""purchaseDate"":""06/20/13"",""endOwnershipDate"":""12/19/16"",""city"":""Miami Beach"",""state"":""FL""}','{""ownerNumber"":2,""purchaseDate"":""06/08/18"",""endOwnershipDate"":""03/13/20"",""city"":""Damariscotta"",""state"":""ME""}','{""ownerNumber"":3,""purchaseDate"":""08/20/20"",""endOwnershipDate"":""06/19/26"",""city"":""Portland"",""state"":""ME""}','{""ownerNumber"":4,""purchaseDate"":""07/17/26"",""endOwnershipDate"":""08/31/26"",""city"":""Brewer"",""state"":""ME""}']",28,,0,"2026-09-01","ENHANCED","NEW",true,"[PREMIUM]","Bangor","ME","04401","[PREMIUM]",4.6,669,"M2HFE5ETY1","[PREMIUM]","[PREMIUM]","[PREMIUM]","[PREMIUM]","[PREMIUM]","TOPRATED",,,,,"[PREMIUM]","[PREMIUM]",,"['Premium Package','Keyless Entry','Fog Lights','Leather Seats','Alloy Wheels','17 Inch Wheels','Heated Mirrors','Seat Memory','Black Top','Premium Sound System']",10,"['4-Wheel Disc Brakes','4-Wheel Independent Suspension','8 Speakers','AM/FM','Adjustable Steering Wheel','Air Conditioning','Anti-Lock Brakes','Anti-Theft System','Armrest Storage','Auto Climate Control','Automatic Headlights','BMW Assist','Body Colored Bumpers','Braking Assist','CD (Single Disc)','Cruise Control','Delay-Off Headlights','Door Bin','Dual-Zone Climate Control','Front Airbags (Driver)','Front Airbags (Passenger)','Front Anti-Roll Bar','Front Bucket Seats','Front Center Armrest','Front Knee Airbags (Driver)','Front Side Airbags (Driver)','Front Side Airbags (Passenger)','HD Radio','Handsfree/Bluetooth Integration','Head Restraint Whiplash Protection','Illuminated Entry','Leather Shift Knob Trim','Leather Trimmed Interior','Leather Trimmed Seats','Leatherette Seats','MP3','Passenger Sensing Airbag','Power Mirrors','Power Seat (Dual)','Power Steering','Power Top','Power Windows','Radio Data System','Rain-Sensing Wipers','Reading Lights','Rear Anti-Roll Bar','Rear Center Armrest','Rear Window Defroster','Remote Keyless Entry','Rollover Protection Bars','Soft Top','Speed-Sensing Steering','Sport Steering Wheel','Stability Control','Steering Wheel Controls','Tachometer','Thermometer','Tire Pressure Monitoring System','Traction Control','Trip Computer','Vanity Mirror/Light']",61,"This 2013 BMW 1 Series 128i convertible delivers classic BMW driving dynamics paired with open-air enjoyment. With just under 50,000 miles, this six-cylinder roadster offers excellent fuel efficiency at 18 city and 27 highway MPG, making it ideal for both spirited drives and daily commutes.<br /><br />- Moonlight Black Soft Top convertible roof<br />- BMW Assist with Bluetooth wireless technology<br />- Premium Package<br />- Boston Leather seat trim and upholstery<br />- Power convertible roof with automatic operation<br />- Front dual-zone automatic climate control<br />- Power front seats with driver memory<br />- Sport steering wheel with mounted audio controls<br />- Alloy wheels (17-inch Style 371)<br />- 8-speaker premium audio system with CD/MP3 player<br /><br />The vehicle presents in excellent condition, finished in Mineral Grey Metallic with a striking black convertible top and complementary black Boston leather interior. The 3.0-liter inline-six engine paired with the 6-speed Steptronic automatic transmission provides smooth, responsive performance. Key comfort and convenience features include automatic headlights with rain-sensing wipers, heated door mirrors, remote keyless entry, and a trip computer. Safety is prioritized with four-wheel disc brakes, full airbag protection, electronic stability control, and traction control.<br /><br />This is an exceptional opportunity to own a nimble, well-maintained BMW convertible ready for your next adventure. Contact us today to schedule a test drive and experience the 128i's balanced blend of performance and open-air freedom.","[PREMIUM]","[PREMIUM]",101.5,
"WVWFW8AH2DV002160KMN4WSFSV820260830","2026-09-04 18:19:20.747","2026-09-04 18:19:20.747","[PREMIUM]","[PREMIUM]","PMBR792AA",2013,"Volkswagen","Eos","Luxury",,"Convertible","Silver","Black","4 Cyl","2.0 L","FWD","Automatic","Gasoline",113121,"[PREMIUM]","[PREMIUM]",9610,"GOOD","Used",,,22,30,25,true,true,true,,"['{""ownerNumber"":1,""purchaseDate"":""06/26/13"",""endOwnershipDate"":""06/29/25"",""city"":""Scottsdale"",""state"":""AZ""}','{""ownerNumber"":2,""purchaseDate"":""11/19/25"",""endOwnershipDate"":""08/29/26"",""state"":""AZ""}']",22,1,0,"2026-08-30","ENHANCED","NEW",true,"[PREMIUM]","Mcalester","OK","74501","[PREMIUM]",4.5,235,"KMN4WSFSV8","[PREMIUM]","[PREMIUM]","[PREMIUM]","[PREMIUM]","[PREMIUM]","TOPRATED",,,,,"[PREMIUM]","[PREMIUM]",1,"['Navigation System','Keyless Entry','Fog Lights','Leather Seats','Heated Seats','Wind Deflector','Alloy Wheels','Hard Top','Heated Mirrors','Satellite Radio']",10,"['4-Wheel Disc Brakes','4-Wheel Independent Suspension','8 Speakers','AM/FM','Adjustable Steering Wheel','Air Conditioning','Anti-Lock Brakes','Anti-Theft System','Auto Climate Control','Auto-Dimming Mirror','Body Colored Bumpers','Braking Assist','CD (Single Disc)','Cruise Control','Delay-Off Headlights','Door Bin','Dual-Zone Climate Control','First Aid Kit','Floor Mats','Front Airbags (Driver)','Front Airbags (Passenger)','Front Anti-Roll Bar','Front Bucket Seats','Front Center Armrest','Front Side Airbags (Driver)','Front Side Airbags (Passenger)','Head Restraint Whiplash Protection','Headlight Washers','High Intensity Discharge Headlights','Illuminated Entry','Leather Shift Knob Trim','Leather Steering Wheel','Leather Trimmed Interior','Panic Button','Power Mirrors','Power Seat (Dual)','Power Steering','Power Sun/Moonroof','Power Top','Power Windows','RNS 315 System','Radio Data System','Rain-Sensing Wipers','Reading Lights','Rear Anti-Roll Bar','Rear Center Armrest','Rear Parking Sensors','Rear Window Defroster','Remote Keyless Entry','Rollover Protection Bars','Speed-Sensing Steering','Stability Control','Steering Wheel Controls','Tachometer','Telematics System','Thermometer','Tire Pressure Monitoring System','Traction Control','Trip Computer','Turn Signal Mirrors','Vanity Mirror/Light','Wood Dash Trim','Wood Door Trim']",63,"**LOCAL TRADE**, Our financing is EASY! We have an in-house financing department that will help get you APPROVED!, We LOVE trades! We will trade for just about anything, and give you TOP DOLLAR!, We make buying your next vehicle FAST, FUN, and HASSLE-FREE!, We deliver nationwide due to our low prices! Ask us for more info!, Eos Lux, 2D Convertible, 2.0L TSI 200 hp, 6-Speed DSG Automatic with Tiptronic, FWD, Reflex Silver Metallic, Black Leather, 4-Wheel Disc Brakes, 8 Speakers, ABS brakes, Air Conditioning, All Season Rubber Mats (Set of 4), Alloy wheels, AM/FM radio: SiriusXM, Anti-whiplash front head restraints, Auto-dimming door mirrors, Auto-dimming Rear-View mirror, Automatic temperature control, Brake assist, Bumpers: body-color, CD player, Comfort Heated Front Seats, Convertible HardTop, Convertible roof lining, Convertible roof wind blocker, Delay-off headlights, Driver door bin, Driver vanity mirror, Dual front impact airbags, Dual front side impact airbags, Electronic Stability Control, First Aid Kit, Four wheel independent suspension, Front anti-roll bar, Front Bucket Seats, Front Center Armrest, Front dual zone A/C, Front fog lights, Front reading lights, Genuine wood console insert, Genuine wood dashboard insert, Genuine wood door panel insert, Glass rear window, Headlight cleaning, Heated door mirrors, Heated front seats, High intensity discharge headlights: Bi-Xenon, Illuminated entry, Integrated roll-over protection, Leather Seating Surfaces, Leather Shift Knob, Leather steering wheel, Low tire pressure warning, Navigation System, Outside temperature display, Panic alarm, Passenger door bin, Passenger vanity mirror, Power convertible roof, Power door mirrors, Power driver seat, Power moonroof, Power passenger seat, Power steering, Power windows, Radio data system, Rain sensing wipers, Rear anti-roll bar, Rear Parking Sensors, Rear seat center armrest, Rear window defroster, Remote keyless entry, RNS 315 Navigation System, Security system, Speed control, Speed-sensing steering, Steering wheel mounted audio controls, Tachometer, Telescoping steering wheel, Tilt steering wheel, Traction control, Trip computer, Turn signal indicator mirrors, Variably intermittent wipers.<br /><br /><br />Save THOUSANDS! We have the absolute BEST prices, BEST selection, and BEST service anywhere! Get WARRANTY FOR LIFE at zero additional charge on any vehicle we have with under 75,000 miles on it when you take it home! WOW!! We make buying your next vehicle FAST, FUN, and HASSLE-FREE! Our Professional Sales Consultants are the friendliest anywhere! We have financing that is fast and EASY! We will get you the best rate available for ALL types of credit! We LOVE trades, all trades no matter what it is! Did you know we ship nationwide??! Now customers coast to coast can take advantage of our low prices! Ask us for more details! Reflex Silver Metallic 2013 Volkswagen Eos Lux FWD 6-Speed DSG Automatic with Tiptronic 2.0L TSI 200 hp<br />22/30 City/Highway MPG<br /><br />Come see your friends today at Patriot CDJR in McAlester, OK! Visit our online showroom at www.PatriotMac.com today!","[PREMIUM]","[PREMIUM]",139.25,
"WBAUL7C57DVU09028WZ2ZTGT15120260830","2026-09-04 18:19:20.735","2026-09-04 18:19:20.735","[PREMIUM]","[PREMIUM]","J26310A",2013,"BMW","1 Series","128i",,"Convertible","Gray","Black","6 Cyl","3.0 L","RWD","Automatic","Gasoline",64619,"[PREMIUM]","[PREMIUM]",11340,,"Used",,,18,26,21,true,true,true,,"['{""ownerNumber"":1,""purchaseDate"":""01/31/14"",""endOwnershipDate"":""07/19/16"",""city"":""Loxahatchee"",""state"":""FL""}','{""ownerNumber"":2,""purchaseDate"":""03/26/17"",""endOwnershipDate"":""12/06/21"",""city"":""Kissimmee"",""state"":""FL""}','{""ownerNumber"":3,""purchaseDate"":""12/06/21"",""endOwnershipDate"":""03/06/23"",""city"":""Orlando"",""state"":""FL""}','{""ownerNumber"":4,""purchaseDate"":""04/17/23"",""endOwnershipDate"":""08/30/26"",""city"":""Orlando"",""state"":""FL""}']",35,2,0,"2026-08-30","ENHANCED","NEW",true,"[PREMIUM]","Daytona Beach","FL","32124","[PREMIUM]",4.4,1514,"WZ2ZTGT151","[PREMIUM]","[PREMIUM]","[PREMIUM]","[PREMIUM]","[PREMIUM]","TOPRATED",,,,,"[PREMIUM]","[PREMIUM]",2,"['M Sport Package','Keyless Entry','Fog Lights','Ambient Lighting','Alloy Wheels','Paddle Shifter','17 Inch Wheels','Heated Mirrors','Premium Sound System','Sport Seats']",10,"['3-Point Seat Belts','4-Passenger Seating','4-Wheel Disc Brakes','4-Wheel Independent Suspension','8 Speakers','AM/FM','Adaptive Tail Lights','Adjustable Seats','Adjustable Steering Wheel','Air Conditioning','Air Filtration','All-Season Tires','Aluminum Interior Accents','Anti-Lock Brakes','Anti-Theft System','Armrest Storage','Auto Climate Control','Automatic Headlights','Aux Audio Adapter','BMW Assist','Body Colored Bumpers','Braking Assist','CD (Single Disc)','Center Console','Child Seat Anchors','Crash Sensors','Cruise Control','Cup Holder','Daytime Running Lights','Delay-Off Headlights','Door Bin','Door Pockets','Dual-Zone Climate Control','Floor Mats','Front Airbags (Driver)','Front Airbags (Passenger)','Front Anti-Roll Bar','Front Bucket Seats','Front Center Armrest','Front Knee Airbags (Driver)','Front Side Airbags','Front Side Airbags (Driver)','Front Side Airbags (Passenger)','Front and Rear Stabilizer Bar','HD Radio','Halogen Fog Lights','Handsfree/Bluetooth Integration','Head Restraint Whiplash Protection','Hill Assist System','Illuminated Entry','Independent Suspension','Keyless Ignition','Leather Shift Knob Trim','Leather Steering Wheel','Leatherette Seats','MP3','Memory Mirrors','One-Touch Power Windows','Passenger Sensing Airbag','Power Locks','Power Mirrors','Power Steering','Power Top','Radio Data System','Rain-Sensing Wipers','Reading Lights','Rear Anti-Roll Bar','Rear Center Armrest','Rear Window Defroster','Remote Keyless Entry','Rollover Protection Bars','Run-Flat Tires','Satellite Radio Preparation','Seat Belt Pretensioners','Smokers Package','Soft Top','Speed-Sensing Steering','Sport Steering Wheel','Stability Control','Steering Wheel Controls','Tachometer','Thermometer','Tire Pressure Monitoring System','Traction Control','Trip Computer','USB Adapter','Vanity Mirror/Light','Ventilated Disc Brakes','Windshield Wiper Heater','iPod Adapter']",90,"Recent Arrival! Clean CARFAX.2013 BMW 1 Series 128i 128i 3.0L I6 DOHC 24V RWD 6-Speed Automatic Steptronic Space Gray Metallic Odometer is 53855 miles below market average! 18/27 City/Highway MPGThis vehicle is AS-IS with no warranty. THIS VEHICLE INCLUDES THE FOLLOWING FEATURES AND OPTIONS: M Sport Package (17"" Double-Spoke Light Alloy (Style 207M) Wheels and Shadowline Exterior Trim), 17 x 7.0 (Style 371) Wheels, 4-Wheel Disc Brakes, 8 Speakers, ABS brakes, Air Conditioning, Alloy wheels, AM/FM radio, Anti-whiplash front head restraints, Automatic temperature control, BMW Assist w/Bluetooth®, Brake assist, Bumpers: body-color, CD player, Convertible roof lining, Delay-off headlights, Driver door bin, Driver vanity mirror, Dual front impact airbags, Dual front side impact airbags, Electronic Stability Control, Four wheel independent suspension, Front anti-roll bar, Front Bucket Seats, Front Center Armrest w/Storage, Front dual zone A/C, Front fog lights, Front reading lights, Fully automatic headlights, Glacier Silver Aluminum Trim, Glass rear window, Heated door mirrors, Illuminated entry, Integrated roll-over protection, Knee airbag, Leather Shift Knob, Low tire pressure warning, M Sports Leather Steering Wheel w/Paddle Shifters, Occupant sensing airbag, Outside temperature display, Passenger door bin, Passenger vanity mirror, Power convertible roof, Power door mirrors, Power steering, Power windows, Radio data system, Radio: Anti-Theft AM/FM/HD Stereo CD/MP3 Player, Rain sensing wipers, Rear anti-roll bar, Rear seat center armrest, Rear window defroster, Remote keyless entry, SensaTec Upholstery, Speed control, Speed-sensing steering, Speed-Sensitive Wipers, Sport Seats, Sport steering wheel, Steering wheel mounted A/C controls, Steering wheel mounted audio controls, Tachometer, Telescoping steering wheel, Tilt steering wheel, Traction control, Trip computer, and Variably intermittent wipers.Awards:* 2013 KBB.com Brand Image AwardsReviews:* Powerful, fuel-efficient engines, rear-wheel drive, nimble handling, solid construction, convertible available. Source: Edmunds* If you like your driving served ""straight up,"" the 2013 BMW 1 Series is your machine: Front engine, rear-wheel drive, good power and poised handling, all tuned and developed on the assumption you want your car to feel and sound and move just so. Source: KBB.comThis vehicle is AS-IS with no warranty. With our Market Based Pricing we use cutting edge technology that is constantly updating to provide you with the best value in the market. Our Pricing is achieved by polling over 70,000 pre-owned websites hourly. This ensures that every one of our customers receives real-time market pricing on every pre-owned vehicle we sell. We do not artificially inflate our preowned pricing in the hopes of winning a negotiating contest with our customers! We do not play pricing games. After being in business here for 20+ years, we realized that Internet Value Pricing is by the best approach for our customers.","[PREMIUM]","[PREMIUM]",130.5,
"JTHFF2C27D2528080XKBVIAY00120260902","2026-09-04 18:19:20.732","2026-09-04 18:19:20.732","[PREMIUM]","[PREMIUM]","13053",2013,"Lexus","IS","250",,"Convertible","Black","Black","6 Cyl","2.5 L","RWD","Automatic","Gasoline",150811,"[PREMIUM]","[PREMIUM]",,,"Used",,,21,29,24,,true,true,,"['{""ownerNumber"":1,""purchaseDate"":""06/04/13"",""endOwnershipDate"":""03/02/18"",""city"":""Grapevine"",""state"":""TX""}','{""ownerNumber"":2,""purchaseDate"":""03/02/18"",""endOwnershipDate"":""07/28/26"",""city"":""Fort Worth"",""state"":""TX""}']",21,33,0,"2026-09-02","ENHANCED","USED",true,"[PREMIUM]","MESQUITE","TX","75150","[PREMIUM]",3.2,15,"XKBVIAY001","[PREMIUM]","[PREMIUM]","[PREMIUM]","[PREMIUM]","[PREMIUM]","ADVANTAGE",,,,,"[PREMIUM]","[PREMIUM]",33,"['Navigation System','DVD','Keyless Entry','Fog Lights','Heated Seats','Hard Top','Satellite Radio','Side Airbags','Keyless Ignition','Power Top']",10,"['AM/FM','Adjustable Steering Wheel','Air Conditioning','Anti-Lock Brakes','Anti-Theft System','CD (Multi Disc)','Cruise Control','Daytime Running Lights','Dual Airbags','Handsfree/Bluetooth Integration','High Intensity Discharge Headlights','Hill Assist System','Lexus Enform','MP3','Mark Levinson Sound System','Parking Assist System','Power Locks','Power Seat (Dual)','Power Steering','Power Windows','Premium Wheels','Rear Spoiler','Rear-View Camera','Side Curtain Airbags','Stability Control','Telematics System','Traction Control']",27,"<p><strong>WELL SERVICED 2013 LEXUS IS 250C RUNS AND DRIVES SMOOTH. AUTO CONVERTIBLE TOP NO ISSUES.</strong></p>","[PREMIUM]","[PREMIUM]",124.75,"Moderate to Severe Damage"
"WBADW7C5XDE733002KDSTL00120260901","2026-09-04 18:19:20.729","2026-09-04 18:19:20.729","[PREMIUM]","[PREMIUM]","DE733002",2013,"BMW","3 Series","328i",,"Convertible","White","Black","6 Cyl","3.0 L","RWD","Automatic","Gasoline",91875,"[PREMIUM]","[PREMIUM]",11990,,"Used",,,18,26,21,,true,true,,"['{""ownerNumber"":1,""purchaseDate"":""06/29/13"",""endOwnershipDate"":""03/19/16"",""city"":""San Jose"",""state"":""CA""}','{""ownerNumber"":2,""purchaseDate"":""07/23/16"",""endOwnershipDate"":""08/28/26"",""city"":""Saratoga"",""state"":""CA""}']",8,1,0,"2026-09-01","ENHANCED","NEW",true,"[PREMIUM]","Mountain View","CA","94040","[PREMIUM]",4.5,382,"KDSTL001","[PREMIUM]","[PREMIUM]","[PREMIUM]","[PREMIUM]","[PREMIUM]","TOPRATED",,,,,"[PREMIUM]","[PREMIUM]",1,"['Leather Seats','Hard Top']",2,"['Leather Trimmed Seats','Super Ultra Low Emissions Vehicle']",2,"<ul><li>Oyster/Black, Dakota Leather Seat Trim</li><li>Leather Seats</li><li>Convertible Hardtop</li><li>Alpine White</li></ul><br /><br />This vehicle includes a Money-Back Guarantee* and passed our precise inspection process. Best of all the price you see is the price you pay. No haggling. No back and forth. No pressure. And this price is so good it is guaranteed. *Money-Back Guarantee is valid for 5 days or 250 miles, whichever comes first. Subject to certain terms and conditions. See store for details. Some restrictions apply. <br /><br />Thank you for visiting another one of BMW of Mountain View's exclusive listings! Two Owner vehicle Don't hesitate to contact BMW of Mountain View. This BMW 3 Series won't last long.<br /><br /> *Money-Back Guarantee is valid for 5 days or 250 miles, whichever comes first. Subject to certain terms and conditions. See store for details. Some restrictions apply.","[PREMIUM]","[PREMIUM]",113.5,
"3VW5P7AT0DM824213RU1R9VOYBV20260901","2026-09-04 18:19:20.728","2026-09-04 18:19:20.728","[PREMIUM]","[PREMIUM]","824213",2013,"Volkswagen","Beetle","Unspecified",,"Convertible","Gray",,"5 Cyl","2.5 L","FWD","Automatic","Gasoline",96239,"[PREMIUM]","[PREMIUM]",13270,"FAIR","Used",,,21,27,23,,true,true,,"['{""ownerNumber"":1,""purchaseDate"":""08/16/13"",""endOwnershipDate"":""07/26/16"",""city"":""Kingston"",""state"":""PA""}','{""ownerNumber"":2,""purchaseDate"":""09/15/20"",""endOwnershipDate"":""08/27/26"",""city"":""Buffalo"",""state"":""NY""}']",31,16,0,"2026-09-01","ENHANCED","USED",true,"[PREMIUM]","Council Bluffs","IA","51501","[PREMIUM]",3.8,10,"RU1R9VOYBV","[PREMIUM]","[PREMIUM]","[PREMIUM]","[PREMIUM]","[PREMIUM]","ADVANTAGE",,,,,"[PREMIUM]","[PREMIUM]",16,"['Keyless Entry','Heated Seats','Folding Mirrors','Dual Exhaust','Alloy Wheels','Heated Mirrors']",6,"['12V Power Outlet','Anti-Lock Brakes','Anti-Theft System','Aux Audio Adapter','CD (Single Disc)','Child Seat Anchors','Cruise Control','Daytime Running Lights','Floor Mats','Handsfree/Bluetooth Integration','Hill Assist System','Leatherette Seats','MP3','One-Touch Power Windows','Panic Button','Partial Zero Emissions Vehicle','Power Locks','Power Mirrors','Rear Spoiler','Rear Window Defroster','Remote Keyless Entry','Remote Trunk Release','Soft Top','Stability Control','Traction Control','Windshield Wiper Heater']",26,"Visit A1 Auto Sales online at a1autosalescb.com to see more pictures of this vehicle or call us at 712-828-4988 today to schedule your test drive.","[PREMIUM]","[PREMIUM]",133,"Minor to Moderate Damage"
"WDDPK4HA3DF0628547ZMX80JZZO20260902","2026-09-04 18:19:20.700","2026-09-04 18:19:20.700","[PREMIUM]","[PREMIUM]","243",2013,"Mercedes-Benz","SLK","250",,"Convertible","Gray","White","4 Cyl","1.8 L","RWD","Automatic","Gasoline",131900,"[PREMIUM]","[PREMIUM]",14450,,"Used",,,23,32,26,,true,true,,"['{""ownerNumber"":1,""purchaseDate"":""01/26/13"",""endOwnershipDate"":""07/26/15"",""city"":""San Diego"",""state"":""CA""}','{""ownerNumber"":2,""purchaseDate"":""09/22/15"",""endOwnershipDate"":""03/10/22"",""city"":""Laguna Niguel"",""state"":""CA""}','{""ownerNumber"":3,""purchaseDate"":""03/18/25"",""endOwnershipDate"":""Present"",""state"":""CA""}']",33,29,0,"2026-09-02","ENHANCED","USED",,"[PREMIUM]","Roseville","CA","95678","[PREMIUM]",,,"7ZMX80JZZO","[PREMIUM]","[PREMIUM]","[PREMIUM]","[PREMIUM]","[PREMIUM]","ADVANTAGE",,,,,"[PREMIUM]","[PREMIUM]",29,"['Keyless Entry','Alloy Wheels','Hard Top','Side Airbags','Power Top']",5,"['AM/FM','Adjustable Steering Wheel','Air Conditioning','Anti-Lock Brakes','Anti-Theft System','CD (Single Disc)','Cruise Control','Daytime Running Lights','Dual Airbags','Front Knee Airbags (Driver)','Front Knee Airbags (Passenger)','Handsfree/Bluetooth Integration','Hill Assist System','MP3','Mercedes-Benz mbrace','Power Locks','Power Seat (Dual)','Power Steering','Power Windows','Side Curtain Airbags','Stability Control','Telematics System','Traction Control']",23,"<p>2013 Mercedes-Benz SLK-Class SLK 250 Roadster 2D 4-Cyl, Turbo, 1.8 Liter Auto, 7-Spd 7G-Tronic + 131,900</p><p>718 Atlantic St, Roseville, CA 95678 (916) 530-0517</p>","[PREMIUM]","[PREMIUM]",136,
"3VW7A7AT7DM802204FIFGR4ET9H20260901","2026-09-04 18:19:20.661","2026-09-04 18:19:20.661","[PREMIUM]","[PREMIUM]","P2204",2013,"Volkswagen","Beetle","Unspecified",,"Convertible","Red","Tan","4 Cyl","2.0 L","FWD","Automatic","Gasoline",95189,"[PREMIUM]","[PREMIUM]",,,"Used",,,21,28,24,true,true,true,,"['{""ownerNumber"":1,""purchaseDate"":""04/03/13"",""endOwnershipDate"":""06/05/17"",""city"":""Fort Worth"",""state"":""TX""}','{""ownerNumber"":2,""purchaseDate"":""06/14/17"",""endOwnershipDate"":""09/01/26"",""city"":""Southern Pines"",""state"":""NC""}']",6,27,0,"2026-09-01","ENHANCED","USED",true,"[PREMIUM]","Chantilly","VA","20152","[PREMIUM]",3.6,65,"FIFGR4ET9H","[PREMIUM]","[PREMIUM]","[PREMIUM]","[PREMIUM]","[PREMIUM]","ADVANTAGE",,,,,"[PREMIUM]","[PREMIUM]",27,"['Remote Start','Navigation System','Keyless Entry','Fog Lights','Leather Seats','Tinted Windows','Heated Mirrors','Turbocharger','Full Size Spare Tire']",9,"['AM/FM','Adjustable Lumbar Support','Adjustable Steering Wheel','Air Conditioning','Anti-Lock Brakes','Auto-Dimming Mirror','CD (Multi Disc)','Daytime Running Lights','First Aid Kit','Front Airbags (Driver)','Front Airbags (Passenger)','Front Side Airbags (Driver)','Leather Steering Wheel','Power Locks','Power Windows','Rear Spoiler','Rear Window Defroster','Run-Flat Tires','Stability Control','Steering Wheel Controls','Tachometer','Tire Pressure Monitoring System','Traction Control','Trip Computer']",24,"At Precise Automotive Group, We're making car buying easier and more convenient than ever! Enjoy FREE &amp; FAST Shipping on all vehicles straight to your front door -within 300 miles! Live further out? Just reach out and we'll work with you! Buy with confidence 5 Day Exchange Policy- Peace of mind with every purchase! FREE CARFAX report - Know your cars history upfront. Schedule a virtual appointment or test drive via FaceTime, recorded video or your favorite app. We believe everyone deserves the car of their dreams, so we work with all types of credit and partner with top leaders like Capital One Bank, Westlake Financial and NASA Credit Union to get you the best financing options. Visit us online: www.Preciseautomotivegroup.com Call Us: 1-877-9PRECISE Validation. Transparency. Be Precise!","[PREMIUM]","[PREMIUM]",121.75,
"WBADW7C51DE7323841WKZXVY00120260902","2026-09-04 18:19:20.654","2026-09-04 18:19:20.654","[PREMIUM]","[PREMIUM]","STK32384T",2013,"BMW","3 Series","328i",,"Convertible","Silver","Black","6 Cyl","3.0 L","RWD","Automatic","Gasoline",119362,"[PREMIUM]","[PREMIUM]",9930,,"Used",,,18,26,21,true,true,true,,"['{""ownerNumber"":1,""purchaseDate"":""03/11/13"",""endOwnershipDate"":""01/04/16"",""city"":""New York"",""state"":""NY""}','{""ownerNumber"":2,""purchaseDate"":""09/10/16"",""endOwnershipDate"":""02/13/23"",""city"":""Glen Burnie"",""state"":""MD""}','{""ownerNumber"":3,""purchaseDate"":""09/07/23"",""endOwnershipDate"":""Present"",""city"":""Zionsville"",""state"":""IN""}']",29,13,0,"2026-09-02","ENHANCED","USED",true,"[PREMIUM]","Westfield","IN","46074","[PREMIUM]",4,35,"1WKZXVY001","[PREMIUM]","[PREMIUM]","[PREMIUM]","[PREMIUM]","[PREMIUM]","ADVANTAGE",,,,,"[PREMIUM]","[PREMIUM]",13,"[]",,"['Super Ultra Low Emissions Vehicle']",1,". NO DEALER FEES APPLY—THE ADVERTISED PRICE IS THE FULL PURCHASE PRICE. APPLICABLE STATE SALES TAX AND TITLE FEES ARE NOT INCLUDED AND WILL BE COLLECTED AT THE TIME OF SALE. OUT-OF-STATE PURCHASES ARE SUBJECT TO AN ADDITIONAL $115 PROCESSING FEE......... With over 20 years in business and 5 Indiana locations, Unlimited Motors is known for offering high-quality, hand-selected vehicles at excellent pricing with outstanding customer service. Our inventory of over 1,000 vehicles includes major makes such as Ford, Chevrolet, Ram, Jeep, GMC, Dodge, BMW, Mercedes-Benz, Audi, Cadillac, Porsche, Maserati, Ferrari, and Lamborghini, giving customers one of the largest selections of quality vehicles in the Midwest. Vehicle Highlights:2013 BMW 3 SeriesRecent Arrival!Visit www.iumotors.com to explore our full inventory of over 1,000 hand-picked vehicles across our Westfield, Fishers, Noblesville, Lafayette and Elwood locations. At Unlimited Motors, we offer a premium car-buying experience with competitive financing through local credit unions and national lenders, top trade-in values, full auto repair and maintenance services for customer vehicles, and nationwide shipping to all 50 states. You’ll also find many of the most searched and in-demand models, including Ford F-150, Chevrolet Silverado, Ram 1500, Jeep Wrangler, Jeep Grand Cherokee, Chevrolet Tahoe, Chevrolet Suburban, GMC Yukon, GMC Sierra, Dodge Charger, Dodge Durango, Ford Explorer, BMW X5, BMW X3, BMW 3 Series, Mercedes-Benz GLE, Mercedes-Benz GLC, Cadillac Escalade, Audi Q5, Audi Q7, Porsche Cayenne, Porsche Macan, Maserati Ghibli, and more. Whether you’re visiting from Westfield, Indianapolis, Carmel, Fishers, Noblesville, Zionsville, Greenwood, Lawrence, Brownsburg, Avon, Plainfield, Lebanon, Anderson, Muncie, Kokomo, Lafayette, Bloomington, Columbus, or anywhere across Central and Northern Indiana, we are here to help you find the perfect vehicle with exceptional service and unbeatable value. Call us today at 317-896-4488 — 1470 W Tournament Trl, Westfield, IN 46074. NO DEALER FEES APPLY—THE ADVERTISED PRICE IS THE FULL PURCHASE PRICE. APPLICABLE STATE SALES TAX AND TITLE FEES ARE NOT INCLUDED AND WILL BE COLLECTED AT THE TIME OF SALE. OUT-OF-STATE PURCHASES ARE SUBJECT TO AN ADDITIONAL $115 PROCESSING FEE.... We strive to ensure that all pricing and information on this site is accurate and up to date, however, errors may occur. The dealership is not responsible for typographical and other errors that may appear on the site, it all must be independently verified with the dealership prior to purchase. Advertised prices and inventory are subject to change without notice. All financing offers and rates are subject to lender approval and may vary based on the applicant’s credit profile and the specific vehicle.","[PREMIUM]","[PREMIUM]",131.75,
"WDDKK5KF6DF205171YTU0ZDZQBK20260721","2026-09-04 18:19:20.651","2026-09-04 18:19:20.651","[PREMIUM]","[PREMIUM]","3746",2013,"Mercedes-Benz","E-Class","E 350",,"Convertible","Silver","Tan","6 Cyl","3.5 L","RWD","Automatic","Gasoline",87197,"[PREMIUM]","[PREMIUM]",13360,,"Used",,,19,28,22,,true,true,,"['{""ownerNumber"":1,""purchaseDate"":""04/08/13"",""endOwnershipDate"":""06/01/17"",""city"":""Spring"",""state"":""TX""}','{""ownerNumber"":2,""purchaseDate"":""08/16/17"",""endOwnershipDate"":""06/29/19"",""city"":""Kingwood"",""state"":""TX""}','{""ownerNumber"":3,""purchaseDate"":""06/29/19"",""endOwnershipDate"":""06/24/26"",""city"":""Houston"",""state"":""TX""}']",28,29,0,"2026-07-21","ENHANCED","NEW",true,"[PREMIUM]","Aurora","IL","60504","[PREMIUM]",3.5,85,"YTU0ZDZQBK","[PREMIUM]","[PREMIUM]","[PREMIUM]","[PREMIUM]","[PREMIUM]","TOPRATED","GOOD","AVERAGE","AVERAGE",510,"[PREMIUM]","[PREMIUM]",29,"['Navigation System','DVD','Keyless Entry','Fog Lights','Leather Seats','Ambient Lighting','Dual Exhaust','Paddle Shifter','Satellite Radio','Power Top']",10,"['12V Power Outlet','3-Point Seat Belts','8 Speakers','AM/FM','Adjustable Headrests','Adjustable Seats','Adjustable Steering Wheel','Air Conditioning','Air Filtration','Airbag Deactivation (Passenger)','Alert System Impact Sensor','Aluminum Dash Trim','Antenna','Anti-Lock Brakes','Anti-Theft System','Auto Climate Control','Auto-Dimming Mirror','Automatic Headlights','Aux Audio Adapter','Body Colored Bumpers','Body Colored Door Handles','Braking Assist','CD (Multi Disc)','Cargo Area Light','Cargo Net','Center Console','Child Seat Anchors','Chrome Front Grill','Clock','Color Coded Mirrors','Compass','Confidence Package','Cruise Control','Cup Holder','Daytime Running Lights','Digital Instrument Cluster','Door Pockets','Driver Attention Alert System','Dual-Zone Climate Control','Electronic Brake Force Distribution','Emergency Trunk Release','Engine Immobilizer','Floor Mats','Front Airbags (Driver)','Front Airbags (Passenger)','Front Bucket Seats','Front Crumple Zones','Front Headrests','Front Knee Airbags (Driver)','Front Side Airbags','Front Stabilizer Bar','Front Ventilated Disc Brakes','Fuel Data Display','HD Radio','Handsfree/Bluetooth Integration','Independent Suspension','Integrated Garage Door Opener','LED Tail Lights','Leather Shift Knob Trim','Leather Steering Wheel','Low Fuel Level Indicator','MP3','MacPherson Front Suspension','Memorized Settings','Mercedes-Benz mbrace','Multi-Link Suspension','One-Touch Power Windows','Panic Button','Passenger Sensing Airbag','Post-Collision Safety System','Power Locks','Power Mirrors','Power Seat (Dual)','Power Steering','Radio Data System','Rain-Sensing Wipers','Reading Lights','Real-Time Traffic','Rear Air Ducts','Rear Bench Seat','Rear Center Armrest','Rear Headrests','Rear Spoiler','Rear Stabilizer Bar','Rear Window Defroster','Remote Trunk Release','Rollover Protection Bars','Seat Belt Pretensioners','Seat Belt Warning System','Side Curtain Airbags','Speed Sensitive Volume Control','Split/Folding Seats','Stability Control','Start-Stop System','Steering Wheel Controls','Tachometer','Telematics System','Thermometer','Tire Pressure Monitoring System','Traction Control','Trip Odometer','Turn Signal Mirrors','Vanity Mirror/Light','Ventilated Disc Brakes','Window Lockout Button','Windshield Wiper Heater','Wood Door Trim','iPod Adapter']",108,,"[PREMIUM]","[PREMIUM]",124.75,
"WAUVFAFH4DN001830KH6TJO48G120260902","2026-09-04 18:19:20.611","2026-09-04 18:19:20.611","[PREMIUM]","[PREMIUM]","267273A",2013,"Audi","A5","Prestige",,"Convertible","Blue","Brown","4 Cyl","2.0 L","AWD","Automatic","Gasoline",93534,"[PREMIUM]","[PREMIUM]",11500,,"Used",,,20,29,23,true,true,true,,"['{""ownerNumber"":1,""purchaseDate"":""06/25/12"",""endOwnershipDate"":""11/10/17"",""city"":""Bedford"",""state"":""OH""}','{""ownerNumber"":2,""purchaseDate"":""01/25/18"",""endOwnershipDate"":""07/05/21"",""city"":""Aurora"",""state"":""OH""}','{""ownerNumber"":3,""purchaseDate"":""07/28/21"",""endOwnershipDate"":""Present"",""city"":""Solon"",""state"":""OH""}']",29,20,0,"2026-09-02","BASIC","NEW",true,"[PREMIUM]","Bedford","OH","44146","[PREMIUM]",4.7,242,"KH6TJO48G1","[PREMIUM]","[PREMIUM]","[PREMIUM]","[PREMIUM]","[PREMIUM]","TOPRATED",,,,,"[PREMIUM]","[PREMIUM]",20,"['Keyless Entry','Fog Lights','Leather Seats','Heated Seats','18 Inch Wheels','Wind Deflector','Alloy Wheels','Heated Mirrors','Satellite Radio','Keyless Ignition']",10,"['10 Speakers','2nd Row Split/Folding Seats','4-Wheel Disc Brakes','4-Wheel Independent Suspension','AM/FM','Adjustable Steering Wheel','Air Conditioning','Airbags','Anti-Lock Brakes','Anti-Theft System','Auto Climate Control','Body Colored Bumpers','Braking Assist','CD (Single Disc)','Cruise Control','Delay-Off Headlights','Door Bin','Dual-Zone Climate Control','Front Airbags (Driver)','Front Airbags (Passenger)','Front Anti-Roll Bar','Front Bucket Seats','Front Center Armrest','Front Knee Airbags (Driver)','Front Side Airbags (Driver)','Front Side Airbags (Passenger)','Handsfree/Bluetooth Integration','Head Restraint Whiplash Protection','Illuminated Entry','Leather Shift Knob Trim','Leather Steering Wheel','Leather Trimmed Interior','Panic Button','Passenger Sensing Airbag','Power Adjustable Headrest','Power Mirrors','Power Seat (Dual)','Power Steering','Power Top','Power Windows','Radio Data System','Rain-Sensing Wipers','Reading Lights','Rear Air Conditioning','Rear Anti-Roll Bar','Rear Window Defroster','Rear-View Camera','Remote Keyless Entry','Rollover Protection Bars','Speed-Sensing Steering','Stability Control','Steering Wheel Controls','Tachometer','Thermometer','Tire Pressure Monitoring System','Traction Control','Trip Computer','Turn Signal Mirrors','Vanity Mirror/Light']",59,"This 2013 Audi A5 2.0T Prestige quattro is a stunning blue convertible that combines elegant European design with spirited performance. With over 93,000 miles, this local trade-in is ready for its next chapter and offers remarkable value in the luxury sports car segment.<br /><br />- AWD/All Wheel Drive<br />- Backup Camera<br />- Bluetooth Hands-Free<br />- Heated Seats<br />- Keyless Access with Push Button Start<br />- Leather Seats<br />- Front Dual Zone A/C<br />- Heated Door Mirrors<br />- Power Convertible Roof<br />- Alloy Wheels<br /><br />The Prestige trim elevates this A5 with premium touches throughout. Dual zone climate control keeps front and rear passengers comfortable, while heated leather seating adds warmth and sophistication. The power convertible roof with wind blocker lets you enjoy open-air motoring whenever the mood strikes. Advanced safety features include electronic stability control, traction control, and a comprehensive airbag system, while the backup camera enhances parking confidence.<br /><br />The 2.0L four-cylinder turbocharged engine delivers responsive performance, achieving 20 city and 30 highway MPG. The eight-speed automatic transmission with Tiptronic control and quattro all-wheel drive provide confident handling in all conditions. Inside, you'll find SiriusXM satellite radio, steering wheel-mounted audio controls, and leather accents throughout.<br /><br />Come experience this beautiful A5 in person. Visit Jay Auto Group on the Bedford Automile — minutes from I-480, I-271, or I-77 — or explore many more photos at www.jayauto.com. We're open late Monday and Thursday and offer nationwide shipping and courtesy airport pickup for out-of-state buyers.<br /><br />All Payments are based on Tier 1+ plus credit with Tax and Title down. 2019-2025 are 72/75 months, 2016-2018 are 60 months. All payments are with Tax and title down. Payments can vary with money down and trade-ins. On approved credit and while available","[PREMIUM]","[PREMIUM]",29.5,
"2G1FB3D37D92419256GL3ADBWID20260902","2026-09-04 18:19:20.599","2026-09-04 18:19:20.599","[PREMIUM]","[PREMIUM]","T12226B",2013,"Chevrolet","Camaro","LT","1LT","Convertible","Red","Tan","6 Cyl","3.6 L","RWD","Automatic","Flexible-Fuel",71671,"[PREMIUM]","[PREMIUM]",15950,"GREAT","Used",,,,,,,true,,,"['{""ownerNumber"":1,""purchaseDate"":""06/26/13"",""endOwnershipDate"":""11/25/15"",""city"":""Greer"",""state"":""SC""}','{""ownerNumber"":2,""purchaseDate"":""12/09/15"",""endOwnershipDate"":""07/18/18"",""city"":""Lenoir"",""state"":""NC""}','{""ownerNumber"":3,""purchaseDate"":""07/18/18"",""endOwnershipDate"":""10/20/18"",""city"":""Lenoir"",""state"":""NC""}','{""ownerNumber"":4,""purchaseDate"":""10/30/18"",""endOwnershipDate"":""08/02/19"",""city"":""Lenoir"",""state"":""NC""}','{""ownerNumber"":5,""purchaseDate"":""10/14/19"",""endOwnershipDate"":""04/21/23"",""city"":""Belmont"",""state"":""NC""}','{""ownerNumber"":6,""purchaseDate"":""05/02/23"",""endOwnershipDate"":""08/31/26"",""city"":""Mount Holly"",""state"":""NC""}']",16,,0,"2026-09-02","ENHANCED","NEW",true,"[PREMIUM]","Lowell","NC","28098","[PREMIUM]",4.6,877,"6GL3ADBWID","[PREMIUM]","[PREMIUM]","[PREMIUM]","[PREMIUM]","[PREMIUM]","TOPRATED","GOOD","AVERAGE","AVERAGE",360,"[PREMIUM]","[PREMIUM]",,"['Preferred Equipment Package','Remote Start','Navigation System','Keyless Entry','Fog Lights','Spoiler','Cargo Cover','Dual Exhaust','18 Inch Wheels','Alloy Wheels']",10,"['4-Wheel Disc Brakes','4-Wheel Independent Suspension','7 Speakers','AM/FM','Adjustable Steering Wheel','Air Conditioning','Anti-Lock Brakes','Anti-Theft System','Automatic Headlights','Body Colored Bumpers','Braking Assist','Child Seat Anchors','Cloth Seats','Cloth Upholstery','Compass','Cruise Control','Cup Holder','Delay-Off Headlights','Door Bin','Emergency Communication System','Floor Mats','Front Airbags (Driver)','Front Airbags (Passenger)','Front Anti-Roll Bar','Front Bucket Seats','Front Center Armrest','Front Side Airbags (Driver)','Front Side Airbags (Passenger)','Illuminated Entry','Intermittent Wipers','Leather Shift Knob Trim','Leather Steering Wheel','Maintenance Free Battery','OnStar Communication System','Panic Button','Parking Assist System','Passenger Sensing Airbag','Power Locks','Power Mirrors','Power Seat (Dual)','Power Steering','Power Top','Power Windows','Premium Sound System','Radio Data System','Reading Lights','Rear Anti-Roll Bar','Rear Window Defroster','Rear-View Camera','Remote Keyless Entry','Satellite Radio','Speed-Sensing Steering','Sport Seats','Stability Control','Steering Wheel Controls','Tachometer','Thermometer','Tire Pressure Monitoring System','Touch-Screen Sound System','Traction Control','Trip Computer','USB Adapter','USB Audio Interface','Vanity Mirror/Light']",64,"2013 Chevrolet Camaro 1LT RWD 6-Speed Automatic with TapShift 3.6L V6 DGI DOHC VVT Victory Red<br /><br /><br />THIS VEHICLE INCLUDES THE FOLLOWING FEATURES AND OPTIONS: Preferred Equipment Group 1LT (2 Front Cup Holders, 3-Spoke Leather-Wrapped Steering Wheel, 4-Wheel Antilock 4-Wheel Disc Brakes, 7-Speaker Audio System Feature, Analog Instrumentation, Carpeted Front Floor Mats, Electric Rear-Window Defogger, Electronic Cruise Control, LATCH System, Leather-Wrapped Shift Knob, Maintenance-Free Battery, Manual Rake &amp; Telescopic Steering Column, OnStar 6 Months Directions &amp; Connections Plan, Power Programmable Door Locks, Remote Keyless Entry, SIRIUSXM Satellite Radio, StabiliTrak, Stainless-Steel Dual-Outlet Exhaust, Steering Wheel Mounted Audio Controls, Ultrasonic Rear Park Assist, and USB Port Audio System Feature), White Rally Stripe Package, 18"" Painted Aluminum Wheels, 4-Wheel Disc Brakes, 7 Speakers, ABS brakes, Air Conditioning, Alloy wheels, AM/FM radio: SiriusXM, AM/FM Stereo w/Navigation, Brake assist, Bumpers: body-color, Compass, Convertible roof lining, Delay-off headlights, Driver door bin, Driver vanity mirror, Dual front impact airbags, Dual front side impact airbags, Electronic Stability Control, Emergency communication system: OnStar Directions &amp; Connections, Exterior Parking Camera Rear, Four wheel independent suspension, Front anti-roll bar, Front Bucket Seats, Front Center Armrest, Front fog lights, Front reading lights, Front Sport Bucket Seats, Fully automatic headlights, Glass rear window, Illuminated entry, Leather Shift Knob, Low tire pressure warning, Occupant sensing airbag, Outside temperature display, Panic alarm, Passenger door bin, Passenger vanity mirror, Power convertible roof, Power door mirrors, Power driver seat, Power passenger seat, Power steering, Power windows, Premium Carpeted Floor Mats, Quarter Flares, Radio data system, Radio: AM/FM Stereo w/Color Touch, Rear anti-roll bar, Rear window defroster, Remote keyless entry, Remote Vehicle Starter System, Security system, Speed control, Speed-sensing steering, Spoiler, Sport Cloth Seat Trim, Steering wheel mounted audio controls, Tachometer, Telescoping steering wheel, Tilt steering wheel, Tonneau Cover, Traction control, Trip computer, Variably intermittent wipers, and Windscreen.<br /><br /><br /> Shop 24/7 @ GastoniaChevroletBuickGMC.com.<br />Awards:<br /> * JD Power Dependability Study, JD Power Initial Quality Study<br />Reviews:<br /> * Strong acceleration with any engine, head-turning looks, good V6 fuel economy, capable handling. Source: Edmunds<br /> * Sports car buffs looking to get a great deal of horsepower for the money will find the 2013 Chevy Camaro an enticing proposition. And for those looking to turn some heads, the Camaro has plenty of show to match its go. Source: KBB.com","[PREMIUM]","[PREMIUM]",139.75,
"WAULFAFH5DN016392WDK3JHB00120260830","2026-09-04 16:19:19.010","2026-09-04 16:19:19.010","[PREMIUM]","[PREMIUM]","18678N",2013,"Audi","A5","Premium Plus",,"Convertible","Silver","Gray","4 Cyl","2.0 L","AWD","Automatic","Gasoline",92082,"[PREMIUM]","[PREMIUM]",12170,"GREAT","Used",,,20,29,23,true,true,true,,"['{""ownerNumber"":1,""purchaseDate"":""06/23/13"",""endOwnershipDate"":""06/22/16"",""city"":""Alamo"",""state"":""CA""}','{""ownerNumber"":2,""purchaseDate"":""07/12/16"",""endOwnershipDate"":""08/30/26"",""city"":""Hughson"",""state"":""CA""}']",19,1,0,"2026-08-30","ENHANCED","NEW",true,"[PREMIUM]","Modesto","CA","95356","[PREMIUM]",3.6,7,"WDK3JHB001","[PREMIUM]","[PREMIUM]","[PREMIUM]","[PREMIUM]","[PREMIUM]","ADVANTAGE",,,,,"[PREMIUM]","[PREMIUM]",1,"['Convenience Package','Premium Plus Package','Comfort Package','Lighting Package','Navigation System','DVD','Keyless Entry','Fog Lights','Leather Seats','Heated Seats']",10,"['10 Speakers','18 Inch Wheels','19 Inch Wheels','2nd Row Split/Folding Seats','4-Wheel Disc Brakes','4-Wheel Independent Suspension','AM/FM','Adjustable Steering Wheel','Advanced Front-Lighting System','Air Conditioning','Alloy Wheels','Anti-Lock Brakes','Anti-Theft System','Auto Climate Control','Auto-Dimming Mirror','Beverage Holder','Body Colored Bumpers','Braking Assist','CD (Single Disc)','Compass','Cruise Control','Delay-Off Headlights','Door Bin','Dual-Zone Climate Control','Front Airbags (Driver)','Front Airbags (Passenger)','Front Anti-Roll Bar','Front Bucket Seats','Front Center Armrest','Front Knee Airbags (Driver)','Front Side Airbags (Driver)','Front Side Airbags (Passenger)','HD Radio','Handsfree/Bluetooth Integration','Hard Disk Drive','Head Restraint Whiplash Protection','Heated Mirrors','High Intensity Discharge Headlights','Illuminated Entry','Integrated Garage Door Opener','Keyless Ignition','Leather Shift Knob Trim','Leather Steering Wheel','Leather Trimmed Interior','MMI Navigation Plus Package','Memorized Settings','Panic Button','Parking Sensors','Passenger Sensing Airbag','Passive Keyless Entry','Perforated Seats','Power Adjustable Headrest','Power Mirrors','Power Seat (Dual)','Power Steering','Power Top','Power Windows','Radio Data System','Rain-Sensing Wipers','Reading Lights','Rear Air Conditioning','Rear Anti-Roll Bar','Rear Window Defroster','Rear-View Camera','Remote Keyless Entry','Rollover Protection Bars','Satellite Radio','Speed-Sensing Steering','Sport Seats','Stability Control','Steering Wheel Controls','Tachometer','Thermometer','Tire Pressure Monitoring System','Traction Control','Trip Computer','Turn Signal Mirrors','Vanity Mirror/Light','Ventilated Seats','Wind Deflector']",80,"quattro Clean CARFAX. 20/30 City/Highway MPG<br /><br /><br />Prices Expire Day of Advertisement. Don't miss your chance to get a great deal on new &amp; pre-owned vehicles at Valley BMW. Contact us today!","[PREMIUM]","[PREMIUM]",160.5,
"WBADX7C59DE745915UATCVYK4YA20260902","2026-09-04 16:19:18.956","2026-09-04 16:19:18.956","[PREMIUM]","[PREMIUM]","3685",2013,"BMW","3 Series","335i",,"Convertible","Gray","Black","6 Cyl","3.0 L","RWD","Automatic","Gasoline",98042,"[PREMIUM]","[PREMIUM]",11550,"GOOD","Used",,,18,27,21,true,true,true,,"['{""ownerNumber"":1,""purchaseDate"":""09/01/12"",""endOwnershipDate"":""08/24/15"",""city"":""Ventura"",""state"":""CA""}','{""ownerNumber"":2,""purchaseDate"":""03/29/16"",""endOwnershipDate"":""05/06/22"",""city"":""Ventura"",""state"":""CA""}','{""ownerNumber"":3,""purchaseDate"":""06/29/22"",""endOwnershipDate"":""08/06/26"",""city"":""Los Angeles"",""state"":""CA""}']",21,4,0,"2026-09-02","ENHANCED","USED",true,"[PREMIUM]","Orlando","FL","32839","[PREMIUM]",4.1,13,"UATCVYK4YA","[PREMIUM]","[PREMIUM]","[PREMIUM]","[PREMIUM]","[PREMIUM]","ADVANTAGE",,,,,"[PREMIUM]","[PREMIUM]",4,"['Keyless Entry','Fog Lights','Heated Mirrors','Seat Memory','Side Airbags','Premium Sound System','Rear Air Conditioning']",7,"['AM/FM','Adaptive Headlights','Adjustable Steering Wheel','Air Conditioning','Anti-Lock Brakes','Anti-Theft System','CD (Single Disc)','Center Console','Daytime Running Lights','Front Airbags (Driver)','High Intensity Discharge Headlights','Intermittent Wipers','Leather Steering Wheel','Leather Trimmed Interior','Power Mirrors','Power Seat (Dual)','Power Steering','Power Windows','Rear Window Defroster','Stability Control','Steering Wheel Controls','Tire Pressure Monitoring System','Traction Control','Vanity Mirror/Light','Wood Trimmed Interior']",25,"This 2013 BMW 3 Series 2dr 335i features a 3.0L STRAIGHT 6 CYLINDER 6cyl Gasoline engine. It is equipped with a 6 Speed Automatic transmission. The vehicle is Mineral Grey Metallic with a Black Leather interior. It is offered As-Is, extended warranty is available. - Air Conditioning, Climate Control, Power Steering, Power Windows, Power Mirrors, Leather Steering Wheel, Power Drivers Seat, Power Passenger Seat, Memory Seat Position, Rear Air Conditioning, Wood Trim, Telescoping Steering Wheel, Steering Wheel Radio Controls, Driver Airbag, Side Airbags, Keyless Entry, Security System, ABS Brakes, Traction Control, Dynamic Stability, Rear Defogger, Fog Lights, Intermittent Wipers, AM/FM, CD Player, Premium Sound System, Leather Interior Surface, Adaptive headlights, Center Console, Chrome Exhaust Tips, Daytime Running Lights, Heated Mirrors, HID Headlamps, Roll Stability Control, Tire Pressure Monitor, Vanity Mirrors, Xenon - Contact Sales Department at 407-985-5145 or leads@autovendusa.com for more information. -","[PREMIUM]","[PREMIUM]",144.25,
"3VW5X7AT3DM80360121DCVXJRN120260903","2026-09-04 16:19:18.936","2026-09-04 16:19:18.936","[PREMIUM]","[PREMIUM]","DM803601",2013,"Volkswagen","Beetle","Unspecified","w/Technology","Convertible","White","Black","5 Cyl","2.5 L","FWD","Automatic","Gasoline",93148,"[PREMIUM]","[PREMIUM]",,"FAIR","Used",,,21,27,23,true,true,true,,"['{""ownerNumber"":1,""purchaseDate"":""08/23/13"",""endOwnershipDate"":""09/16/16"",""city"":""Flower Mound"",""state"":""TX""}','{""ownerNumber"":2,""purchaseDate"":""09/16/16"",""endOwnershipDate"":""10/26/17"",""city"":""Las Cruces"",""state"":""NM""}','{""ownerNumber"":3,""purchaseDate"":""01/30/18"",""endOwnershipDate"":""05/30/20"",""city"":""Corpus Christi"",""state"":""TX""}','{""ownerNumber"":4,""purchaseDate"":""07/10/20"",""endOwnershipDate"":""Present"",""city"":""Corpus Christi"",""state"":""TX""}']",28,22,0,"2026-09-03","ENHANCED","NEW",true,"[PREMIUM]","Corpus Christi","TX","78412","[PREMIUM]",,,"21DCVXJRN1","[PREMIUM]","[PREMIUM]","[PREMIUM]","[PREMIUM]","[PREMIUM]","ADVANTAGE","GOOD","AVERAGE","AVERAGE",400,"[PREMIUM]","[PREMIUM]",22,"['Technology Package','Turbocharger','Keyless Ignition','Vinyl Seats']",4,"['High Intensity Discharge Headlights','Leatherette Seats','Rear Spoiler','Soft Top']",4,"<ul><li>Keyless Start</li><li>Rear Spoiler</li><li>Convertible Soft Top</li><li>Candy White</li><li>Titan Black, V-Tex Leatherette Seating Surfaces</li></ul><br /><br />This vehicle includes a Money-Back Guarantee* and passed our precise inspection process. Best of all the price you see is the price you pay. No haggling. No back and forth. No pressure. And this price is so good it is guaranteed. *Money-Back Guarantee is valid for 5 days or 250 miles, whichever comes first. Subject to certain terms and conditions. See store for details. Some restrictions apply. <br /><br />AutoNation Ford Mazda Corpus Christi is pleased to be currently offering this 2013 Volkswagen Beetle Convertible 2.5L w/Tech with 93,148mi. This Volkswagen includes: TITAN BLACK, V-TEX LEATHERETTE SEATING SURFACES Premium Synthetic Seats CANDY WHITE *Note - For third party subscriptions or services, please contact the dealer for more information.* Those shopping for a sporty convertible would be wise to check out this Volkswagen Beetle Convertible 2.5L w/Tech. With the versatility to easily switch between open-air and closed-cabin driving, it's hard to ignore the everyday practicality of this Beetle Convertible. The incredibly low mileage and painstaking upkeep on this Volkswagen Beetle Convertible makes it a once-in-a-lifetime deal that won't last long! Call us today to reserve your test drive! More information about the 2013 Volkswagen Beetle Convertible: With a new, more aggressive design, more spacious interior, plus a trio of tried and true engine options, the 2013 Volkswagen offers a fresh alternative for buyers shopping around for a cool compact. With regards to features, performance and price, the Beetle holds its own against the likes of the MINI Cooper and FIAT 500, with a lower price than the MINI and more practical interior than the FIAT. This model sets itself apart with convertible available, plenty of in-cabin entertainment options, Aggressive styling, more practical and spacious interior, and sporty turbo performance<br /><br />","[PREMIUM]","[PREMIUM]",140,
"WBADW7C5XDE732545GYXI2YAU4D20260901","2026-09-04 16:19:18.934","2026-09-04 16:19:18.934","[PREMIUM]","[PREMIUM]","BPOL16902A",2013,"BMW","3 Series","328i",,"Convertible","Black","Black","6 Cyl","3.0 L","RWD","Automatic","Gasoline",54115,"[PREMIUM]","[PREMIUM]",14080,"GOOD","Used",,,18,26,21,,true,true,,"['{""ownerNumber"":1,""purchaseDate"":""05/24/13"",""endOwnershipDate"":""06/25/16"",""city"":""North Wales"",""state"":""PA""}','{""ownerNumber"":2,""purchaseDate"":""09/09/16"",""endOwnershipDate"":""05/23/18"",""city"":""Harleysville"",""state"":""PA""}','{""ownerNumber"":3,""purchaseDate"":""05/12/26"",""endOwnershipDate"":""09/01/26"",""city"":""Mountain Top"",""state"":""PA""}']",7,,0,"2026-09-01","ENHANCED","NEW",true,"[PREMIUM]","Wilkes Barre","PA","18702","[PREMIUM]",4.7,813,"GYXI2YAU4D","[PREMIUM]","[PREMIUM]","[PREMIUM]","[PREMIUM]","[PREMIUM]","TOPRATED",,,,,"[PREMIUM]","[PREMIUM]",,"['Premium Package','Cold Weather Package','Navigation System','Keyless Entry','Fog Lights','Leather Seats','Heated Seats','Heated Steering Wheel','Alloy Wheels','17 Inch Wheels']",10,"['4-Wheel Disc Brakes','4-Wheel Independent Suspension','8 Speakers','AM/FM','Adjustable Lumbar Support','Adjustable Steering Wheel','Air Conditioning','Anti-Lock Brakes','Anti-Theft System','Auto Climate Control','Auto-Dimming Mirror','Automatic Headlights','BMW Assist','Body Colored Bumpers','Braking Assist','CD (Single Disc)','Compass','Cruise Control','Delay-Off Headlights','Door Bin','Dual-Zone Climate Control','Front Airbags (Driver)','Front Airbags (Passenger)','Front Anti-Roll Bar','Front Bucket Seats','Front Center Armrest','Front Knee Airbags (Driver)','Front Side Airbags (Driver)','Front Side Airbags (Passenger)','HD Radio','Handsfree/Bluetooth Integration','Hard Top','Head Restraint Whiplash Protection','Headlight Washers','Heated Mirrors','High Intensity Discharge Headlights','Illuminated Entry','Integrated Garage Door Opener','Keyless Ignition','Leather Shift Knob Trim','Leather Trimmed Interior','Leatherette Seats','MP3','Panic Button','Passenger Sensing Airbag','Passive Keyless Entry','Power Mirrors','Power Seat (Dual)','Power Steering','Power Top','Power Windows','Premium Sound System','Radio Data System','Rain-Sensing Wipers','Reading Lights','Real-Time Traffic','Rear Air Conditioning','Rear Anti-Roll Bar','Rear Center Armrest','Rear Window Defroster','Remote Keyless Entry','Rollover Protection Bars','Satellite Radio','Seat Memory','Speed-Sensing Steering','Sport Steering Wheel','Stability Control','Steering Wheel Controls','Super Ultra Low Emissions Vehicle','Tachometer','Thermometer','Tire Pressure Monitoring System','Traction Control','Trip Computer','USB Adapter','Vanity Mirror/Light','Voice-Activated Command System','Wood Dash Trim','Wood Door Trim','iPod Adapter']",80,"This 2013 BMW 3 Series 328i delivers refined performance and luxury in a sleek black exterior. With just over 54,000 miles, this convertible combines the spirited 3.0L six-cylinder engine with responsive handling and elegant design. You'll enjoy strong fuel economy at 18 city and 27 highway MPG, making this a practical choice for both daily driving and weekend enjoyment.<br /><br />- Heated steering wheel for comfort in cold weather<br />- Comfort Access keyless entry system<br />- Advanced navigation system with real-time traffic information<br />- Premium satellite radio with SIRIUS capability<br />- Luxurious Coral Red and Black Dakota leather interior<br />- Premium and Cold Weather packages included<br />- Convertible hardtop roof with automatic operation<br />- Bi-xenon HID headlights with automatic operation<br />- Dual-zone automatic climate control with rear air conditioning<br />- Hands-free Bluetooth connectivity and voice command<br /><br />This BMW has been well-maintained and presents as a sophisticated convertible ready for the road. The combination of premium appointments—leather upholstery, memory seats, power adjustments, and modern technology—ensures every drive feels special. The Cold Weather and Premium packages add substantial value with features designed for year-round comfort and convenience.<br /><br />Make your way to our showroom to experience this stylish 328i convertible firsthand. Its blend of performance, luxury, and open-air driving pleasure makes it an exceptional choice in the pre-owned market.","[PREMIUM]","[PREMIUM]",152.25,
"3C3CFFER0DT6784441R44X96A5120260902","2026-09-04 16:19:18.930","2026-09-04 16:19:18.930","[PREMIUM]","[PREMIUM]","T678444TT",2013,"Fiat","500","Lounge",,"Convertible","White","White","4 Cyl","1.4 L","FWD","Automatic","Gasoline",30727,"[PREMIUM]","[PREMIUM]",10070,"GREAT","Used",,,,,,,true,true,,"['{""ownerNumber"":1,""purchaseDate"":""06/03/13"",""endOwnershipDate"":""01/16/18"",""city"":""Seattle"",""state"":""WA""}','{""ownerNumber"":2,""purchaseDate"":""02/28/18"",""endOwnershipDate"":""Present"",""city"":""Seattle"",""state"":""WA""}']",10,,0,"2026-09-02","ENHANCED","NEW",true,"[PREMIUM]","Seattle","WA","98134","[PREMIUM]",4.6,649,"1R44X96A51","[PREMIUM]","[PREMIUM]","[PREMIUM]","[PREMIUM]","[PREMIUM]","TOPRATED",,,,,"[PREMIUM]","[PREMIUM]",,"['Luxury Package','Leather Package','Navigation System','Keyless Entry','Leather Seats','Heated Seats','Bucket Seats','Alloy Wheels','Satellite Radio','15 Inch Wheels']",10,"['Auto-Dimming Mirror','Fiat Blue%26Me','Leather Shift Knob Trim','Leather Trimmed Seats','Luxury Leather Package','MP3','Premium Sound System','Rear Parking Sensors','Stability Control','Steering Wheel Controls','Telematics System','iPod Adapter']",12,"LOW MILES - 30,727! Lounge trim. FUEL EFFICIENT 34 MPG Hwy/27 MPG City! Heated Leather Seats, Navigation, iPod/MP3 Input, Satellite Radio, Premium Sound System, Alloy Wheels, 15 X 6 ALUMINUM WHEELS, TOMTOM NAVIGATION W/BLUE&amp;ME. <br /><br />KEY FEATURES INCLUDE<br />Premium Sound System, Satellite Radio, iPod/MP3 Input. MP3 Player, Keyless Entry, Steering Wheel Controls, Rear Parking Aid, Electronic Stability Control. <br /><br />OPTION PACKAGES<br />LUXURY LEATHER PKG leather-trimmed bucket seats, heated front seats, auto-dimming rearview mirror, 6-SPEED AISIN AUTOMATIC TRANSMISSION leather-wrapped shift knob, TOMTOM NAVIGATION W/BLUE&amp;ME, 15 X 6 ALUMINUM WHEELS, 1.4L 16-VALVE I4 MULTI-AIR ENGINE (STD). FIAT Lounge with Bianco Perla (Pearl White Tri-Coat) exterior and Ivory Interior interior features a 4 Cylinder Engine with 101 HP at 6500 RPM*. <br /><br />EXPERTS CONCLUDE<br />Cuteness runs deep in the 500. Interior and exterior styling are reminiscent of the original 500s, yet fully modern. -CarAndDriver.com. Great Gas Mileage: 34 MPG Hwy. <br /><br />BUY FROM AN AWARD WINNING DEALER<br />We have a strong and committed sales staff with many years of experience satisfying our customers needs. Feel free to browse our inventory online at www.bmwseattle.com or come visit our NEWLY remodeled 300,000 Square foot facility! <br /><br />Plus sales tax, title and license. Prices include $200 dealer doc fee. Price contains all applicable dealer incentives and non-limited factory rebates. You may qualify for additional rebates, see dealer for details.<br />","[PREMIUM]","[PREMIUM]",160.25,
"WVWFW8AH8DV005760UD40S6QWCM20260901","2026-09-04 16:19:18.928","2026-09-04 16:19:18.928","[PREMIUM]","[PREMIUM]","CD05760T",2013,"Volkswagen","Eos","Luxury",,"Convertible","Brown","Tan","4 Cyl","2.0 L","FWD","Automatic","Gasoline",93725,"[PREMIUM]","[PREMIUM]",9870,"GOOD","Used",,,22,30,25,,true,true,,"['{""ownerNumber"":1,""purchaseDate"":""06/08/13"",""endOwnershipDate"":""10/23/24"",""city"":""Gallatin"",""state"":""TN""}','{""ownerNumber"":2,""purchaseDate"":""11/15/24"",""endOwnershipDate"":""09/01/26"",""state"":""TN""}']",17,1,0,"2026-09-01","ENHANCED","NEW",true,"[PREMIUM]","Columbia","MS","39429","[PREMIUM]",4.1,24,"UD40S6QWCM","[PREMIUM]","[PREMIUM]","[PREMIUM]","[PREMIUM]","[PREMIUM]","TOPRATED",,,,,"[PREMIUM]","[PREMIUM]",1,"['Navigation System','Keyless Entry','Fog Lights','Leather Seats','Heated Seats','Tinted Windows','Ambient Lighting','Dual Exhaust','18 Inch Wheels','Wind Deflector']",10,"['12V Power Outlet','3-Point Seat Belts','4-Passenger Seating','4-Wheel Disc Brakes','AM/FM','Adaptive Headlights','Adjustable Headrests','Adjustable Lumbar Support','Adjustable Seats','Advanced Front-Lighting System','Air Conditioning','Air Filtration','All-Season Tires','Alloy Wheels','Antenna','Anti-Lock Brakes','Anti-Theft System','Armrests','Auto Climate Control','Auto-Dimming Mirror','Automatic Headlights','Black Grille','Body Colored Bumpers','Body Colored Door Handles','Body Colored Side Moldings','Braking Assist','Child Seat Anchors','Chrome Front Grill','Clock','Color Coded Mirrors','Compact Spare Tire','Compass','Cruise Control','Cup Holder','Daytime Running Lights','Digital Instrument Cluster','Door Pockets','Dual-Zone Climate Control','Electric Parking Brake','Electronic Brake Force Distribution','Emergency Trunk Release','Engine Immobilizer','Front Airbags (Driver)','Front Airbags (Passenger)','Front Bucket Seats','Front Headrests','Front One-Touch Power Windows','Front Side Airbags','Front Ventilated Disc Brakes','Front and Rear Stabilizer Bar','Handsfree/Bluetooth Integration','Hard Top','Headlight Washers','Heated Mirrors','High Intensity Discharge Headlights','High-Beam Assist','Hill Assist System','Hydraulic Brakes','Illuminated Glove Box','Independent Suspension','Intelligent Crash Response System','Keyless Ignition','LED Lights','LED Tail Lights','Leather Shift Knob Trim','Leather Steering Wheel','Leatherette Door Trim','Locking Glove Box','MacPherson Front Suspension','Multi-Link Suspension','Panorama Sunroof','Parking Sensors','Passenger Sensing Airbag','Power Folding Mirrors','Power Mirrors','Power Seat (Dual)','Power Steering','Power Windows','Rain-Sensing Wipers','Reading Lights','Rear Air Ducts','Rear Bench Seat','Rear Parking Sensors','Rear Window Defroster','Rear-View Camera','Remote Fuel Door Release','Remote Trunk Release','Rollover Protection Bars','Satellite Radio','Seat Belt Pretensioners','Side Airbags','Side Curtain Airbags','Side Impact Door Beam','Side and Top View Camera','Sport Suspension','Steering Wheel Controls','Tachometer','Telematics System','Thermometer','Tire Pressure Monitoring System','Touch-Screen Display','Trip Computer','Trip Odometer','Turn Signal Mirrors','Vanity Mirror/Light','Wheel Locks','Windshield Wiper Heater']",107,"## ?? [2013 Volkswagen Eos Lux](https://www.google.com/search?q=2013+Volkswagen+Eos+Lux&amp;kgmid=/hkb/Cg4KCGxhbmd1YWdlEgJlbgoMCgR0eXBlEgRBVVRPCiYKC2VudGl0eV9uYW1lEhcyMDEzIHZvbGtzd2FnZW4gZW9zIGx1eA==) - The Ultimate All-Season Hardtop Convertible! ?? Are you looking for the perfect blend of sporty performance, German-engineered luxury, and open-air freedom? This [2013 Volkswagen Eos Lux](https://www.google.com/search?q=2013+Volkswagen+Eos+Lux&amp;kgmid=/hkb/Cg4KCGxhbmd1YWdlEgJlbgoMCgR0eXBlEgRBVVRPCiYKC2VudGl0eV9uYW1lEhcyMDEzIHZvbGtzd2FnZW4gZW9zIGx1eA==) offers the best of both worlds: a quiet, secure coupe by winter and a gorgeous, head-turning convertible by summer. [1, 2, 3, 4] Unlike traditional convertibles, the Eos features a revolutionary 3-way CSC (Coupe-Sunroof-Convertible) folding hardtop. You don't have to drop the whole top to enjoy the sun-you can simply slide back the built-in panoramic glass sunroof! [2, 5] ## ? Premium Lux Trim Features As the highly desirable Lux tier, this vehicle comes loaded with upscale features that put standard models to shame: [1] * * Genuine Leather Seating: Sink into beautiful, premium leather upholstery. * Dual 12-Way Power Seats: Both the driver and front passenger get fully customizable, power-adjustable heated seats. * Smart Keyless Access: Keep the key in your pocket with push-button start and keyless entry. * Touchscreen Navigation &amp; Audio: Integrated factory navigation, Bluetooth phone/audio connectivity, and SiriusXM capability. * Upgraded Styling: Aggressive 18-inch alloy wheels, Bi-Xenon adaptive headlights, and crisp LED taillights. * Dual-Zone Climate Control: Keeps both you and your passenger perfectly comfortable. [2, 3, 4, 6, 7, 8] * ## ??? Performance &amp; Efficiency Under the hood is Volkswagen's famous 2.0L Turbocharged 4-cylinder engine, producing a punchy 200 horsepower. Paired with a lightning-fast 6-speed DSG dual-clutch automatic transmission with Sport Mode, this car handles like a true European sports coupe while delivering an impressive 22 city / 30 highway MPG. [2, 3, 6, 7] ## ?? Specifications: * * Year: 2013 * Make/Model: Volkswagen Eos Lux * Engine: 2.0T I4 Turbo * Transmission: 6-speed DSG Automatic * Drivetrain: Front-Wheel Drive (FWD) * Seating: 4 passengers comfortably [2, 3, 4, 6, 9, 10] * This car is incredibly fun to drive, impeccably designed, and ready for its next owner. Act fast-hardtop convertibles this clean don't stay on the market long!","[PREMIUM]","[PREMIUM]",142.25,"Accident Reported"
"JM1NC2PF2D0232351DQPCCNZ00120260822","2026-09-04 16:19:18.923","2026-09-04 16:19:18.923","[PREMIUM]","[PREMIUM]","252093",2013,"Mazda","Miata","Grand Touring",,"Convertible","Gray","Brown","4 Cyl","2.0 L","RWD","Automatic","Gasoline",94919,"[PREMIUM]","[PREMIUM]",,"GOOD","Used",,,21,27,23,true,true,true,,"['{""ownerNumber"":1,""purchaseDate"":""04/25/14"",""endOwnershipDate"":""07/28/21"",""city"":""Fort Worth"",""state"":""TX""}','{""ownerNumber"":2,""purchaseDate"":""07/28/21"",""endOwnershipDate"":""05/14/22"",""city"":""Fort Cavazos"",""state"":""TX""}','{""ownerNumber"":3,""purchaseDate"":""05/14/22"",""endOwnershipDate"":""07/30/26"",""city"":""Manor"",""state"":""TX""}']",18,19,1,"2026-08-22","ENHANCED","USED",true,"[PREMIUM]","Arlington","TX","76015","[PREMIUM]",3.2,9,"DQPCCNZ001","[PREMIUM]","[PREMIUM]","[PREMIUM]","[PREMIUM]","[PREMIUM]","ADVANTAGE",,,,,"[PREMIUM]","[PREMIUM]",19,"['Keyless Entry','Fog Lights','Leather Seats','Heated Seats','Wind Deflector','Alloy Wheels','Hard Top','Removable Top','Power Top']",9,"['AM/FM','Adjustable Steering Wheel','Air Conditioning','Anti-Lock Brakes','Anti-Theft System','Auto-Dimming Mirror','CD (Multi Disc)','Cruise Control','Emergency Trunk Release','Front Airbags (Driver)','Front Airbags (Passenger)','Front Side Airbags (Driver)','Intermittent Wipers','Leather Steering Wheel','Power Locks','Power Mirrors','Power Windows','Rear Window Defroster','Stability Control','Steering Wheel Controls','Tachometer','Tire Pressure Monitoring System','Traction Control','Trip Computer']",24,"Visit Jaykar Group to shop our great deals. You can call 682-248-3539 to schedule your test drive today.","[PREMIUM]","[PREMIUM]",156.45,
"WVWBW8AH5DV008971W4ZD33I00120260903","2026-09-04 16:19:18.923","2026-09-04 16:19:18.923","[PREMIUM]","[PREMIUM]","M26-288",2013,"Volkswagen","Eos","Komfort",,"Convertible","Gray","Black","4 Cyl","2.0 L","FWD","Automatic","Gasoline",75208,"[PREMIUM]","[PREMIUM]",10860,"FAIR","Used",,,22,30,25,true,true,true,,"['{""ownerNumber"":1,""purchaseDate"":""07/24/13"",""endOwnershipDate"":""07/23/23"",""city"":""Mogadore"",""state"":""OH""}','{""ownerNumber"":2,""purchaseDate"":""08/02/23"",""endOwnershipDate"":""08/05/26"",""city"":""Pittsburgh"",""state"":""PA""}']",23,39,0,"2026-09-03","ENHANCED","USED",true,"[PREMIUM]","Pittsburgh","PA","15226","[PREMIUM]",,,"W4ZD33I001","[PREMIUM]","[PREMIUM]","[PREMIUM]","[PREMIUM]","[PREMIUM]","ADVANTAGE",,,,,"[PREMIUM]","[PREMIUM]",39,"['Keyless Entry','Fog Lights','Leather Seats','Heated Seats','Bucket Seats','Alloy Wheels','Heated Mirrors','Satellite Radio']",8,"['AM/FM','Adjustable Steering Wheel','Air Conditioning','Anti-Lock Brakes','Anti-Theft System','Auto Climate Control','Automatic Headlights','Aux Audio Adapter','Cruise Control','Daytime Running Lights','Handsfree/Bluetooth Integration','Intermittent Wipers','Power Locks','Power Mirrors','Power Seat (Dual)','Power Steering','Power Sun/Moonroof','Power Windows','Rear Parking Sensors','Rear Window Defroster','Remote Trunk Release','Super Ultra Low Emissions Vehicle','Tire Pressure Monitoring System','Traction Control','Trip Computer']",25,"LOOK HERE: This Clean Car/Fax 2013 Volkswagen Eos Sport Sulev is fully serviced including new PA.Stickers. It is Great on Gas and Fun to Drive. Stop in today for a test drive. Visit us at martinautosalesinc.com for more photos and online credit application. Disclaimer: Dealer is not responsible for errors or omissions. Customers is responsible to verify all equipment prior to purchase.","[PREMIUM]","[PREMIUM]",156,
"WAUCFAFH4DN012205XECUBYN00120260827","2026-09-04 16:19:18.922","2026-09-04 16:19:18.922","[PREMIUM]","[PREMIUM]","EZ35252A",2013,"Audi","A5","Premium",,"Convertible","Black","Black","4 Cyl","2.0 L","AWD","Automatic","Gasoline",58521,"[PREMIUM]","[PREMIUM]",14090,"FAIR","Used",,,20,29,23,,true,true,,"['{""ownerNumber"":1,""purchaseDate"":""04/09/13"",""endOwnershipDate"":""02/17/15"",""city"":""Lincolnshire"",""state"":""IL""}','{""ownerNumber"":2,""purchaseDate"":""06/12/15"",""endOwnershipDate"":""08/27/26"",""city"":""Highland Park"",""state"":""IL""}']",16,40,0,"2026-08-27","ENHANCED","NEW",true,"[PREMIUM]","Evanston","IL","60202","[PREMIUM]",4.5,553,"XECUBYN001","[PREMIUM]","[PREMIUM]","[PREMIUM]","[PREMIUM]","[PREMIUM]","TOPRATED",,,,,"[PREMIUM]","[PREMIUM]",40,"['Convenience Package','Lighting Package','Keyless Entry','Fog Lights','Leather Seats','Heated Seats','18 Inch Wheels','Wind Deflector','Alloy Wheels','Heated Mirrors']",10,"['10 Speakers','2nd Row Split/Folding Seats','4-Wheel Disc Brakes','4-Wheel Independent Suspension','AM/FM','Adjustable Seats','Adjustable Steering Wheel','Advanced Front-Lighting System','Air Conditioning','Anti-Lock Brakes','Anti-Theft System','Auto Climate Control','Body Colored Bumpers','Braking Assist','CD (Single Disc)','Cruise Control','Delay-Off Headlights','Door Bin','Front Airbags (Driver)','Front Airbags (Passenger)','Front Anti-Roll Bar','Front Bucket Seats','Front Center Armrest','Front Knee Airbags (Driver)','Front Side Airbags (Driver)','Front Side Airbags (Passenger)','Handsfree/Bluetooth Integration','Head Restraint Whiplash Protection','High Intensity Discharge Headlights','Illuminated Entry','Integrated Garage Door Opener','Leather Shift Knob Trim','Leather Steering Wheel','Panic Button','Passenger Sensing Airbag','Power Adjustable Headrest','Power Mirrors','Power Seat (Dual)','Power Steering','Power Top','Power Windows','Radio Data System','Rain-Sensing Wipers','Reading Lights','Rear Air Conditioning','Rear Anti-Roll Bar','Rear Window Defroster','Remote Keyless Entry','Rollover Protection Bars','Satellite Radio','Speed-Sensing Steering','Stability Control','Steering Wheel Controls','Tachometer','Thermometer','Three-Zone Climate Control','Tire Pressure Monitoring System','Traction Control','Trip Computer','Turn Signal Mirrors','Vanity Mirror/Light','Wood Trimmed Interior']",62,"This stunning 2013 Audi A5 2.0T Premium quattro combines sophisticated design with engaging performance. With just over 58,500 miles, this black convertible delivers the perfect blend of luxury and driving dynamics. Finished in striking black with a powerful 2.0L turbocharged engine and all-wheel drive capability, this A5 is ready for your next adventure.<br /><br />- Heated front seats<br />- Dark walnut wood interior trim<br />- HomeLink garage door opener<br />- Audi Xenon Plus front lighting with automatic leveling<br />- Bluetooth phone preparation<br />- Convertible power roof with wind blocker<br />- 3-zone automatic climate control<br />- Leather steering wheel and shift knob<br />- Premium 10-speaker SiriusXM audio system<br />- 18-inch alloy wheels<br /><br />This A5 delivers an impressive 20 city and 30 highway mpg, making it both efficient and fun to drive. The eight-speed automatic transmission with Tiptronic gives you responsive control whether you're cruising or pushing the limits.<br /><br />Step into refined comfort with premium leather seating surfaces, power-adjustable front seats, and dual-zone climate control. The available convenience and lighting packages enhance every journey with thoughtful features like rain-sensing wipers, speed-sensitive steering, and delay-off headlights that guide your way.<br /><br />Visit us today to experience this exceptional A5 convertible firsthand. Our team is ready to help you get behind the wheel of this luxury vehicle.","[PREMIUM]","[PREMIUM]",157.75,
"WDDKK5KFXDF219686VDWDRUOACZ20260824","2026-09-04 16:19:18.919","2026-09-04 16:19:18.919","[PREMIUM]","[PREMIUM]","219686",2013,"Mercedes-Benz","E-Class","E 350",,"Convertible","Unspecified",,"6 Cyl","3.5 L","RWD","Automatic","Gasoline",100994,"[PREMIUM]","[PREMIUM]",13400,"GREAT","Used",,,19,28,22,,true,true,,"['{""ownerNumber"":1,""purchaseDate"":""04/16/13"",""endOwnershipDate"":""11/19/13"",""city"":""Myrtle Beach"",""state"":""SC""}','{""ownerNumber"":2,""purchaseDate"":""12/30/13"",""endOwnershipDate"":""07/27/20"",""city"":""Miami Beach"",""state"":""FL""}','{""ownerNumber"":3,""purchaseDate"":""11/24/20"",""endOwnershipDate"":""02/14/22"",""city"":""Tempe"",""state"":""AZ""}','{""ownerNumber"":4,""purchaseDate"":""02/14/25"",""endOwnershipDate"":""11/17/25"",""city"":""Knoxville"",""state"":""TN""}','{""ownerNumber"":5,""purchaseDate"":""11/17/25"",""endOwnershipDate"":""08/24/26"",""city"":""Knoxville"",""state"":""TN""}']",24,34,0,"2026-08-24","ENHANCED","USED",true,"[PREMIUM]","Columbia","TN","38401","[PREMIUM]",,,"VDWDRUOACZ","[PREMIUM]","[PREMIUM]","[PREMIUM]","[PREMIUM]","[PREMIUM]","ADVANTAGE","GOOD","AVERAGE","AVERAGE",450,"[PREMIUM]","[PREMIUM]",34,"['Navigation System','Keyless Entry','Heated Seats','Blind Spot Monitor','Alloy Wheels','Satellite Radio','Power Top']",7,"['AM/FM','Adjustable Steering Wheel','Air Conditioning','Anti-Lock Brakes','Anti-Theft System','CD (Multi Disc)','Cruise Control','Daytime Running Lights','Dual Airbags','Front Knee Airbags (Driver)','Front Knee Airbags (Passenger)','Front Side Airbags','Handsfree/Bluetooth Integration','Harman/Kardon Sound System','MP3','Mercedes-Benz mbrace2','Power Locks','Power Seat (Dual)','Power Steering','Power Windows','Rear Side Airbags','Rear-View Camera','Side Curtain Airbags','Stability Control','Telematics System']",25,,"[PREMIUM]","[PREMIUM]",165.25,
"WVWBW8AH0DV005251YG66KSHJGS20260902","2026-09-04 16:19:18.917","2026-09-04 16:19:18.917","[PREMIUM]","[PREMIUM]","CMRTDV005251",2013,"Volkswagen","Eos","Sport",,"Convertible","White",,"4 Cyl","2.0 L","FWD","Automatic","Gasoline",44308,"[PREMIUM]","[PREMIUM]",12810,,"Used",,,22,30,25,true,true,true,,"['{""ownerNumber"":1,""purchaseDate"":""10/17/14"",""endOwnershipDate"":""03/06/15"",""city"":""Henderson"",""state"":""NV""}','{""ownerNumber"":2,""purchaseDate"":""03/06/15"",""endOwnershipDate"":""Present"",""city"":""Wayland"",""state"":""MA""}']",21,3,0,"2026-09-02","ENHANCED","NEW",true,"[PREMIUM]","Henrico","VA","23294","[PREMIUM]",4.7,7,"YG66KSHJGS","[PREMIUM]","[PREMIUM]","[PREMIUM]","[PREMIUM]","[PREMIUM]","ADVANTAGE",,,,,"[PREMIUM]","[PREMIUM]",3,"['Keyless Entry','Fog Lights','Spoiler','Heated Seats','Wind Deflector','Alloy Wheels','Hard Top','Heated Mirrors','Satellite Radio','Power Top']",10,"['4-Passenger Seating','4-Wheel Disc Brakes','4-Wheel Independent Suspension','8 Speakers','AM/FM','Adjustable Steering Wheel','Air Conditioning','Anti-Lock Brakes','Anti-Theft System','Auto Climate Control','Body Colored Bumpers','Braking Assist','CD (Single Disc)','Cruise Control','Delay-Off Headlights','Door Bin','Dual-Zone Climate Control','Front Airbags (Driver)','Front Airbags (Passenger)','Front Anti-Roll Bar','Front Bucket Seats','Front Center Armrest','Front Side Airbags (Driver)','Front Side Airbags (Passenger)','Head Restraint Whiplash Protection','Headlight Washers','High Intensity Discharge Headlights','Illuminated Entry','Intermittent Wipers','Leather Shift Knob Trim','Leather Steering Wheel','Leatherette Seats','Panic Button','Power Mirrors','Power Seat (Dual)','Power Steering','Power Sun/Moonroof','Power Windows','Radio Data System','Reading Lights','Rear Anti-Roll Bar','Rear Center Armrest','Rear Window Defroster','Remote Keyless Entry','Rollover Protection Bars','Speed-Sensing Steering','Stability Control','Steering Wheel Controls','Super Ultra Low Emissions Vehicle','Tachometer','Thermometer','Tire Pressure Monitoring System','Traction Control','Trip Computer','Turn Signal Mirrors','Vanity Mirror/Light']",56,"RECALL NOTICE: Some vehicles offered for sale may be subject to unrepaired manufacturer safety recalls. To determine the recall status of a vehicle, visit https://www.nhtsa.gov/recalls.White 2013 Volkswagen Eos Sport FWD 6-Speed DSG Automatic with Tiptronic 2.0L TSI 200 hpWE ARE LOCATED AT 8712 WEST BROAD STREET RICHMOND, VA 23294, 804-591-3456.Clean CARFAX.22/30 City/Highway MPG","[PREMIUM]","[PREMIUM]",151.75,
"WDDPK5HA2DF054928HFLIUKY00120260902","2026-09-04 16:19:18.893","2026-09-04 16:19:18.893","[PREMIUM]","[PREMIUM]","DF054928",2013,"Mercedes-Benz","SLK","350",,"Convertible","Black","Gray","6 Cyl","3.5 L","RWD","Automatic","Gasoline",118818,"[PREMIUM]","[PREMIUM]",15330,"GREAT","Used",,,21,28,24,,true,true,,"['{""ownerNumber"":1,""purchaseDate"":""12/18/12"",""endOwnershipDate"":""06/17/18"",""city"":""Stafford"",""state"":""VA""}','{""ownerNumber"":2,""purchaseDate"":""06/29/18"",""endOwnershipDate"":""03/11/20"",""city"":""Finksburg"",""state"":""MD""}','{""ownerNumber"":3,""purchaseDate"":""03/11/20"",""endOwnershipDate"":""05/14/21"",""city"":""Cockeysville"",""state"":""MD""}','{""ownerNumber"":4,""purchaseDate"":""05/14/21"",""endOwnershipDate"":""Present"",""city"":""Melbourne"",""state"":""FL""}']",35,26,0,"2026-09-02","ENHANCED","NEW",true,"[PREMIUM]","Kissimmee","FL","34744","[PREMIUM]",3.9,1770,"HFLIUKY001","[PREMIUM]","[PREMIUM]","[PREMIUM]","[PREMIUM]","[PREMIUM]","TOPRATED","GOOD","AVERAGE","AVERAGE",450,"[PREMIUM]","[PREMIUM]",26,"['Keyless Entry','Fog Lights','Leather Seats','Heated Seats','Wind Deflector','Alloy Wheels','Hard Top','Heated Mirrors','Satellite Radio','Seat Memory']",10,"['11 Speakers','4-Wheel Disc Brakes','4-Wheel Independent Suspension','AM/FM','Adjustable Seats','Adjustable Steering Wheel','Air Conditioning','Anti-Lock Brakes','Anti-Theft System','Auto-Dimming Mirror','Automatic Headlights','Body Colored Bumpers','Braking Assist','CD (Single Disc)','Compass','Cruise Control','Delay-Off Headlights','Door Bin','Emergency Communication System','Front Airbags (Driver)','Front Airbags (Passenger)','Front Anti-Roll Bar','Front Bucket Seats','Front Center Armrest','Front Knee Airbags (Driver)','Front Side Airbags (Driver)','Front Side Airbags (Passenger)','Harman/Kardon Sound System','Head Restraint Whiplash Protection','Illuminated Entry','Integrated Garage Door Opener','Leather Shift Knob Trim','Leather Steering Wheel','Mercedes-Benz mbrace','Overhead Airbag','Overhead Console','Panic Button','Passenger Sensing Airbag','Power Mirrors','Power Seat (Dual)','Power Steering','Power Top','Power Windows','Radio Data System','Rain-Sensing Wipers','Reading Lights','Rear Anti-Roll Bar','Rear Window Defroster','Remote Keyless Entry','Rollover Protection Bars','Side Airbags','Speed-Sensing Steering','Sport Seats','Sport Steering Wheel','Stability Control','Steering Wheel Controls','Steering Wheel Memory','Surround Audio','Tachometer','Telematics System','Thermometer','Tire Pressure Monitoring System','Traction Control','Trip Computer','Turn Signal Mirrors','Vanity Mirror/Light']",66,"This 2013 Mercedes-Benz SLK 350 combines classic convertible styling with performance engineering. The black exterior and power convertible hardtop create an elegant presence, while the 3.5L V6 engine delivers responsive power paired with the 7G-TRONIC PLUS 7-speed automatic transmission. With city fuel economy of 21 mpg and highway performance at 29 mpg, this roadster balances driving enjoyment with efficiency.<br /><br />Features include:<br />- Power convertible hardtop with wind blocker<br />- Heated 8-way power sport seats with memory<br />- Harman/Kardon Logic 7 surround sound with 11 speakers and SiriusXM<br />- Leather steering wheel and shift knob<br />- Dual front and side impact airbags with knee airbag<br />- Electronic stability control and traction control<br />- Auto-dimming rear-view mirror and door mirrors<br />- Speed-sensing steering<br />- Remote keyless entry with HomeLink garage door transmitter<br />- Rain-sensing wipers<br /><br />The SLK 350 is sold as is and as shown. This convertible offers the Mercedes-Benz heritage and German engineering you expect in a compact roadster. Visit us today to experience the blend of luxury and performance this SLK delivers.","[PREMIUM]","[PREMIUM]",165.25,
"3VW7A7AT4DM803536H4HMGV5VRV20260902","2026-09-04 16:19:18.876","2026-09-04 16:19:18.876","[PREMIUM]","[PREMIUM]","1556",2013,"Volkswagen","Beetle","Unspecified",,"Convertible","Gray","Black","4 Cyl","2.0 L","FWD","Automatic","Gasoline",86859,"[PREMIUM]","[PREMIUM]",13270,"GOOD","Used",,,21,28,24,true,true,true,true,"['{""ownerNumber"":1,""purchaseDate"":""04/09/13"",""endOwnershipDate"":""07/23/26"",""city"":""Media"",""state"":""PA""}']",27,38,4,"2026-09-02","ENHANCED","USED",true,"[PREMIUM]","Feasterville-Trevose","PA","19053","[PREMIUM]",3.6,7,"H4HMGV5VRV","[PREMIUM]","[PREMIUM]","[PREMIUM]","[PREMIUM]","[PREMIUM]","ADVANTAGE",,,,,"[PREMIUM]","[PREMIUM]",38,"['Navigation System','Keyless Entry','Fog Lights','Heated Seats','Ambient Lighting','18 Inch Wheels','Heated Mirrors','Turbocharger','Premium Sound System','Sport Suspension']",10,"['12V Power Outlet','2nd Row Split/Folding Seats','Air Conditioning','Air Filtration','All-Season Tires','Anti-Lock Brakes','Armrest','Braking Assist','Center Console','Child Seat Anchors','Crash Sensors','Cruise Control','Cup Holder','Daytime Running Lights','Electronic Brake Force Distribution','Front Airbags (Driver)','Front Airbags (Passenger)','Front Side Airbags','Glove Box','Handsfree/Bluetooth Integration','Intelligent Crash Response System','Intermittent Wipers','Keyless Ignition','Leather Shift Knob Trim','Leather Trimmed Interior','Locking Glove Box','Multi-Link Suspension','One-Touch Power Windows','Partial Zero Emissions Vehicle','Passenger Sensing Airbag','Power Locks','Power Mirrors','Power Steering','Power Top','Reading Lights','Rear Disc Brakes','Rear Spoiler','Rollover Protection Bars','Side Impact Door Beam','Sport Pedals','Tire Pressure Monitoring System','Vanity Mirror/Light','Windshield Wiper Heater','iPod Adapter']",44,"LOW MILES. 1 OWNER. NO ACCIDENT CARFAX. ALWAYS SERVICED AT VW DEALER. EXCELLENT SERVICE HISTORY. 4 MATCHING CONTINENTAL TIRES. ONE BUTTON POWER TOP WORKS GREAT. NAVIGATION. BLACK LEATHER INTERIOR, HEATED SEATS, FENDER PREMIUM STEREO, BLUETOOTH, CRASH SENSORS, FOG LIGHTS, REAR SPOILER, PUSH BUTTON START, 2 KEY FOBS, OWNER'S MANUAL, and much more. Have some fun in the sun! Call now 267-888-4300. (the front dent on the hood has been removed after pictures). ALL CARS COME WITH A BRAND NEW PA INSPECTION AND FREE 3 MONTH WARRANTY. Watch the video of this vehicle on our main website www.CarsForYouPA.com. Everyone Approved! FULLY SERVICED CERTIFIED USED CARS UNDER $10,000. Oil Change, Filters, Brakes, Rotors, etc. Whatever the car needs we fix it first so you have no problems or headaches! IN HOUSE FINANCING AVAILABLE. Fill out the 5 minute Finance Application. Drive home in 60 minutes. Many different finance options available! WE FINANCE UBER/LYFT DRIVERS, Self-Employed, Cash Jobs, ITIN Numbers, No SSN, etc. Call Adam 267-888-4300. Text Adam Now 215-733-9944. We ship cars all over the world! Ask about our shipping details. Information deemed reliable, but not guaranteed. Interested parties should confirm all data before relying on it to make a purchase decision. All prices and specifications are subject to change without notice. Pricing based off of current market values may vary daily based off of market conditions. Prices may not include additional fees such as government fees and taxes, title and registration fees, dealer document preparation fees, processing fees, and emission testing and compliance charges.Customer must present ad at time of purchase. Prior sales excluded.Vehicle Service Contracts available up to 4 years 48,000 miles.","[PREMIUM]","[PREMIUM]",182.5,
"WBAUN1C5XDVR01396YZJRPMGRWI20260902","2026-09-04 16:19:18.874","2026-09-04 16:19:18.874","[PREMIUM]","[PREMIUM]","P260831394T1",2013,"BMW","1 Series","128i",,"Convertible","Blue","White","6 Cyl","3.0 L","RWD","Automatic","Gasoline",58332,"[PREMIUM]","[PREMIUM]",11660,"GOOD","Used",,,18,26,21,true,true,true,,"['{""ownerNumber"":1,""purchaseDate"":""06/17/13"",""endOwnershipDate"":""08/13/16"",""city"":""Toms River"",""state"":""NJ""}','{""ownerNumber"":2,""purchaseDate"":""09/15/16"",""endOwnershipDate"":""Present"",""city"":""Hazlet"",""state"":""NJ""}']",13,2,0,"2026-09-02","ENHANCED","NEW",true,"[PREMIUM]","Fort Pierce","FL","34982","[PREMIUM]",4.5,435,"YZJRPMGRWI","[PREMIUM]","[PREMIUM]","[PREMIUM]","[PREMIUM]","[PREMIUM]","TOPRATED",,,,,"[PREMIUM]","[PREMIUM]",2,"['Technology Package','Premium Package','Navigation System','Keyless Entry','Fog Lights','Leather Seats','Ambient Lighting','Alloy Wheels','17 Inch Wheels','Heated Mirrors']",10,"['4-Wheel Disc Brakes','4-Wheel Independent Suspension','8 Speakers','AM/FM','Adjustable Lumbar Support','Adjustable Steering Wheel','Air Conditioning','Anti-Lock Brakes','Anti-Theft System','Armrest Storage','Auto Climate Control','Auto-Dimming Mirror','Automatic Headlights','BMW Assist','Body Colored Bumpers','Braking Assist','CD (Single Disc)','Compass','ConnectedDrive','Cruise Control','Delay-Off Headlights','Door Bin','Dual-Zone Climate Control','Front Airbags (Driver)','Front Airbags (Passenger)','Front Anti-Roll Bar','Front Bucket Seats','Front Center Armrest','Front Knee Airbags (Driver)','Front Side Airbags (Driver)','Front Side Airbags (Passenger)','HD Radio','Handsfree/Bluetooth Integration','Head Restraint Whiplash Protection','Illuminated Entry','Integrated Garage Door Opener','Keyless Ignition','Leather Shift Knob Trim','Leather Trimmed Interior','Leatherette Seats','MP3','Passenger Sensing Airbag','Passive Keyless Entry','Power Mirrors','Power Seat (Dual)','Power Steering','Power Top','Power Windows','Radio Data System','Rain-Sensing Wipers','Reading Lights','Real-Time Traffic','Rear Anti-Roll Bar','Rear Center Armrest','Rear Window Defroster','Remote Keyless Entry','Rollover Protection Bars','Satellite Radio','Seat Memory','Smart Device Integration','Speed-Sensing Steering','Sport Steering Wheel','Stability Control','Steering Wheel Controls','Tachometer','Telematics System','Thermometer','Tire Pressure Monitoring System','Traction Control','Trip Computer','Vanity Mirror/Light','Voice-Activated Command System','Wood Trimmed Interior']",73,"2013 BMW 1 Series 2D Convertible Deep Sea Blue Metallic 6-Speed Automatic Steptronic 128i Clean CARFAX. Recent Arrival! Priced below KBB Fair Purchase Price! Odometer is 39833 miles below market average! RWD 3.0L I6 DOHC 24V<br /><br />18/27 City/Highway MPG<br /><br /><br />Reviews:<br /> * Powerful, fuel-efficient engines, rear-wheel drive, nimble handling, solid construction, convertible available. Source: Edmunds<br /> * If you like your driving served ""straight up,"" the 2013 BMW 1 Series is your machine: Front engine, rear-wheel drive, good power and poised handling, all tuned and developed on the assumption you want your car to feel and sound and move just so. Source: KBB.com<br /><br /><br />Awards:<br /> * 2013 KBB.com Brand Image Awards","[PREMIUM]","[PREMIUM]",164.25,
"1C3BCBEB4DN532967WRABFFBZH120260902","2026-09-04 16:19:18.765","2026-09-04 16:19:18.765","[PREMIUM]","[PREMIUM]","W4323B",2013,"Chrysler","200","Touring",,"Convertible","Blue","Black","4 Cyl","2.4 L","FWD","Automatic","Gasoline",103440,"[PREMIUM]","[PREMIUM]",7570,"GOOD","Used",,,18,27,21,true,true,,,"['{""ownerNumber"":1,""purchaseDate"":""09/05/12"",""endOwnershipDate"":""03/14/14"",""state"":""CA""}','{""ownerNumber"":2,""purchaseDate"":""04/29/14"",""endOwnershipDate"":""08/09/17"",""city"":""Geneseo"",""state"":""IL""}','{""ownerNumber"":3,""purchaseDate"":""12/04/17"",""endOwnershipDate"":""07/10/18"",""city"":""Victoria"",""state"":""IL""}','{""ownerNumber"":4,""purchaseDate"":""07/26/18"",""endOwnershipDate"":""09/04/18"",""city"":""Springfield"",""state"":""IL""}']",21,4,0,"2026-09-02","ENHANCED","NEW",true,"[PREMIUM]","Clinton","IL","61727","[PREMIUM]",4.6,63,"WRABFFBZH1","[PREMIUM]","[PREMIUM]","[PREMIUM]","[PREMIUM]","[PREMIUM]","TOPRATED",,,,,"[PREMIUM]","[PREMIUM]",4,"['Keyless Entry','Alloy Wheels','Satellite Radio','Power Top']",4,"['AM/FM','Adjustable Steering Wheel','Air Conditioning','Anti-Lock Brakes','Cruise Control','Front Airbags (Driver)','Front Airbags (Passenger)','Front Side Airbags','MP3','Power Locks','Power Seat (Dual)','Power Steering','Power Windows','Premium Wheels','Stability Control','Traction Control']",16,"Automatic 6-Spd w/AutoStickABS (4-Wheel)AM/FM StereoAir Bags (Side): FrontAir Bags: Dual FrontAir ConditioningCD: MP3 (Single)Cruise ControlFWDKeyless EntryPower Door LocksPower Soft TopPower SteeringPower WindowsSeats: Dual PowerSiriusXM Satellite RadioStability ControlTilt &amp; Telescoping WheelTraction ControlWheels: Aluminum/AlloyWheels: Premium","[PREMIUM]","[PREMIUM]",165.5,
"W04WT3N52GG077553ZHCTPGQ6F120260901","2026-09-04 14:19:18.806","2026-09-04 14:19:18.806","[PREMIUM]","[PREMIUM]","23229A",2016,"Buick","Cascada","Premium",,"Convertible","Black","Tan","4 Cyl","1.6 L","FWD","Automatic","Gasoline",62710,"[PREMIUM]","[PREMIUM]",14710,"FAIR","Used",,,20,27,23,true,true,true,true,"['{""ownerNumber"":1,""purchaseDate"":""04/23/16"",""endOwnershipDate"":""08/31/26"",""city"":""Saint Louis"",""state"":""MO""}']",10,12,0,"2026-09-01","ENHANCED","NEW",true,"[PREMIUM]","Saint Louis","MO","63128","[PREMIUM]",4.6,1070,"ZHCTPGQ6F1","[PREMIUM]","[PREMIUM]","[PREMIUM]","[PREMIUM]","[PREMIUM]","TOPRATED",,,,,"[PREMIUM]","[PREMIUM]",12,"['Driver Confidence Package','Preferred Equipment Package','Navigation System','DVD','Keyless Entry','Fog Lights','Leather Seats','Heated Seats','Heated Steering Wheel','Wind Deflector']",10,"['20 Inch Wheels','2nd Row Split/Folding Seats','4-Wheel Disc Brakes','7 Speakers','AM/FM','Adjustable Seats','Adjustable Steering Wheel','Air Conditioning','Alloy Wheels','Anti-Lock Brakes','Anti-Theft System','Auto Climate Control','Auto-Dimming Mirror','Automatic Headlights','Body Colored Bumpers','Braking Assist','CD (Single Disc)','Collision Warning System','Compass','Confidence Package','Cruise Control','Delay-Off Headlights','Door Bin','Dual-Zone Climate Control','Emergency Communication System','Front Airbags (Driver)','Front Airbags (Passenger)','Front Anti-Roll Bar','Front Bucket Seats','Front Center Armrest','Front Knee Airbags (Driver)','Front Side Airbags (Driver)','Front Side Airbags (Passenger)','Heated Mirrors','High Intensity Discharge Headlights','Illuminated Entry','Independent Suspension','IntelliLink','Lane Departure Warning','Leather Trimmed Interior','Leather Trimmed Seats','OnStar Communication System','Overhead Console','Panic Button','Parking Assist System','Passenger Sensing Airbag','Perforated Seats','Power Mirrors','Power Seat (Dual)','Power Steering','Power Top','Power Windows','Premium Sound System','Radio Data System','Rain-Sensing Wipers','Reading Lights','Rear Anti-Roll Bar','Rear Center Armrest','Rear Window Defroster','Rear-View Camera','Remote Keyless Entry','Rollover Protection Bars','Satellite Radio','Speed-Sensing Steering','Sport Seats','Stability Control','Steering Wheel Controls','Tachometer','Telematics System','Thermometer','Tire Pressure Monitoring System','Traction Control','Trip Computer','Vanity Mirror/Light']",74,"One Owner/CARFAX No Accidents! Multi-Point Inspected and Emissions Tested! Service Records Available! Find out more at www.frankletaacura.com. **AS-IS Vehicles Provide a Current Emissions Test**<br /><br />This 2016 Buick Cascada Premium convertible delivers an open-air driving experience with refined style and dependable performance. With 62,710 miles, this Black beauty is ready to turn heads on every drive while offering the comfort and technology today's drivers expect.<br /><br />Key Features:<br />- Power Convertible Roof<br />- Premium Audio System with SiriusXM Satellite Radio<br />- Navigation System<br />- Driver Confidence Package<br />- Heated Front Seats with 8-Way Power Adjustment<br />- Front &amp; Rear Parking Assist<br />- Lane Departure Warning System<br />- Automatic Temperature Control with Dual Front Zones<br />- 20"" Dynamic Twin-Spoke Bi-Color Alloy Wheels<br />- OnStar Guidance Emergency Communication System<br /><br />This Cascada has been fully detailed and comes equipped with a 1.6L 4-Cylinder engine delivering 20 city and 27 highway MPG. The convertible roof operates smoothly for flexible top-down or top-up driving, while the intuitive IntelliLink infotainment system keeps you connected. Premium perforated leather appointed seats provide comfort for every journey, complemented by heated steering wheel and comprehensive safety features including electronic stability control and dual front impact airbags.<br /><br />Don't miss the opportunity to own this well-maintained convertible. Visit our showroom today to take this stylish Cascada for a test drive.<br /><br />While great effort is made to ensure the accuracy of the information on this site, errors do occur so please verify information with a customer service rep. This is easily done by calling us at (314) 549-8020 or by visiting us at the dealership.","[PREMIUM]","[PREMIUM]",166.75,
"YV1672MC7DJ144175WWMXD5DWHH20260902","2026-09-04 14:19:18.779","2026-09-04 14:19:18.779","[PREMIUM]","[PREMIUM]","63-144175",2013,"Volvo","C70","T5",,"Convertible","Blue","Tan","5 Cyl","2.5 L","FWD","Automatic","Gasoline",107138,"[PREMIUM]","[PREMIUM]",12680,"GREAT","Used",,,19,27,22,,true,true,,"['{""ownerNumber"":1,""purchaseDate"":""11/29/13"",""endOwnershipDate"":""08/31/16"",""city"":""Delta"",""state"":""PA""}','{""ownerNumber"":2,""purchaseDate"":""09/12/16"",""endOwnershipDate"":""11/04/19"",""city"":""Owings Mills"",""state"":""MD""}','{""ownerNumber"":3,""purchaseDate"":""02/04/20"",""endOwnershipDate"":""07/30/26"",""city"":""Chester"",""state"":""MD""}']",18,25,0,"2026-09-02","ENHANCED","USED",true,"[PREMIUM]","Spotsylvania","VA","22551","[PREMIUM]",4,10,"WWMXD5DWHH","[PREMIUM]","[PREMIUM]","[PREMIUM]","[PREMIUM]","[PREMIUM]","ADVANTAGE",,,,,"[PREMIUM]","[PREMIUM]",25,"['Keyless Entry','Fog Lights','Alloy Wheels','Satellite Radio','Side Airbags']",5,"['AM/FM','Adjustable Steering Wheel','Air Conditioning','Anti-Lock Brakes','Anti-Theft System','CD (Single Disc)','Cruise Control','Dual Airbags','Handsfree/Bluetooth Integration','MP3','Power Locks','Power Steering','Power Windows','Stability Control','Traction Control']",15,"<p></p><p><br /><br /></p><p>CARFAX AVAILABLE</p><p>FINANCING AVAILABLE<br />TRANSPORTATION AVAILABLE<br /><strong>Disclaimer:</strong><br />Advertise Price does not include tax, tags, title, registration and processing fee of $699.<br />All vehicles are subject to prior sale.<br />All financing offers are subject to approved credit.</p><p>Located at 5531 Morris rd. Spotsylvania VA 22551<br /></p><p> </p><p></p>","[PREMIUM]","[PREMIUM]",173.25,
"WVWFW8AH0EV001025DGDEPSJ00120260903","2026-09-04 14:19:18.776","2026-09-04 14:19:18.776","[PREMIUM]","[PREMIUM]","4244",2014,"Volkswagen","Eos","Executive",,"Convertible","Brown","Tan","4 Cyl","2.0 L","FWD","Automatic","Gasoline",115317,"[PREMIUM]","[PREMIUM]",11340,"GREAT","Used",,,22,30,25,,true,true,,"['{""ownerNumber"":1,""purchaseDate"":""11/10/13"",""endOwnershipDate"":""05/09/17"",""city"":""Punta Gorda"",""state"":""FL""}','{""ownerNumber"":2,""purchaseDate"":""05/30/17"",""endOwnershipDate"":""Present"",""city"":""Marietta"",""state"":""GA""}']",27,18,0,"2026-09-03","ENHANCED","USED",,"[PREMIUM]","Newnan","GA","30263","[PREMIUM]",,,"DGDEPSJ001","[PREMIUM]","[PREMIUM]","[PREMIUM]","[PREMIUM]","[PREMIUM]","ADVANTAGE",,,,,"[PREMIUM]","[PREMIUM]",18,"['Navigation System','Keyless Entry','Fog Lights','Heated Seats','Alloy Wheels','Parking Sensors','Satellite Radio','Side Airbags','Keyless Ignition']",9,"['AM/FM','Adjustable Steering Wheel','Air Conditioning','Anti-Lock Brakes','Anti-Theft System','CD (Single Disc)','Cruise Control','Daytime Running Lights','Dual Airbags','Dynaudio Sound System','Front Parking Sensors','Handsfree/Bluetooth Integration','High Intensity Discharge Headlights','Hill Assist System','MP3','Power Locks','Power Seat (Dual)','Power Steering','Power Sun/Moonroof','Power Windows','Rear Parking Sensors','Rear-View Camera','Rollover Protection Bars','Side Curtain Airbags','Stability Control','Traction Control']",26,"<p><strong><em> Newnan CarLink LLC</em></strong> is located at 200 Greenville St. Newnan, Georgia. We are an independent auto dealership that offers a wide selection of quality used vehicles at discount prices<strong><em>. </em></strong>All of our cars come with <strong>30 DAYS/1000 MILES WARRANTY</strong>. all of our cars have clean titles and recent emissions and our prices are well below retail saves you $$$. Call or text 404-734-8902 for any questions you may have or schedule a test drive! Thank you!</p>","[PREMIUM]","[PREMIUM]",171.5,
"W04WT3N50GG0855547U4D56IZF120260831","2026-09-04 14:19:18.774","2026-09-04 14:19:18.774","[PREMIUM]","[PREMIUM]","GM11278C",2016,"Buick","Cascada","Premium",,"Convertible","Blue",,"4 Cyl","1.6 L","FWD","Automatic","Gasoline",79164,"[PREMIUM]","[PREMIUM]",13240,"FAIR","Used",,,20,27,23,true,true,true,,"['{""ownerNumber"":1,""purchaseDate"":""06/28/16"",""endOwnershipDate"":""07/25/25"",""city"":""Platteville"",""state"":""CO""}','{""ownerNumber"":2,""purchaseDate"":""07/17/26"",""endOwnershipDate"":""08/28/26"",""city"":""Greeley"",""state"":""CO""}']",14,24,0,"2026-08-31","ENHANCED","NEW",true,"[PREMIUM]","Greeley","CO","80634","[PREMIUM]",4.5,232,"7U4D56IZF1","[PREMIUM]","[PREMIUM]","[PREMIUM]","[PREMIUM]","[PREMIUM]","TOPRATED",,,,,"[PREMIUM]","[PREMIUM]",24,"[]",,"['']",1,,"[PREMIUM]","[PREMIUM]",163,
"4USBT53565LU09964ILC308O8RY20260902","2026-09-04 14:19:18.747","2026-09-04 14:19:18.747","[PREMIUM]","[PREMIUM]","U09964",2005,"BMW","Z4","3.0i",,"Convertible","Gray",,"6 Cyl","3.0 L","RWD","Automatic","Gasoline",158225,"[PREMIUM]","[PREMIUM]",8490,"GREAT","Used",,,,,,true,true,true,true,"['{""ownerNumber"":1,""purchaseDate"":""05/06/05"",""endOwnershipDate"":""07/28/26"",""city"":""Beaverton"",""state"":""OR""}']",41,14,0,"2026-09-02","ENHANCED","USED",true,"[PREMIUM]","Vancouver","WA","98665","[PREMIUM]",3.1,18,"ILC308O8RY","[PREMIUM]","[PREMIUM]","[PREMIUM]","[PREMIUM]","[PREMIUM]","ADVANTAGE",,,,,"[PREMIUM]","[PREMIUM]",14,"['Alloy Wheels','Side Airbags']",2,"['AM/FM','Adjustable Steering Wheel','Air Conditioning','Anti-Lock Brakes','CD (Single Disc)','Cruise Control','Dual Airbags','MP3','Power Locks','Power Seat (Dual)','Power Steering','Power Windows','Stability Control','Traction Control']",14,"<p>Check out the amazing deal on this 2005 BMW Z4 on sale at Used LLC while it lasts and find out why we are Vancouver's #1 Used Car Dealership! This 2 door Convertible is equipped with a solid 225 horse power 6-Cyl, 3.0 Liter engine and desirable Automatic transmission that deliver performance as well as an impressive 25 MPG on the highway and 17 MPG in the city you won't find in most RWD Convertibles of this class. At this price and condition it's a deal you just can't go wrong with! We have the best selection of BMWs, Z4s, and Convertibles in town so come stretch your dollar further and really truly get the most for your money when you take advantage of this incredible offer. We offer a huge selection of high value, low cost vehicles with a zero hassle sales process and on the spot finance approvals for all credit types 7 days a week but deals like this on in-demand vehicles such as the 2005 BMW Z4 you're looking at never last so don't wait - act now and hurry in for a test drive today before someone else grabs it!!! ||||| 2005 BMW Z4 3.0i Roadster 2D RWD Convertible ||||| Used Car Dealership in Vancouver WA - Financing, Trades, Free CARFAX history report on every vehicle. Come see this and Vancouver's best selection of used vehicles today! Visit in person at 9408 NE Hwy 99, Vancouver, WA 98665, online at https://www.usedllcvancouver.com/ or call / text us at 360.218.0188 7 days a week. Used Car Dealerships Vancouver, WA. Easy Financing. Bad Credit OK. Credit Union Rates Direct Lending. Used cars for sale Vancouver, WA. *Notice: Subject to prior sale. The price listed for our vehicles does not include charges such as: License, Title, Registration Fees, State or Local Taxes, Finance Charges, Optional Credit or Liability Insurance, Delivery Fee, and Negotiable Documentary Service Fee of up to $200.00 that will be added to the Sale Price / Capitalized Cost. These will be added to the sale price of the vehicle when applicable unless otherwise negotiated prior to sale. The Dealership makes no representations, expressed or implied, to any actual or prospective purchaser or owner of this vehicle as to the existence, ownership, accuracy, description or condition of the vehicle's listed equipment, accessories, price or any warranties including implied warranty of merchantability or fitness for a particular purpose. Vehicle Pricing - Where permitted by law, all dealer fees and amounts must be disclosed in a clear, conspicuous and legible fashion. There are no exclusions. The Dealership is not responsible for typographical errors in price or equipment listed. Any and all differences must be addressed prior to the sale of this vehicle. All offers including price and finance options subject to expire without notice, valid day one only, and valid on approved credit, see dealer for full details. Used LLC | 9408 NE Hwy 99 Vancouver, WA 98665 | Dealer License #2417</p>","[PREMIUM]","[PREMIUM]",171.25,
"1G1YY32P2T5100883103LJWW00120260902","2026-09-04 14:19:18.722","2026-09-04 14:19:18.722","[PREMIUM]","[PREMIUM]","9552",1996,"Chevrolet","Corvette","Unspecified",,"Convertible","Silver","Black","8 Cyl","5.7 L","RWD","Automatic","Gasoline",58103,"[PREMIUM]","[PREMIUM]",,,"Used",,,15,23,18,true,true,true,,"['{""ownerNumber"":1,""purchaseDate"":""11/22/95"",""endOwnershipDate"":""05/11/01"",""city"":""Westwood"",""state"":""NJ""}','{""ownerNumber"":2,""purchaseDate"":""04/01/03"",""endOwnershipDate"":""06/07/12"",""city"":""Ancram"",""state"":""NY""}','{""ownerNumber"":3,""purchaseDate"":""06/07/12"",""endOwnershipDate"":""08/05/26"",""city"":""Averill Park"",""state"":""NY""}']",3,44,0,"2026-09-02","ENHANCED","USED",true,"[PREMIUM]","West Sand Lake","NY","12196","[PREMIUM]",4.9,235,"103LJWW001","[PREMIUM]","[PREMIUM]","[PREMIUM]","[PREMIUM]","[PREMIUM]","TOPRATED",,,,,"[PREMIUM]","[PREMIUM]",44,"['Preferred Equipment Package','Leather Seats','Bucket Seats','Bose Sound System','Sport Seats']",5,"['Adjustable Seats','Air Conditioning','Auto Climate Control','CD (Single Disc)','Cassette','Leather Trimmed Seats','Power Seat (Dual)']",7,"Three Owner Clean Carfax! Convertible!!!Super Nice local Corvette Collectors Edition, 350 LT-1 Automatic AC , Power Leather Seats, Chrome Collectors Wheels, Full QMC service","[PREMIUM]","[PREMIUM]",143.75,
"1G1YY33P3P5102789FX02ZJR61120260903","2026-09-04 14:19:18.685","2026-09-04 14:19:18.685","[PREMIUM]","[PREMIUM]","15978",1993,"Chevrolet","Corvette","Unspecified",,"Convertible","Red","Black","8 Cyl","5.7 L","RWD","Automatic","Gasoline",61801,"[PREMIUM]","[PREMIUM]",,,"Used",,,15,22,18,true,true,,,"['{""ownerNumber"":1,""purchaseDate"":""06/03/93"",""endOwnershipDate"":""07/08/11"",""city"":""Arlington Heights"",""state"":""IL""}','{""ownerNumber"":2,""purchaseDate"":""08/09/11"",""endOwnershipDate"":""09/09/15"",""city"":""West Liberty"",""state"":""IA""}','{""ownerNumber"":3,""purchaseDate"":""09/16/15"",""endOwnershipDate"":""09/01/26"",""city"":""Washington"",""state"":""IA""}']",7,15,0,"2026-09-03","ENHANCED","USED",true,"[PREMIUM]","Keokuk","IA","52632","[PREMIUM]",,,"FX02ZJR611","[PREMIUM]","[PREMIUM]","[PREMIUM]","[PREMIUM]","[PREMIUM]","ADVANTAGE",,,,,"[PREMIUM]","[PREMIUM]",15,"['Heated Mirrors','Chrome Wheels']",2,"['AM/FM','Adjustable Steering Wheel','Air Conditioning','Anti-Lock Brakes','Anti-Theft System','CD (Single Disc)','Cruise Control','Front Airbags (Driver)','Front Airbags (Passenger)','Leather Trimmed Interior','Power Locks','Power Steering','Power Windows','Sony Sound System']",14,"ONLY 61,801 MILES - AUTOMATIC - AC - TILT STEERING - CRUISE CONTROL - SONY SOUND SYSTEM - CD PLAYER - POWER LOCKS, WINDOWS, HEATED MIRRORS - LEATHER INTERIOR - CHROME WHEELS - VISIT US AT ECKLANDMOTORS.COM","[PREMIUM]","[PREMIUM]",130,
"W04WH3N54KG337347JGS802OIWP20260901","2026-09-04 14:19:18.684","2026-09-04 14:19:18.684","[PREMIUM]","[PREMIUM]","42817",2019,"Buick","Cascada","Premium",,"Convertible","White","Tan","4 Cyl","1.6 L","FWD","Automatic","Gasoline",91468,"[PREMIUM]","[PREMIUM]",14830,,"Used",,,21,29,24,,true,,,"['{""ownerNumber"":1,""purchaseDate"":""04/08/19"",""endOwnershipDate"":""01/12/22"",""state"":""CA""}','{""ownerNumber"":2,""purchaseDate"":""04/22/22"",""endOwnershipDate"":""07/03/26"",""city"":""Mason"",""state"":""IL""}']",15,33,1,"2026-09-01","ENHANCED","USED",true,"[PREMIUM]","Springfield","IL","62703","[PREMIUM]",3.1,26,"JGS802OIWP","[PREMIUM]","[PREMIUM]","[PREMIUM]","[PREMIUM]","[PREMIUM]","ADVANTAGE",,,,,"[PREMIUM]","[PREMIUM]",33,"['Remote Start','Navigation System','DVD','Keyless Entry','Fog Lights','Leather Seats','Heated Seats','Heated Steering Wheel','Wind Deflector','Alloy Wheels']",10,"['12V Power Outlet','AM/FM','Acoustic Windshield','Adjustable Seats','Adjustable Steering Wheel','Advanced Front-Lighting System','Air Conditioning','Air Filtration','All-Season Tires','Antenna','Anti-Lock Brakes','Armrest Storage','Auto Climate Control','Auto-Dimming Mirror','Automatic Headlights','Aux Audio Adapter','Body Colored Bumpers','Body Colored Door Handles','Braking Assist','Buick Infotainment System','CD (Single Disc)','Cargo Area Light','Center Console','Clock','Color Coded Mirrors','Compact Spare Tire','Compass','Cruise Control','Cup Holder','Daytime Running Lights','Delay-Off Headlights','Digital Instrument Cluster','Door Pockets','Dual-Zone Climate Control','Electric Parking Brake','Electronic Brake Force Distribution','Floor Mats','Front Stabilizer Bar','Front Ventilated Disc Brakes','Fuel Data Display','Handsfree/Bluetooth Integration','High Intensity Discharge Headlights','Independent Suspension','Integrated Cell Phone','LED Lights','LED Tail Lights','Leather Shift Knob Trim','Leather Steering Wheel','Low Fuel Level Indicator','MP3','Maintenance Free Battery','OnStar Communication System','One-Touch Power Windows','Panic Button','Power Seat (Dual)','Power Steering','Power Top','Radio Data System','Rear Disc Brakes','Rear Stabilizer Bar','Rear Window Defroster','Rear-View Camera','Remote Trunk Release','Satellite Radio','Semi-Independent Suspension','Speed Sensitive Volume Control','Stability Control','Steering Wheel Controls','Tachometer','Telematics System','Thermometer','Tire Pressure Monitoring System','Torsion Bar Suspension','Touch-Screen Display','Traction Control','Trip Odometer','USB Audio Interface','Vanity Mirror/Light','Window Lockout Button']",79,"2019 Buick Cascada Premium Convertible 1.6L Turbo I4 FWD 2 OWNER! Has premium alloy wheels, convertible, leather seats, power seats, heated seats, heated steering wheel, am/fm radio, cruise control, hands free phone link, front media touchscreen, back up camera, up to 29 MPG, only 91,000 miles, and more.","[PREMIUM]","[PREMIUM]",108.2,
"WMWWG9C54G3C224062R5KM4T8N120260831","2026-09-04 14:19:18.680","2026-09-04 14:19:18.680","[PREMIUM]","[PREMIUM]","G3C22406AA",2016,"Mini","Cooper","S",,"Convertible","Black",,"4 Cyl","2.0 L","FWD","Automatic","Gasoline",68866,"[PREMIUM]","[PREMIUM]",,,"Used",,,25,33,28,true,true,true,true,"['{""ownerNumber"":1,""purchaseDate"":""09/06/16"",""endOwnershipDate"":""08/31/26"",""city"":""Midland"",""state"":""TX""}']",28,5,0,"2026-08-31","ENHANCED","NEW",true,"[PREMIUM]","San Antonio","TX","78249","[PREMIUM]",4.6,1582,"2R5KM4T8N1","[PREMIUM]","[PREMIUM]","[PREMIUM]","[PREMIUM]","[PREMIUM]","TOPRATED",,,,,"[PREMIUM]","[PREMIUM]",5,"['Premium Package','Sport Package','Keyless Entry','Fog Lights','Heated Seats','Wind Deflector','Alloy Wheels','Led Lights','17 Inch Wheels','Heated Mirrors']",10,"['16 Inch Wheels','2nd Row Split/Folding Seats','4-Wheel Disc Brakes','4-Wheel Independent Suspension','6 Speakers','AM/FM','Adaptive Suspension','Adjustable Steering Wheel','Air Conditioning','Anti-Lock Brakes','Armrest Storage','Auto Climate Control','Auto-Dimming Mirror','Automatic Headlights','Body Colored Bumpers','Braking Assist','Cruise Control','Delay-Off Headlights','Door Bin','Dual-Zone Climate Control','Front Airbags (Driver)','Front Airbags (Passenger)','Front Anti-Roll Bar','Front Center Armrest','Front Knee Airbags (Driver)','Front Side Airbags (Driver)','Front Side Airbags (Passenger)','Handsfree/Bluetooth Integration','Harman/Kardon Sound System','Illuminated Entry','Keyless Ignition','LED Fog Lights','Leather Steering Wheel','Leatherette Seats','Overhead Console','Passenger Sensing Airbag','Passive Keyless Entry','Power Mirrors','Power Steering','Power Sun/Moonroof','Power Top','Power Windows','Radio Data System','Rain-Sensing Wipers','Reading Lights','Rear Anti-Roll Bar','Rear Window Defroster','Rear Window Wiper','Rollover Protection Bars','Soft Top','Speed-Sensing Steering','Sport Seats','Sport Steering Wheel','Stability Control','Steering Wheel Controls','Tachometer','Thermometer','Tire Pressure Monitoring System','Traction Control','Trip Computer','USB Adapter','Vanity Mirror/Light']",62,"Recent Arrival!<br />2016 MINI Cooper S Base CARFAX One-Owner. Midnight Black<br /><br />Auto-Dimming Interior &amp; Exterior Mirrors, Comfort Access Keyless Entry, Convertible Wind Deflector, Dynamic Damper Control, harman/kardon® Logic 7® Digital Surround, Heated Front Seats, LED Fog Lights, LED Headlights, MINI Yours Soft Top, Premium Package, Satellite Radio w/1 Year Subscription, Sport Package, Wheels: 17"" x 7.0"" Tentacle Spoke Silver.<br /><br />This vehicle meets or exceeds all Texas state safety inspection standards and is offered to the public at a direct wholesale discount price. Sold AS IS with no warranty—contact us today for details or to schedule a test drive. Act quickly, as this vehicle will go to auction soon!<br />Clean CARFAX.<br /><br /><br />Awards:<br /> * JD Power Vehicle Dependability Study (VDS) * JD Power Vehicle Dependability Study","[PREMIUM]","[PREMIUM]",145.5,
"WDBFA67FXTF139850OYUDXOM7QG20260902","2026-09-04 14:19:18.674","2026-09-04 14:19:18.674","[PREMIUM]","[PREMIUM]","T139850",1996,"Mercedes-Benz","SL-Class","SL 500",,"Convertible","Red","Tan","8 Cyl","5.0 L","RWD","Automatic","Gasoline",92780,"[PREMIUM]","[PREMIUM]",,,"Used",,,15,22,17,true,true,true,,"['{""ownerNumber"":1,""purchaseDate"":""06/15/96"",""endOwnershipDate"":""06/01/00"",""state"":""AL""}','{""ownerNumber"":2,""purchaseDate"":""08/19/00"",""endOwnershipDate"":""06/19/01"",""city"":""Houston"",""state"":""TX""}','{""ownerNumber"":3,""purchaseDate"":""08/01/01"",""endOwnershipDate"":""07/05/04"",""city"":""Houston"",""state"":""TX""}','{""ownerNumber"":4,""purchaseDate"":""09/24/04"",""endOwnershipDate"":""08/16/07"",""city"":""Seabrook"",""state"":""TX""}','{""ownerNumber"":5,""purchaseDate"":""10/19/07"",""endOwnershipDate"":""01/30/08"",""city"":""Belmar"",""state"":""NJ""}','{""ownerNumber"":6,""purchaseDate"":""11/11/17"",""endOwnershipDate"":""01/02/20"",""city"":""Belmar"",""state"":""NJ""}','{""ownerNumber"":7,""purchaseDate"":""08/06/21"",""endOwnershipDate"":""08/22/21"",""city"":""Elizabeth"",""state"":""NJ""}','{""ownerNumber"":8,""purchaseDate"":""08/22/21"",""endOwnershipDate"":""03/12/22"",""city"":""Miami"",""state"":""FL""}','{""ownerNumber"":9,""purchaseDate"":""03/12/22"",""endOwnershipDate"":""05/11/24"",""city"":""Hallandale"",""state"":""FL""}','{""ownerNumber"":10,""purchaseDate"":""05/11/24"",""endOwnershipDate"":""Present"",""city"":""Lake Worth"",""state"":""FL""}']",13,9,0,"2026-09-02","BASIC","USED",true,"[PREMIUM]","West Palm Beach","FL","33407","[PREMIUM]",,,"OYUDXOM7QG","[PREMIUM]","[PREMIUM]","[PREMIUM]","[PREMIUM]","[PREMIUM]","ADVANTAGE",,,,,"[PREMIUM]","[PREMIUM]",9,"['Alloy Wheels','Bose Sound System','Power Doors']",3,"['AM/FM','Adjustable Steering Wheel','Air Conditioning','Anti-Lock Brakes','Cassette','Cruise Control','Dual Airbags','Front Airbags (Driver)','Power Locks','Power Seat (Dual)','Power Steering','Power Windows']",12,,"[PREMIUM]","[PREMIUM]",31,
"WDDWK8DB3KF8318054VT8HYTY2O20260829","2026-09-04 14:19:18.674","2026-09-04 14:19:18.674","[PREMIUM]","[PREMIUM]","831805",2019,"Mercedes-Benz","C-Class","C 300",,"Convertible","White","Black","4 Cyl","2.0 L","RWD","Automatic","Gasoline",91401,"[PREMIUM]","[PREMIUM]",20640,"GREAT","Used",,,21,29,24,,true,,,"['{""ownerNumber"":1,""purchaseDate"":""12/07/18"",""endOwnershipDate"":""09/25/19"",""city"":""Phoenix"",""state"":""AZ""}','{""ownerNumber"":2,""purchaseDate"":""12/28/19"",""endOwnershipDate"":""05/05/23"",""city"":""Inglewood"",""state"":""CA""}','{""ownerNumber"":3,""purchaseDate"":""01/29/26"",""endOwnershipDate"":""08/07/26"",""city"":""Washington"",""state"":""DC""}']",12,37,0,"2026-08-29","ENHANCED","USED",true,"[PREMIUM]","Woodbridge","VA","22191","[PREMIUM]",2.4,44,"4VT8HYTY2O","[PREMIUM]","[PREMIUM]","[PREMIUM]","[PREMIUM]","[PREMIUM]","ADVANTAGE",,,,,"[PREMIUM]","[PREMIUM]",37,"['Leather Seats','Heated Seats']",2,"['Air Conditioning','Auto Climate Control','COMAND System','Dual-Zone Climate Control','Leather Steering Wheel','Power Seat (Dual)','Stop and Go Assist','Telematics System']",8,"The 2019 Mercedes-Benz C-Class C 300, with 91,401 miles, represents a distinguished entry into German luxury sedan ownership, offering a timeless blend of refined performance, elegant design, and enduring craftsmanship that has been thoroughly proven through extensive real-world driving. Powered by the responsive 2.0-liter turbocharged inline-4 engine delivering 255 horsepower and 273 lb-ft of torque, this C 300 provides smooth, effortless acceleration and confident highway passing power, while its rear-wheel-drive configuration and finely tuned suspension deliver the composed, balanced handling that has made the C-Class a benchmark in its segment. At over 91,000 miles, the vehicle is thoroughly broken in and has demonstrated its mechanical durability, meaning its quick-shifting 9-speed automatic transmission, advanced chassis systems, and precise steering have matured into a perfectly harmonized rhythm that delivers the quintessential Mercedes-Benz driving experience: refined, confident, and effortlessly luxurious. The cabin showcases Mercedes-Benz s signature craftsmanship with premium upholstery, heated power-adjustable front seats, a leather-wrapped steering wheel, dual-zone automatic climate control, and the intuitive COMAND infotainment system with a crisp display—all surrounded by the bank-vault solidity and hushed acoustic insulation that makes every journey feel special. This mileage, characteristic of highway commuting and long-distance travel, suggests a usage history of gentle steady-state cruising that is significantly gentler on major mechanical components than urban stop-and-go driving, presenting an exceptional value proposition with the steepest depreciation already behind it while the driving experience remains entirely uncompromised. For the discerning buyer who values timeless design, proven German engineering, and the prestige of the three-pointed star at a highly accessible price point, this C 300 delivers enduring luxury and sophisticated performance that will continue to impress for many miles to come.","[PREMIUM]","[PREMIUM]",144.75,"Accident Reported: Moderate Damage"
"3VW517AT7FM806490OOSUWAB00120260826","2026-09-04 14:19:18.669","2026-09-04 14:19:18.669","[PREMIUM]","[PREMIUM]","L7998B",2015,"Volkswagen","Beetle","Unspecified",,"Convertible","Red","Black","4 Cyl","1.8 L","FWD","Automatic","Gasoline",87100,"[PREMIUM]","[PREMIUM]",15170,,"Used",,,24,32,27,,true,,,"['{""ownerNumber"":1,""purchaseDate"":""03/17/15"",""endOwnershipDate"":""04/10/17"",""state"":""CA""}','{""ownerNumber"":2,""purchaseDate"":""12/05/17"",""endOwnershipDate"":""08/31/18"",""city"":""Idaho Falls"",""state"":""ID""}','{""ownerNumber"":3,""purchaseDate"":""08/31/18"",""endOwnershipDate"":""05/09/22"",""city"":""Idaho Falls"",""state"":""ID""}','{""ownerNumber"":4,""purchaseDate"":""05/09/22"",""endOwnershipDate"":""08/28/22"",""city"":""Rigby"",""state"":""ID""}','{""ownerNumber"":5,""purchaseDate"":""05/24/23"",""endOwnershipDate"":""06/29/24"",""city"":""Rigby"",""state"":""ID""}','{""ownerNumber"":6,""purchaseDate"":""06/29/24"",""endOwnershipDate"":""08/26/26"",""city"":""Idaho Falls"",""state"":""ID""}']",16,2,0,"2026-08-26","BASIC","USED",true,"[PREMIUM]","Idaho Falls","ID","83401","[PREMIUM]",5,6,"OOSUWAB001","[PREMIUM]","[PREMIUM]","[PREMIUM]","[PREMIUM]","[PREMIUM]","ADVANTAGE",,,,,"[PREMIUM]","[PREMIUM]",2,"['Wind Deflector','Turbocharger','Side Airbag']",3,"['Adjustable Steering Wheel','Airbags','Anti-Lock Brakes','Power Locks','Rear Spoiler','Stability Control','Tachometer','Telematics System']",8,"At Timberline Auto, finding a great deal on your next vehicle is always easy! Our experienced sales staff goal is to help find you the right vehicle at the right price! Our knowledgeable finance department has options for almost any credit score. We offer extended service contract options to protect your pre-owned vehicle. Meet our friendly staff at one of our 3 locations, 1580 East Lincoln Road (208-523-4000), 1235 N. Woodruff Avenue (208-523-1053), or 1175 N. Woodruff Avenue, Idaho Falls ID. Price do not include tax, title, $497 dealer documentation fee.... Read the full description on our Website at: www.usedtrucksidahofalls.com","[PREMIUM]","[PREMIUM]",15.5,
"WMWWG9C58G3A91268KXKESF3ZKL20260901","2026-09-04 14:19:18.669","2026-09-04 14:19:18.669","[PREMIUM]","[PREMIUM]","4756",2016,"Mini","Cooper","S",,"Convertible","Black","Brown","4 Cyl","2.0 L","FWD","Automatic","Gasoline",111562,"[PREMIUM]","[PREMIUM]",12750,"GOOD","Used",,,25,33,28,,true,true,,"['{""ownerNumber"":1,""purchaseDate"":""05/26/16"",""endOwnershipDate"":""09/19/24"",""city"":""Murrieta"",""state"":""CA""}','{""ownerNumber"":2,""purchaseDate"":""09/19/24"",""endOwnershipDate"":""08/12/26"",""city"":""Murrieta"",""state"":""CA""}']",15,26,0,"2026-09-01","ENHANCED","USED",true,"[PREMIUM]","Massapequa","NY","11758","[PREMIUM]",3.8,28,"KXKESF3ZKL","[PREMIUM]","[PREMIUM]","[PREMIUM]","[PREMIUM]","[PREMIUM]","ADVANTAGE",,,,,"[PREMIUM]","[PREMIUM]",26,"['Sport Package','Keyless Entry','Fog Lights','Heated Seats','Tinted Windows','Led Lights','17 Inch Wheels','Heated Mirrors','Side Airbags','Adaptive Suspension']",10,"['AM/FM','Adjustable Steering Wheel','Air Conditioning','Anti-Lock Brakes','Anti-Theft System','Carbon Fiber Interior Trim','Clock','Cruise Control','Daytime Running Lights','Digital Instrument Cluster','Dual-Zone Climate Control','Floor Mats','Front Airbags (Driver)','Front Airbags (Passenger)','Front Center Armrest','Handsfree/Bluetooth Integration','Harman/Kardon Sound System','Intermittent Wipers','LED Fog Lights','Leather Steering Wheel','Leather Trimmed Interior','Overhead Console','Piano Black Interior Trim','Power Locks','Power Mirrors','Power Steering','Power Windows','Rear Window Defroster','Sport Seats','Stability Control','Steering Wheel Controls','Sun/Moonroof','Tachometer','Tire Pressure Monitoring System','Vanity Mirror/Light']",35,"Take a look at this Midnight Black Metallic 2016 MINI Cooper S Convertible with Malt Brown Chesterfield Leather Interior. This car is such a bundle of fun. It is a complete package with its inviting surfaces that are so well maintained and its abundance of optional features. The interior is truly breathtaking. It is a true sight to see and a ride to experience from every angle. Do not miss this amazing find. It comes equipped with a 2.0L 4-cylinder Engine paired to a 6-speed Automatic Transmission, Sport Package (with 17 Cosmos Spoke Black Wheels, Dynamic Damper Control, LED Fog Lights, LED Headlights), Heated Front Seats, Harman Kardon Premium Sound System, Piano Black Interior Surface, Chrome Line Interior, Cruise Control, Steering Wheel Controls, AM/FM Radio, Power Windows, Power Locks, Air Conditioning and so much more. Every NY Auto Find vehicle comes with a complimentary Limited Warranty and a Carfax Vehicle Report. Our vehicles are priced to sell quickly. Please call to check availability and schedule an appointment. -","[PREMIUM]","[PREMIUM]",149,
"WAU67LFFXG1106234FG8PEPBJUA20260902","2026-09-04 14:19:18.665","2026-09-04 14:19:18.665","[PREMIUM]","[PREMIUM]","1004",2016,"Audi","A3","Premium",,"Convertible","White","Black","4 Cyl","1.8 L","FWD","Automatic","Gasoline",80196,"[PREMIUM]","[PREMIUM]",12030,"FAIR","Used",,,24,35,28,,true,,,"['{""ownerNumber"":1,""purchaseDate"":""08/01/16"",""endOwnershipDate"":""06/09/17"",""city"":""Chattanooga"",""state"":""TN""}','{""ownerNumber"":2,""purchaseDate"":""08/14/17"",""endOwnershipDate"":""06/27/26"",""city"":""Tampa"",""state"":""FL""}']",18,22,0,"2026-09-02","ENHANCED","USED",,"[PREMIUM]","Tampa","FL","33612","[PREMIUM]",,,"FG8PEPBJUA","[PREMIUM]","[PREMIUM]","[PREMIUM]","[PREMIUM]","[PREMIUM]","ADVANTAGE",,,,,"[PREMIUM]","[PREMIUM]",22,"['Navigation System','Keyless Entry','Fog Lights','Leather Seats','Heated Seats','Alloy Wheels','17 Inch Wheels','Heated Mirrors','Satellite Radio','9 Speakers']",10,"['2nd Row Split/Folding Seats','4-Wheel Disc Brakes','4-Wheel Independent Suspension','AM/FM','Adjustable Steering Wheel','Air Conditioning','All-Weather Floor Mats','Anti-Lock Brakes','Anti-Theft System','Auto Climate Control','Body Colored Bumpers','Braking Assist','CD (Single Disc)','Cruise Control','Delay-Off Headlights','Digital Instrument Cluster','Door Bin','Dual-Zone Climate Control','First Aid Kit','Front Airbags (Driver)','Front Airbags (Passenger)','Front Anti-Roll Bar','Front Bucket Seats','Front Center Armrest','Front Side Airbags (Driver)','Front Side Airbags (Passenger)','Head Restraint Whiplash Protection','High Intensity Discharge Headlights','Illuminated Entry','Keyless Ignition','Leather Shift Knob Trim','Leather Steering Wheel','Leather Trimmed Interior','MMI Navigation Plus Package','Memorized Settings','Multimedia Interface','Panic Button','Passenger Sensing Airbag','Passive Keyless Entry','Power Mirrors','Power Steering','Power Top','Power Windows','Radio Data System','Rain-Sensing Wipers','Reading Lights','Rear Anti-Roll Bar','Rear Window Defroster','Rear-View Camera','Remote Keyless Entry','Rollover Protection Bars','Safety Package','Speed-Sensing Steering','Stability Control','Steering Wheel Controls','Tachometer','Telematics System','Thermometer','Tire Pressure Monitoring System','Traction Control','Trip Computer','Turn Signal Mirrors','Ultra Low Emissions Vehicle II','Vanity Mirror/Light']",64,"This 2016 Audi A3 1.8T Premium offers refined German engineering in an elegant white exterior that commands attention wherever you drive.<br /><br />- Audi MMI Navigation Plus with online services and MMI Touch control<br />- Audi Advanced Key for keyless entry, start, and stop<br />- Heated front seats for comfort in cooler months<br />- High Intensity Discharge Xenon Plus headlights<br />- Power convertible roof with integrated roll-over protection<br />- Exterior parking camera for rear visibility<br />- Automatic temperature control with front dual zone air conditioning<br />- 9-speaker sound system with SiriusXM satellite radio<br />- Audi Music Interface with Lightning Adapter Cable<br />- Leather steering wheel and shift knob<br />- Stainless steel pedal caps<br />- Speed-sensing steering and electronic stability control<br />- Rain-sensing wipers with variable intermittent operation<br />- Audi Guard all-weather floor mats<br />- 7.5"" x 17"" 5-spoke alloy wheels<br /><br />The turbocharged 1.8L four-cylinder engine delivers 170 horsepower with impressive efficiency, achieving 24 miles per gallon in the city and 35 on the highway. The six-speed S tronic automatic transmission provides responsive shifting and smooth acceleration for both daily commuting and weekend drives.<br /><br />This A3 combines striking convertible design with practical daily driving capability. The power convertible roof with glass rear window lets you enjoy open-air motoring, while the split-folding rear seat and well-appointed interior provide versatility and comfort for passengers and cargo alike.<br /><br />The comprehensive safety package includes dual front impact airbags, dual front side impact airbags, anti-whiplash front head restraints, four-wheel independent suspension, and four-wheel disc brakes with ABS. Electronic stability control and traction control work together to maintain confident handling in various driving conditions.<br /><br />Premium touches throughout the cabin—including leather seating surfaces, leather steering wheel, telescoping tilt steering, and illuminated entry—create an upscale environment that reflects Audi's attention to detail and commitment to driver satisfaction.<br /><br />This 2016 A3 1.8T Premium combines style, performance, and reliability into a compelling package ready for your next chapter of driving pleasure.","[PREMIUM]","[PREMIUM]",142.25,
"JM1NDAB79G0117824VQWUNG7CKZ20260902","2026-09-04 14:19:18.658","2026-09-04 14:19:18.658","[PREMIUM]","[PREMIUM]","LVWTG0117824",2016,"Mazda","Miata","Sport",,"Convertible","Red","Black","4 Cyl","2.0 L","RWD","Manual","Gasoline",101258,"[PREMIUM]","[PREMIUM]",15470,"GOOD","Used",,,27,34,30,,true,true,,"['{""ownerNumber"":1,""purchaseDate"":""07/21/16"",""endOwnershipDate"":""02/24/20"",""city"":""Aurora"",""state"":""CO""}','{""ownerNumber"":2,""purchaseDate"":""04/18/20"",""endOwnershipDate"":""09/02/26"",""city"":""Denver"",""state"":""CO""}']",22,9,0,"2026-09-02","ENHANCED","NEW",true,"[PREMIUM]","Lakewood","CO","80214","[PREMIUM]",4.4,640,"VQWUNG7CKZ","[PREMIUM]","[PREMIUM]","[PREMIUM]","[PREMIUM]","[PREMIUM]","TOPRATED","GOOD","AVERAGE","AVERAGE",440,"[PREMIUM]","[PREMIUM]",9,"['Keyless Entry','Bucket Seats','Wind Deflector','Alloy Wheels','Led Lights','16 Inch Wheels','Keyless Ignition','Power Top','Cloth Seats']",9,"['4-Wheel Disc Brakes','4-Wheel Independent Suspension','6 Speakers','AM/FM','Adjustable Seats','Adjustable Steering Wheel','Advanced Front-Lighting System','Air Conditioning','Anti-Lock Brakes','Automatic Headlights','Aux Audio Adapter','Body Colored Bumpers','Braking Assist','CD (Single Disc)','Cloth Upholstery','Cruise Control','Daytime Running Lights','Engine Immobilizer','Floor Mats','Front Airbags (Driver)','Front Airbags (Passenger)','Front Anti-Roll Bar','Front Bucket Seats','Front Center Armrest','Front Side Airbags (Driver)','Front Side Airbags (Passenger)','Handsfree/Bluetooth Integration','High Performance Tires','Illuminated Entry','Intermittent Wipers','Leather Shift Knob Trim','Leather Steering Wheel','Panic Button','Passenger Sensing Airbag','Power Locks','Power Mirrors','Power Steering','Power Windows','Rear Anti-Roll Bar','Rear Window Defroster','Remote Keyless Entry','Silver Wheels','Soft Top','Speed-Sensing Steering','Sport Steering Wheel','Stability Control','Steering Wheel Controls','Tachometer','Thermometer','Tire Pressure Monitoring System','Traction Control','Trip Computer','Vanity Mirror/Light']",53,"This 2016 Mazda Miata Sport delivers spirited open-air driving with a responsive 2.0L engine and smooth 6-speed automatic transmission. With an impressive 36 highway mpg, this two-seater combines efficiency with the pure joy of convertible motoring. Finished in striking Soul Red Metallic, it's ready to turn heads on any road.- Soul Red Metallic Paint- Power convertible roof with wind blocker- 6-speed automatic transmission with sport tuning- Sport steering wheel with audio controls- Advanced keyless entry and remote access- Air conditioning with rear window defroster- 16 silver aluminum alloy wheels- Four-wheel independent suspension- Electronic stability and traction control- Dual front airbags with side-impact protectionThis Miata has been well-maintained and is prepared for immediate enjoyment. The cabin features comfortable front bucket seats with a center armrest, while the AM/FM stereo with CD player keeps you entertained. Modern conveniences like speed control, tilt steering, and a trip computer round out the driving experience.Come experience the thrill of this classic roadster in person. Whether you're seeking weekend adventure or spirited daily driving, this Miata Sport delivers an unforgettable experience. Visit us today to take it for a spin.","[PREMIUM]","[PREMIUM]",174,
"2G1FD3D34F9291727SBUW5JL00120260902","2026-09-04 14:19:18.656","2026-09-04 14:19:18.656","[PREMIUM]","[PREMIUM]","P10625",2015,"Chevrolet","Camaro","LT","1LT","Convertible","Red","Black","6 Cyl","3.6 L","RWD","Automatic","Gasoline",92512,"[PREMIUM]","[PREMIUM]",15710,"GOOD","Used",,,,,,,true,,,"['{""ownerNumber"":1,""purchaseDate"":""08/25/15"",""endOwnershipDate"":""08/29/16"",""city"":""Honolulu"",""state"":""HI""}','{""ownerNumber"":2,""purchaseDate"":""10/18/16"",""endOwnershipDate"":""11/16/17"",""city"":""Denver"",""state"":""CO""}','{""ownerNumber"":3,""purchaseDate"":""11/16/17"",""endOwnershipDate"":""10/15/23"",""city"":""Denver"",""state"":""CO""}','{""ownerNumber"":4,""purchaseDate"":""01/02/24"",""endOwnershipDate"":""08/19/26"",""city"":""Denver"",""state"":""CO""}']",14,1,0,"2026-09-02","ENHANCED","USED",true,"[PREMIUM]","Colorado Springs","CO","80909","[PREMIUM]",4.7,74,"SBUW5JL001","[PREMIUM]","[PREMIUM]","[PREMIUM]","[PREMIUM]","[PREMIUM]","TOPRATED","GOOD","AVERAGE","AVERAGE",390,"[PREMIUM]","[PREMIUM]",1,"['Preferred Equipment Package','Remote Start','Navigation System','Keyless Entry','Fog Lights','Spoiler','Dual Exhaust','18 Inch Wheels','19 Inch Wheels','Alloy Wheels']",10,"['4-Wheel Disc Brakes','4-Wheel Independent Suspension','7 Speakers','AM/FM','Adjustable Seats','Adjustable Steering Wheel','Air Conditioning','Anti-Lock Brakes','Anti-Theft System','Automatic Headlights','Body Colored Bumpers','Braking Assist','Chevrolet MyLink','Child Seat Anchors','Cloth Seats','Cloth Upholstery','Compass','Cruise Control','Cup Holder','Delay-Off Headlights','Door Bin','Emergency Communication System','Floor Mats','Front Airbags (Driver)','Front Airbags (Passenger)','Front Anti-Roll Bar','Front Bucket Seats','Front Center Armrest','Front Side Airbags (Driver)','Front Side Airbags (Passenger)','Illuminated Entry','Intermittent Wipers','Leather Shift Knob Trim','Leather Steering Wheel','Maintenance Free Battery','OnStar Communication System','Panic Button','Parking Assist System','Passenger Sensing Airbag','Power Locks','Power Mirrors','Power Seat (Dual)','Power Steering','Power Top','Power Windows','Premium Sound System','Radio Data System','Reading Lights','Rear Anti-Roll Bar','Rear Parking Sensors','Rear Window Defroster','Rear-View Camera','Remote Keyless Entry','Satellite Radio','Speed-Sensing Steering','Sport Seats','Stability Control','Steering Wheel Controls','Tachometer','Telematics System','Thermometer','Tire Pressure Monitoring System','Touch-Screen Sound System','Traction Control','Trip Computer','USB Audio Interface','Vanity Mirror/Light']",67,,"[PREMIUM]","[PREMIUM]",122.25,
"1FATP8UH2F5433182HVGEFNXBQW20260828","2026-09-04 12:19:18.456","2026-09-04 12:19:18.456","[PREMIUM]","[PREMIUM]","433182",2015,"Ford","Mustang","Unspecified","Premium","Convertible","Gray","Black","4 Cyl","2.3 L","RWD","Automatic","Gasoline",201423,"[PREMIUM]","[PREMIUM]",8170,,"Used",,,20,29,24,,true,,,"['{""ownerNumber"":1,""purchaseDate"":""02/29/16"",""endOwnershipDate"":""10/28/24"",""city"":""Malvern"",""state"":""AR""}','{""ownerNumber"":2,""purchaseDate"":""10/28/24"",""endOwnershipDate"":""08/11/26"",""city"":""Hot Springs National Park"",""state"":""AR""}']",13,20,1,"2026-08-28","ENHANCED","USED",true,"[PREMIUM]","Cabot","AR","72023","[PREMIUM]",3.2,20,"HVGEFNXBQW","[PREMIUM]","[PREMIUM]","[PREMIUM]","[PREMIUM]","[PREMIUM]","ADVANTAGE",,,,,"[PREMIUM]","[PREMIUM]",20,"['Ecoboost','Fog Lights','Leather Seats','Tinted Windows','Folding Mirrors','Dual Exhaust','Heated Mirrors','Black Grille','Side Airbag','Power Top']",10,"['12V Power Outlet','3-Point Seat Belts','4-Wheel Disc Brakes','Adjustable Headrests','Adjustable Steering Wheel','Air Conditioning','Air Filtration','Airbags','Alloy/Leather Shift Knob Trim','Aluminum Dash Trim','Aluminum Interior Accents','Aluminum Shift Knob Trim','Antenna','Anti-Lock Brakes','Anti-Theft System','Auto Climate Control','Auto-Dimming Mirror','Automatic Headlights','Body Colored Bumpers','Body Colored Door Handles','Braking Assist','Cargo Area Light','Chrome Trimmed Interior','Color Coded Mirrors','Compass','Console','Cruise Control','Cup Holder','Delay-Off Headlights','Delayed Accessory Power','Digital Instrument Cluster','Door Bin','Driver Foot Rest','Dual-Stage Front Airbags','Dual-Zone Climate Control','Engine Immobilizer','Fade-To-Off Interior Lighting','Floor Mats','Front Anti-Roll Bar','Front Center Armrest','Front Headrests','Front Knee Airbags (Driver)','Front Knee Airbags (Passenger)','Front Side Airbags','Front Ventilated Disc Brakes','High Intensity Discharge Headlights','High-Beam Assist','Hill Assist System','Illuminated Entry','Illuminated Glove Box','Independent Suspension','Integrated Garage Door Opener','LED Tail Lights','Leather/Aluminum Steering Wheel Trim','Leatherette Door Trim','Leatherette Seats','Locking Glove Box','Low Fuel Level Indicator','Maintenance Free Battery','Multi-Link Suspension','MyKey System','Passenger Sensing Airbag','Power Mirrors','Power Seat (Dual)','Power Steering','Reading Lights','Rear Anti-Roll Bar','Rear Bench Seat','Rear Headrests','Rear Stabilizer Bar','Rear Ventilated Disc Brakes','Rear Window Defroster','Rear-View Camera','Remote Trunk Release','Seat Belt Pretensioners','Seat Belt Warning System','Side Impact Door Beam','Speed-Sensing Steering','Spotter Mirrors','Thermometer','Tire Pressure Monitoring System','Turn Signal Mirrors','Vanity Mirror/Light']",83,"Buckle up and get ready to feel the power of this sleek, stylish 2015 Ford Mustang as you hit the open road. This gray beauty is not just a car, it's a statement, a symbol of speed and sophistication. With its 2.3L EcoBoost engine roaring under the hood, this Mustang is a force to be reckoned with.Feel the pavement beneath you as you take command of the rear-wheel drive and navigate with precision thanks to the 3.31 Axle Ratio. The driver control ride control suspension gives you a smooth, responsive driving experience, while the electric power-assist speed-sensing steering makes every curve and corner a thrill.As you cruise along, you'll turn heads with the Mustang's sleek exterior design, featuring body-colored accents and striking black grille. The power convertible top adds a touch of luxury, allowing you to enjoy the wind in your hair as you make your way down the road.Step inside the cabin and sink into the plush leather seats, feeling the quality craftsmanship all around you. Dual zone front automatic air conditioning keeps you comfortable no matter the weather outside, while the leather/aluminum steering wheel adds a touch of elegance to your driving experience.Jam out to your favorite tunes with the advanced audio system, complete with streaming capabilities and two LCD monitors in the front for easy access to entertainment. Safety is a top priority in this Mustang, with features like side impact beams, airbags throughout the cabin, and a back-up camera for added peace of mind.Whether you're cruising down the highway or turning heads in the city, this 2015 Ford Mustang is sure to make every drive an exhilarating experience. Don't just drive, make a statement with this stunning gray Mustang that offers power, style, and performance in one irresistible package. Visit Elite Auto Group to shop our great deals. You can contact us or call 501-286-3073 to schedule your test drive today.","[PREMIUM]","[PREMIUM]",126.95,
"2G1FF3D36F92067701EWA27VZA120260901","2026-09-04 12:19:18.420","2026-09-04 12:19:18.420","[PREMIUM]","[PREMIUM]","66345A",2015,"Chevrolet","Camaro","LT","2LT","Convertible","Black","Gray","6 Cyl","3.6 L","RWD","Automatic","Gasoline",162588,"[PREMIUM]","[PREMIUM]",12250,"FAIR","Used",,,,,,,true,,,"['{""ownerNumber"":1,""purchaseDate"":""02/02/15"",""endOwnershipDate"":""03/07/16"",""city"":""Orlando"",""state"":""FL""}','{""ownerNumber"":2,""purchaseDate"":""03/26/16"",""endOwnershipDate"":""04/18/17"",""city"":""Lawrenceville"",""state"":""GA""}','{""ownerNumber"":3,""purchaseDate"":""05/31/17"",""endOwnershipDate"":""06/27/26"",""city"":""Smiths Grove"",""state"":""KY""}']",23,27,0,"2026-09-01","ENHANCED","NEW",true,"[PREMIUM]","Paris","KY","40361","[PREMIUM]",4.7,2315,"1EWA27VZA1","[PREMIUM]","[PREMIUM]","[PREMIUM]","[PREMIUM]","[PREMIUM]","TOPRATED","GREAT","AVERAGE","LOW",400,"[PREMIUM]","[PREMIUM]",27,"['RS Package','Preferred Equipment Package','Remote Start','Navigation System','Keyless Entry','Fog Lights','Spoiler','Leather Seats','Heated Seats','Dual Exhaust']",10,"['19 Inch Wheels','20 Inch Wheels','4-Wheel Disc Brakes','4-Wheel Independent Suspension','8 Speakers','AM/FM','Adjustable Seats','Adjustable Steering Wheel','Air Conditioning','Alloy Wheels','Anti-Lock Brakes','Anti-Theft System','Auto-Dimming Mirror','Automatic Headlights','Body Colored Bumpers','Boston Acoustic Sound System','Braking Assist','Chevrolet MyLink','Child Seat Anchors','Compass','Cruise Control','Cup Holder','Daytime Running Lights','Delay-Off Headlights','Digital Instrument Cluster','Door Bin','Emergency Communication System','Floor Mats','Front Airbags (Driver)','Front Airbags (Passenger)','Front Anti-Roll Bar','Front Bucket Seats','Front Center Armrest','Front Side Airbags (Driver)','Front Side Airbags (Passenger)','Head-Up Display','Heated Mirrors','High Intensity Discharge Headlights','Illuminated Entry','Integrated Garage Door Opener','Intermittent Wipers','Leather Shift Knob Trim','Leather Steering Wheel','Leather Trimmed Interior','Maintenance Free Battery','OnStar Communication System','Panic Button','Parking Assist System','Passenger Sensing Airbag','Power Locks','Power Mirrors','Power Seat (Dual)','Power Steering','Power Top','Power Windows','Radio Data System','Reading Lights','Rear Anti-Roll Bar','Rear Parking Sensors','Rear Window Defroster','Rear-View Camera','Remote Keyless Entry','Satellite Radio','Speed-Sensing Steering','Sport Seats','Stability Control','Steering Wheel Controls','Tachometer','Telematics System','Thermometer','Tire Pressure Monitoring System','Touch-Screen Sound System','Traction Control','Trip Computer','USB Audio Interface','Vanity Mirror/Light']",76,"**THIS VEHICLE HAS BEEN INSPECTED by our ASE technicians who performed a lube and oil change, mounted and balanced 2 new tires, replaced rear brake pads and rear brake rotors, replaced engine air filter, and replaced wiper blades.**","[PREMIUM]","[PREMIUM]",129.25,"Accident Reported: Moderate Damage"
"WBA1K5C56FV474093ISEOXOBR5X20260828","2026-09-04 12:19:18.419","2026-09-04 12:19:18.419","[PREMIUM]","[PREMIUM]","2770",2015,"BMW","2 Series","228i",,"Convertible","Black","Black","4 Cyl","2.0 L","RWD","Automatic","Gasoline",92778,"[PREMIUM]","[PREMIUM]",12040,,"Used",,,23,33,26,,true,true,,"['{""ownerNumber"":1,""purchaseDate"":""09/16/15"",""endOwnershipDate"":""11/05/18"",""city"":""Allen"",""state"":""TX""}','{""ownerNumber"":2,""purchaseDate"":""02/19/19"",""endOwnershipDate"":""11/21/23"",""city"":""Abilene"",""state"":""TX""}','{""ownerNumber"":3,""purchaseDate"":""06/03/25"",""endOwnershipDate"":""08/28/26"",""city"":""Arvada"",""state"":""CO""}']",24,14,1,"2026-08-28","ENHANCED","USED",true,"[PREMIUM]","Denver","CO","80222","[PREMIUM]",3.6,5,"ISEOXOBR5X","[PREMIUM]","[PREMIUM]","[PREMIUM]","[PREMIUM]","[PREMIUM]","ADVANTAGE",,,,,"[PREMIUM]","[PREMIUM]",14,"['Navigation System','Keyless Entry','Fog Lights','Leather Seats','Heated Seats','Heated Steering Wheel','Tinted Windows','Folding Mirrors','Dual Exhaust','Alloy Wheels']",10,"['12V Power Outlet','Active Suspension','Air Conditioning','Anti-Lock Brakes','Anti-Theft System','Auto Climate Control','Automatic Headlights','Aux Audio Adapter','CD (Single Disc)','Child Seat Anchors','Cruise Control','Damage Reported','Daytime Running Lights','Dual-Zone Climate Control','Emergency Braking Preparation','Floor Mats','Front Parking Sensors','HD Radio','Handsfree/Bluetooth Integration','Harman/Kardon Sound System','Headlight Washers','Heated Mirrors','High Intensity Discharge Headlights','High-Beam Assist','Integrated Garage Door Opener','Keyless Ignition','LED Tail Lights','Leatherette Seats','MP3','Paddle Shifter','Power Locks','Power Mirrors','Power Seat (Dual)','Power Windows','Previously Salvaged','Rain-Sensing Wipers','Rear Parking Sensors','Rear Spoiler','Rear-View Camera','Regenerative Braking System','Remote Keyless Entry','Remote Trunk Release','Satellite Radio','Smart Key','Soft Top','Sport Suspension','Stability Control','Surround Audio','Touch-Screen Sound System','Traction Control','Traffic Sign Recognition','USB Audio Interface','Windshield Wiper Heater']",53,"<br />2.0L 4CYL Engine <br />Rear-Wheel Drive <br />Automatic Transmission <br />Leather Seats <br />Heated Seats <br />Premium Audio System <br />Bluetooth Compatible <br />Cold A/C &amp; Good Tires <br />Tinted Windows <br />Fresh Detail &amp; Oil Change <br />STATE INSPECTED <br /> <br />REBUILT TITLE - Previous front-end damage, fully repaired, inspected, and runs excellent. <br /> <br />FREE 3-Month / 3,000-Mile Limited Powertrain Warranty <br />Warranty applies at ASKING PRICE ONLY (Engine &amp; Transmission) <br /> <br />Easy Payment Options: <br />Cash <br />Personal Checks <br />Debit / Credit (2% processing fee) <br />Cashier's Check &amp; Zelle <br />CashApp &amp; Venmo <br /> <br />FINANCING AVAILABLE - BANK ONLY (NO IN-HOUSE FINANCING) <br />Same-day approvals <br />Bad Credit / No Credit Options Available <br />Valid U.S. Driver's License <br />SSN or ITIN <br />No out-of-state financing <br /> <br />VEHICLE RESERVATION POLICY <br />$500 NON-REFUNDABLE DEPOSIT required to reserve <br />Deposit applies toward purchase price <br />High demand - vehicles NOT held without deposit <br /> <br />No Appointment Needed - Walk-Ins Welcome <br />Monday-Saturday | 10AM-7PM <br />2120 S Holly St, Suite 100, Denver, CO 80222 <br /> <br />View inventory &amp; apply online: <br />megastarauto.com/inventory <br /> <br />Call or Text: 720-902-6996 <br />HABLAMOS ESPANOL <br />Extended Warranties Available <br /> <br />First come, first served - vehicle may sell at any time <br /> <br />Mega Star Auto Sales <br />2120 South Holly Street, Suite 100, Denver","[PREMIUM]","[PREMIUM]",132.2,
"WAUMFAFH0FN010216DGVU9XWJT620260826","2026-09-04 12:19:18.407","2026-09-04 12:19:18.407","[PREMIUM]","[PREMIUM]","010216",2015,"Audi","A5","Premium Plus",,"Convertible","Blue","Gray","4 Cyl","2.0 L","AWD","Automatic","Gasoline",109491,"[PREMIUM]","[PREMIUM]",12040,,"Used",,,21,29,24,true,true,,,"['{""ownerNumber"":1,""purchaseDate"":""05/19/15"",""endOwnershipDate"":""06/25/15"",""state"":""MI""}','{""ownerNumber"":2,""purchaseDate"":""06/25/15"",""endOwnershipDate"":""03/13/18"",""state"":""CT""}','{""ownerNumber"":3,""purchaseDate"":""04/06/18"",""endOwnershipDate"":""08/20/26"",""city"":""Ridgefield"",""state"":""CT""}']",15,55,2,"2026-08-26","ENHANCED","USED",,"[PREMIUM]","Lakewood","NJ","08701","[PREMIUM]",4,1,"DGVU9XWJT6","[PREMIUM]","[PREMIUM]","[PREMIUM]","[PREMIUM]","[PREMIUM]","ADVANTAGE",,,,,"[PREMIUM]","[PREMIUM]",55,"['Keyless Entry','Fog Lights','Leather Seats','Heated Seats','Bucket Seats','Tinted Windows','Folding Mirrors','Dual Exhaust','18 Inch Wheels','Wind Deflector']",10,"['12V Power Outlet','3-Point Seat Belts','4-Wheel Disc Brakes','AM/FM','Adjustable Headrests','Adjustable Seats','Adjustable Steering Wheel','Air Conditioning','Air Filtration','All-Season Tires','Alloy Wheels','Alloy/Leather Shift Knob Trim','Aluminum Dash Trim','Aluminum Door Trim','Aluminum Shift Knob Trim','Anti-Lock Brakes','Anti-Theft System','Auto Climate Control','Auto-Dimming Mirror','Automatic Headlights','Aux Audio Adapter','Black Grille','Body Colored Door Handles','Braking Assist','CD (Single Disc)','Cargo Area Light','Cargo Area Under Floor','Chrome Front Grill','Chrome Trimmed Interior','Cigarette Lighter','Color Coded Mirrors','Compact Spare Tire','Console','Cooled Glove Box','Cruise Control','Cup Holder','Delay-Off Headlights','Delayed Accessory Power','Digital Instrument Cluster','Door Bin','Driver Adjustable Lumbar','Driver Foot Rest','Dual-Stage Front Airbags','Dual-Zone Climate Control','Electric Parking Brake','Engine Immobilizer','Fade-To-Off Interior Lighting','Floor Mats','Front Airbags (Driver)','Front Airbags (Passenger)','Front Anti-Roll Bar','Front Bench Seat','Front Bucket Seats','Front Center Armrest','Front Knee Airbags (Driver)','Front Knee Airbags (Passenger)','Front One-Touch Power Windows','Front Side Airbags','Front Side Airbags (Driver)','Front Ventilated Disc Brakes','HD Radio','Handsfree/Bluetooth Integration','High Performance Tires','Hill Assist System','Illuminated Entry','Illuminated Glove Box','Integrated Garage Door Opener','Keyless Ignition','Leather Steering Wheel','Leatherette Door Trim','Locking Glove Box','MP3','Maintenance Free Battery','Metal-Look Dash Trim','Multi-Link Suspension','Multi-Zone Climate Control','One-Touch Power Windows','Panic Button','Pass-Through Rear Seat','Passenger Sensing Airbag','Power Locks','Power Mirrors','Power Seat (Dual)','Power Steering','Power Top','Rain-Sensing Wipers','Reading Lights','Rear Air Conditioning','Rear Anti-Roll Bar','Rear Bench Seat','Rear Headrests','Rear One-Touch Power Windows','Rear Power Windows','Rear Stabilizer Bar','Rear Window Defroster','Remote Fuel Door Release','Remote Keyless Entry','Rollover Protection Bars','Satellite Radio','Seat Belt Pretensioners','Side Airbag','Side Impact Door Beam','Soft Top','Speed-Sensing Steering','Split/Folding Seats','Stability Control','Steel Spare Wheel Rim','Steering Wheel Controls','Tachometer','Thermometer','Tire Pressure Monitoring System','Traction Control','Trip Computer','Trip Odometer','Turn Signal Mirrors','Valet Function','Vanity Mirror/Light','Windshield Wiper Heater']",118,"4 Cylinder Engine,ABS,4-Wheel Disc Brakes,8-Speed A/T,A/C,A/T,Adjustable Steering Wheel,Security System,All Wheel Drive,Aluminum Wheels,AM/FM Stereo,Transmission w/Dual Shift Mode,Automatic Headlights,Auxiliary Audio Input,Brake Assist,Bucket Seats,CD Player,Climate Control,Temporary Spare Tire,Convertible Soft Top,Cruise Control,Driver Air Bag,Driver Illuminated Vanity Mirror,Driver Adjustable Lumbar,Driver Vanity Mirror,Multi-Zone A/C,Stability Control,Fog Lamps,Floor Mats,Gasoline Fuel,HD Radio,Heated Front Seat(s),Integrated Turn Signal Mirrors,Intermittent Wipers,Keyless Entry,Knee Air Bag,Leather Seats,Leather Steering Wheel,MP3 Player,Pass-Through Rear Seat,Passenger Air Bag,Passenger Air Bag Sensor,Passenger Illuminated Visor Mirror,Passenger Vanity Mirror,Power Door Locks,Power Mirror(s),Power Driver Seat,Power Passenger Seat,Power Steering,Power Windows,Rain Sensing Wipers,Rear A/C,Rear Bench Seat,Rear Defrost,Requires Subscription,Rollover Protection Bars,Satellite Radio,Front Side Air Bag,Steering Wheel Audio Controls,Tire Pressure Monitor,Tires - Front Performance,Tires - Rear Performance,Traction Control,Trip Computer,Turbocharged,Universal Garage Door Opener,Variable Speed Intermittent Wipers,Engine Immobilizer,Bluetooth Connection,Aluminum Side Windows Trim and Aluminum Front Windshield Trim,Black Grille w/Chrome Surround,Body-Colored Door Handles,Body-Colored Power Side Mirrors w/Manual Folding and Turn Signal Indicator,Clearcoat Paint,Compact Spare Tire Mounted Inside Under Cargo,Fixed Rear Window w/Defroster,Front Fog Lamps,Galvanized Steel/Aluminum Panels,Light Tinted Glass,Perimeter/Approach Lights,Power Convertible Top w/Lining, Glass Rear Window, Automatic Roll-Over Protection and Manual Wind Blocker,Programmable Projector Beam Headlamps w/Delay-Off,Speed Sensitive Rain Detecting Variable Intermittent Wipers w/Heated Jets,Steel Spare Wheel,Tires: P245/40R18 AS,Trunk Rear Cargo Access,Wheels: 8.5J x 18"" 10-Spoke-Design,2 Seatback Storage Pockets,3 12V DC Power Outlets,50-50 Folding Bench Front Facing Fold Forward Seatback Rear Seat,Air Filtration,Analog Appearance,Ashtray,Cargo Space Lights,Carpet Floor Trim and Carpet Trunk Lid/Rear Cargo Door Trim,Cruise Control,Day-Night Rearview Mirror,Delayed Accessory Power,Driver And Passenger Visor Vanity Mirrors w/Driver And Passenger Illumination,Driver Foot Rest,Driver Seat,Dual Zone Front Automatic Air Conditioning,Fade-To-Off Interior Lighting,FOB Controls -inc: Cargo Access and Windows,Front And Rear Map Lights,Front Bucket Seats -inc: 8-way power driver seat w/4-way power lumbar, 8-way power passenger seat and adjustable head restraints,Front Cigar Lighter(s),Front Cupholder,Full Carpet Floor Covering -inc: Carpet Front And Rear Floor Mats,Full Cloth Headliner,Full Floor Console w/Covered Storage, Rear Console and 3 12V DC Power Outlets,Gauges -inc: Speedometer, Odometer, Engine Coolant Temp, Tachometer, Oil Level, Trip Odometer and Trip Computer,Heated Front Seats,HomeLink Garage Door Transmitter,HVAC -inc: Underseat Ducts and Console Ducts,Illuminated Locking Glove Box,Immobilizer III Engine Immobilizer,Interior Trim -inc: Metal-Look Instrument Panel Insert, Aluminum Door Panel Insert, Aluminum Console Insert and Chrome/Metal-Look Interior Accents,Leather Seating Surfaces,Leather Steering Wheel,Leather/Aluminum Gear Shifter Material,Leatherette Door Trim Insert,Manual Adjustable Rear Head Restraints,Manual Tilt/Telescoping Steering Column,Outside Temp Gauge,Passenger Seat,Perimeter Alarm,Power 1st Row Windows w/Front And Rear 1-Touch Up/Down,Power Door Locks w/Autolock Feature,Power Fuel Flap Locking Type,Power Rear Windows,Rear Cupholder,Rear HVAC w/Separate Controls,Redundant Digital Speedometer,Refrigerated/Cooled Box Located In The Glovebox, Driver And Passenger Door Bins,Remote Keyless Entry w/Integrated Key Transmitter, 2 Door Curb/Courtesy, Illuminated Entry and Panic Button,Sliding Front Center Armrest,Systems Monitor,Trip Computer,Valet Function,150 Amp Alternator,16.1 Gal. Fuel Tank,2.85 Axle Ratio,4-Wheel Disc Brakes w/4-Wheel ABS, Front Vented Discs, Brake Assist, Hill Hold Control and Electric Parking Brake,80-Amp/Hr Maintenance-Free Battery w/Run Down Protection,Dual Stainless Steel Exhaust,Electric Power-Assist Speed-Sensing Steering,Engine Oil Cooler,Engine: 2.0L TFSI 4 Cylinder -inc: FSI direct injection, DOHC and Audi valvelift system on exhaust valves,Front And Rear Anti-Roll Bars,Full-Time All-Wheel,Gas-Pressurized Shock Absorbers,Multi-Link Front Suspension w/Coil Springs,Multi-Link Rear Suspension w/Coil Springs,Transmission: 8-Speed Automatic w/Tiptronic -inc: additional sport program and manual shift mode,ABS And Driveline Traction Control,Airbag Occupancy Sensor,Driver And Passenger Side Airbag Head Extension, Driver And Passenger Knee Airbag,Dual Stage Driver And Passenger Front Airbags,Dual Stage Driver And Passenger Seat-Mounted Side Airbags,Electronic Stability Control (ESC),Outboard Front Lap And Shoulder Safety Belts -inc: Pretensioners,Side Impact Beams,Tire Specific Low Tire Pressure Warning","[PREMIUM]","[PREMIUM]",150,
"WBA3T3C50FP738309YW33KVWR4B20260903","2026-09-04 12:19:18.393","2026-09-04 12:19:18.393","[PREMIUM]","[PREMIUM]","738309",2015,"BMW","4 Series","435i",,"Convertible","Silver","Black","6 Cyl","3.0 L","RWD","Automatic","Gasoline",153778,"[PREMIUM]","[PREMIUM]",11160,"GREAT","Used",,,20,30,24,,true,,,"['{""ownerNumber"":1,""purchaseDate"":""12/09/14"",""endOwnershipDate"":""12/14/16"",""state"":""MD""}','{""ownerNumber"":2,""purchaseDate"":""03/28/17"",""endOwnershipDate"":""02/20/23"",""city"":""Washington"",""state"":""DC""}','{""ownerNumber"":3,""purchaseDate"":""04/13/23"",""endOwnershipDate"":""06/22/26"",""city"":""Lexington Park"",""state"":""MD""}','{""ownerNumber"":4,""purchaseDate"":""06/22/26"",""endOwnershipDate"":""07/15/26"",""state"":""WV""}']",31,40,0,"2026-09-03","ENHANCED","USED",true,"[PREMIUM]","Griffith","IN","46319","[PREMIUM]",,,"YW33KVWR4B","[PREMIUM]","[PREMIUM]","[PREMIUM]","[PREMIUM]","[PREMIUM]","TOPRATED",,,,,"[PREMIUM]","[PREMIUM]",40,"['Technology Package','Premium Package','Driver Assistance Package','Cold Weather Package','Navigation System','Keyless Entry','Fog Lights','Leather Seats','Heated Seats','Heated Steering Wheel']",10,"['Adaptive Cruise Control','Adaptive Headlights','Air Conditioning','Auto Climate Control','Auto-Dimming Mirror','Confidence Package','Dual Exhaust','Handsfree/Bluetooth Integration','Hard Top','Head-Up Display','Headlight Washers','Keyless Ignition','Leather Steering Wheel','Paddle Shifter','Parking Sensors','Power Seat (Dual)','Power Steering','Premium Sound System','Real-Time Traffic','Rear-View Camera','Satellite Radio','Seat Memory','Sport Suspension','Turn Signal Mirrors','USB Audio Interface']",25,"Sporty luxury convertible combining BMWs turbocharged inline-six performance rear-wheel drive premium comfort and open-air driving. Runs and drives great. Clean title never been in any major accidents! Walkaround Video - https://youtu.be/IleNo5c78tA 3.0L Turbocharged I6 (300 hp / 300 lb-ft) 8-Speed Automatic Transmission Rear-Wheel Drive Convertible Hardtop Premium Package Technology Package Cold Weather Package Driver Assistance Package Adaptive Cruise Control Adaptive Headlights Head-Up Display Navigation System Premium Sound System Heated Front Seats Heated Steering Wheel Power Seats with Memory Sport Suspension Parking Sensors &amp; Rearview Camera Automatic Climate Control Leather Seats &amp; Leather Steering Wheel Paddle Shifters Keyless Entry &amp; Push-Button Start Bluetooth &amp; USB Audio Satellite Radio Real-Time Traffic Dual Exhaust Turn Signal Mirrors Fog Lights Headlight Cleaners Auto-Dimming Rearview Mirror No dealership fees! Final price = out-the-door price + your states tax. Extended warranty is available for purchase! Nationwide shipping available - we handle everything so you dont have to. Lake Motor Group LLC 1036 Reder Road Griffith IN 46319 (219) 219-0330","[PREMIUM]","[PREMIUM]",158.5,
"WBA3T3C55FP939607IXAXOD38ZB20260826","2026-09-04 12:19:18.390","2026-09-04 12:19:18.390","[PREMIUM]","[PREMIUM]","939607",2015,"BMW","4 Series","435i",,"Convertible","Black","Tan","6 Cyl","3.0 L","RWD","Automatic","Gasoline",110088,"[PREMIUM]","[PREMIUM]",14610,"GOOD","Used",,,20,30,24,,true,true,,"['{""ownerNumber"":1,""purchaseDate"":""09/04/15"",""endOwnershipDate"":""07/30/18"",""city"":""Los Angeles"",""state"":""CA""}','{""ownerNumber"":2,""purchaseDate"":""03/26/19"",""endOwnershipDate"":""07/30/26"",""city"":""Santa Rosa Beach"",""state"":""FL""}']",10,,0,"2026-08-26","ENHANCED","USED",true,"[PREMIUM]","Birmingham","AL","35233","[PREMIUM]",4.3,6,"IXAXOD38ZB","[PREMIUM]","[PREMIUM]","[PREMIUM]","[PREMIUM]","[PREMIUM]","ADVANTAGE",,,,,"[PREMIUM]","[PREMIUM]",,"['Fog Lights','Tinted Windows','Dual Exhaust','Wind Deflector','Paddle Shifter','Hard Top','Heated Mirrors','9 Speakers','Premium Sound System','Side Airbag']",10,"['12V Power Outlet','3-Point Seat Belts','Adjustable Headrests','Adjustable Steering Wheel','Advanced Front-Lighting System','Air Conditioning','Air Filtration','Antenna','Anti-Theft System','Auto-Dimming Mirror','Automatic Headlights','Body Colored Bumpers','Body Colored Door Handles','Cargo Area Concealed Storage','Cargo Area Light','Chrome Front Grill','Color Coded Mirrors','Console','Cruise Control','Cup Holder','Daytime Running Lights','Delay-Off Headlights','Delayed Accessory Power','Digital Instrument Cluster','Door Bin','Driver Foot Rest','Dual-Stage Front Airbags','Engine Immobilizer','Fade-To-Off Interior Lighting','Floor Mats','Front Anti-Roll Bar','Front Knee Airbags (Driver)','Front Knee Airbags (Passenger)','Front Side Airbags','Head Restraint Whiplash Protection','High Intensity Discharge Headlights','High-Beam Assist','Illuminated Entry','Illuminated Glove Box','Independent Suspension','Integrated Garage Door Opener','Leather/Metal-Look Shift Knob Trim','Leatherette Door Trim','Locking Glove Box','Maintenance Free Battery','Multi-Link Suspension','Passenger Sensing Airbag','Power Folding Mirrors','Power Mirrors','Power Seat (Dual)','Power Steering','Power Top','Rain-Sensing Wipers','Reading Lights','Rear Anti-Roll Bar','Rear Headrests','Rear Power Seats','Rear Stabilizer Bar','Rear Window Defroster','Remote Fuel Door Release','Remote Trunk Release','Seat Belt Pretensioners','Side Impact Door Beam','Speed-Sensing Steering','Start-Stop System','Steering Wheel Controls','Thermometer','Tire Pressure Monitoring System','Turn Signal Mirrors','Valet Function','Vanity Mirror/Light','Vehicle Tracking System','Windshield Wiper Heater']",73,"Meet a black 2015 BMW 4 Series Convertible that knows how to turn an ordinary drive into an occasion. With its sleek, deep-black presence and the open-air freedom of a convertible body style, this is the kind of car that makes you take the long way home—especially when the weather’s perfect and the road is calling.Slip inside and you’re greeted by a warm tan interior that pairs beautifully with the bold exterior, giving the cabin a classic, upscale vibe. Fire it up and you’ll appreciate the smooth confidence of a 3.0L gasoline engine with six cylinders—refined when you want it to be, eager when you don’t. The automatic transmission keeps things effortless in traffic, while the RWD layout delivers that balanced, connected feel BMW fans love, whether you’re cruising down the boulevard or enjoying a winding back road.This 4 Series is about more than just getting from point A to point B—it’s about arriving with a little style, a little sound, and a lot of satisfaction. Top down, tan seats, black paint catching the light, and that classic rear-wheel-drive character underneath you: it’s a simple recipe that never gets old.For extra peace of mind, a CARFAX report is available for this car—so you can feel confident about the story behind the drive. Features and options are descriptive of what can be expected on the vehicle. Actual options should be verified by the customer. Price may exclude tax, title, tags, governmental fees and any finance charges (if applicable). Unless otherwise stated separately in the vehicle details, where allowed by law, the price may not include processing, administrative, closing or similar fees. Current mileage may vary due to test drives and vehicle relocation. Actual vehicle options should be confirmed with the dealer. Recall Notice -Some vehicles offered for sale may be subject to unrepaired manufacturer safety recalls. To determine the recall status of a vehicle, visit https://www.nhtsa.gov/recalls . Note that there may be a delay between when a recall has been issued, repaired, and then posted online. Always inquire as to the current status with the dealership prior to purchase.","[PREMIUM]","[PREMIUM]",134.25,
"WVWBW8AH0FV003213RKPHVOF1CM20260829","2026-09-04 12:19:18.374","2026-09-04 12:19:18.374","[PREMIUM]","[PREMIUM]","003213",2015,"Volkswagen","Eos","Komfort",,"Convertible","White","Tan","4 Cyl","2.0 L","FWD","Automatic","Gasoline",75361,"[PREMIUM]","[PREMIUM]",10730,,"Used",,,22,30,25,,true,,,"['{""ownerNumber"":1,""purchaseDate"":""10/28/15"",""endOwnershipDate"":""03/04/17"",""city"":""Spring"",""state"":""TX""}','{""ownerNumber"":2,""purchaseDate"":""04/13/17"",""endOwnershipDate"":""03/25/20"",""city"":""Houston"",""state"":""TX""}','{""ownerNumber"":3,""purchaseDate"":""03/25/20"",""endOwnershipDate"":""05/23/26"",""city"":""Houston"",""state"":""TX""}','{""ownerNumber"":4,""purchaseDate"":""06/17/26"",""endOwnershipDate"":""06/23/26"",""city"":""Houston"",""state"":""TX""}','{""ownerNumber"":5,""purchaseDate"":""08/06/26"",""endOwnershipDate"":""08/29/26"",""state"":""TX""}']",21,25,0,"2026-08-29","ENHANCED","USED",true,"[PREMIUM]","Pomona","CA","91767","[PREMIUM]",3.8,4,"RKPHVOF1CM","[PREMIUM]","[PREMIUM]","[PREMIUM]","[PREMIUM]","[PREMIUM]","ADVANTAGE",,,,,"[PREMIUM]","[PREMIUM]",25,"['Navigation System','Keyless Entry','Fog Lights','Heated Seats','Alloy Wheels','Satellite Radio','Side Airbags']",7,"['AM/FM','Adjustable Steering Wheel','Air Conditioning','Anti-Lock Brakes','Anti-Theft System','CD (Single Disc)','Cruise Control','Daytime Running Lights','Dual Airbags','Handsfree/Bluetooth Integration','Hill Assist System','MP3','Power Locks','Power Seat (Dual)','Power Steering','Power Sun/Moonroof','Power Windows','Rollover Protection Bars','Side Curtain Airbags','Stability Control','Telematics System','Traction Control','Volkswagen Car-Net']",23,"<p><strong>Welcome to </strong><em><strong>SSS AUTO SALES</strong></em><em><strong><br /></strong></em></p><p>Where quality and service matter!</p><p><em><br />Clean title <br /></em></p><p>Passed smog check ?</p><p>Good tiers? </p><p>New oil change ?</p><p>Drives smooth with no any mechanical issues </p><p></p><p><em>Cash and financing available </em>??</p><p><br /></p><p>Apply today - drive today</p><p>Financing available<br /></p><p>Call us to see how we can help you finance this vehicle! </p><p></p><p>(469)231-3752<br />(619)757-5422</p><p></p><p>Let us know how we can help</p><p></p><p>? WARRANTY AVAILABLE!</p><p></p><p>? YOUR JOB IS YOUR CREDIT!</p><p></p><p>? WE WORK WITH MOST TYPES OF CREDIT</p><p></p><p>? GET APPROVED TODAY!</p><p></p>","[PREMIUM]","[PREMIUM]",111.25,
"3VW7S7AT4FM8011241U7BAX7T3W20260829","2026-09-04 12:19:18.360","2026-09-04 12:19:18.360","[PREMIUM]","[PREMIUM]",,2015,"Volkswagen","Beetle","R-Line",,"Convertible","Red","Tan","4 Cyl","2.0 L","FWD","Automatic","Gasoline",168475,"[PREMIUM]","[PREMIUM]",11990,,"Used",,,23,29,25,,true,,,"['{""ownerNumber"":1,""purchaseDate"":""03/13/15"",""endOwnershipDate"":""04/07/16"",""city"":""Chattanooga"",""state"":""TN""}','{""ownerNumber"":2,""purchaseDate"":""05/13/16"",""endOwnershipDate"":""07/21/26"",""city"":""Pompano Beach"",""state"":""FL""}']",18,29,0,"2026-08-29","ENHANCED","USED",true,"[PREMIUM]","Pompano Beach","FL","33073","[PREMIUM]",3.6,7,"1U7BAX7T3W","[PREMIUM]","[PREMIUM]","[PREMIUM]","[PREMIUM]","[PREMIUM]","ADVANTAGE",,,,,"[PREMIUM]","[PREMIUM]",29,"['Navigation System','Fog Lights','Leather Seats','Running Boards','Heated Seats','Cargo Cover','Subwoofer','Ambient Lighting','Blind Spot Monitor','19 Inch Wheels']",10,"['12V Power Outlet','3-Point Seat Belts','8 Speakers','AM/FM','Adjustable Headrests','Adjustable Steering Wheel','Air Conditioning','Air Filtration','Airbag Deactivation (Passenger)','Alert System Impact Sensor','All-Season Tires','Alloy Wheels','Antenna','Anti-Lock Brakes','Anti-Theft System','Armrest Storage','Automatic Hazard Warning Lights','Aux Audio Adapter','Body Colored Bumpers','Braking Assist','CD (Single Disc)','Center Console','Child Seat Anchors','Clock','Compact Spare Tire','Cruise Control','Cup Holder','Daytime Running Lights','Digital Instrument Cluster','Driver Adjustable Lumbar','Electronic Brake Force Distribution','Emergency Trunk Release','Engine Immobilizer','Fender Premium Audio System','Floor Mats','Front Airbags (Driver)','Front Airbags (Passenger)','Front Bucket Seats','Front Crumple Zones','Front Headrests','Front Side Airbags','Front Side Airbags (Driver)','Front Side Airbags (Passenger)','Front Stabilizer Bar','Front Ventilated Disc Brakes','Fuel Data Display','Handsfree/Bluetooth Integration','High Intensity Discharge Headlights','Hill Assist System','Independent Suspension','Integrated Cell Phone','Intermittent Wipers','Keyless Ignition','LED Lights','Leather Steering Wheel','MacPherson Front Suspension','Memory Card Slot','Multi-Link Suspension','One-Touch Power Windows','Parking Sensors','Passenger Adjustable Lumbar','Passenger Sensing Airbag','Post-Collision Safety System','Power Locks','Power Mirrors','Power Steering','Premium Sound System','R-Line Appearance Package','Reading Lights','Rear Air Diffuser','Rear Bench Seat','Rear Disc Brakes','Rear Headrests','Rear Spoiler','Rear Stabilizer Bar','Rear Window Defroster','Rear-View Camera','Remote Trunk Release','Rollover Protection Bars','Safety Brake Pedal System','Satellite Radio','Seat Belt Pretensioners','Seat Belt Warning System','Side Curtain Airbags','Soft Top','Split/Folding Seats','Sport Seats','Stability Control','Steering Wheel Controls','Tachometer','Telematics System','Thermometer','Tire Pressure Monitoring System','Touch-Screen Display','Traction Control','Trip Odometer','Turbocharger','Turn Signal Mirrors','Vanity Mirror/Light','Volkswagen Car-Net','Window Lockout Button','Windshield Wiper Heater']",102,"Introducing the sleek and stylish 2015 Volkswagen Beetle Convertible R-Line. This timeless beauty combines iconic design with modern features to create the ultimate driving experience. With extra space and a spacious interior, this convertible is perfect for all your summer adventures.<br /><br />Step into the driver's seat and feel the power of the 2.0L TSI engine, delivering a thrilling 210 horsepower. The R-Line package adds a sporty touch with a unique front bumper, rear diffuser, and 19-inch aluminum alloy wheels. Plus, with the convertible top, you can feel the wind in your hair as you cruise down the road.<br /><br />The interior of this Beetle is just as impressive, with comfortable leather seating and a premium Fender audio system. The convertible top can be easily operated with the touch of a button, making it perfect for spontaneous drives on sunny days. And with extra space in the trunk, you can pack all your essentials for a weekend getaway.<br /><br />Safety is always a top priority, which is why the 2015 Volkswagen Beetle Convertible R-Line comes equipped with advanced safety features such as a rearview camera, blind spot monitor, and park distance control. So you can drive with peace of mind, knowing you and your passengers are protected.<br /><br />Don't miss out on the opportunity to own this stunning 2015 Volkswagen Beetle Convertible R-Line. With its timeless design, powerful performance, and extra space, it's the perfect blend of style and functionality. Come take a test drive today and experience the thrill of the open road in this R-Line beauty.","[PREMIUM]","[PREMIUM]",129,
"2G1FD3D34F9108469AUDC4PP00120260828","2026-09-04 12:19:18.357","2026-09-04 12:19:18.357","[PREMIUM]","[PREMIUM]","08469A",2015,"Chevrolet","Camaro","LT","1LT","Convertible","White","Black","6 Cyl","3.6 L","RWD","Automatic","Gasoline",112704,"[PREMIUM]","[PREMIUM]",13180,"FAIR","Used",,,,,,,true,,,"['{""ownerNumber"":1,""purchaseDate"":""07/02/14"",""endOwnershipDate"":""06/14/16"",""state"":""NJ""}','{""ownerNumber"":2,""purchaseDate"":""07/23/16"",""endOwnershipDate"":""03/31/18"",""city"":""Indianapolis"",""state"":""IN""}','{""ownerNumber"":3,""purchaseDate"":""04/18/18"",""endOwnershipDate"":""02/22/24"",""city"":""Champaign"",""state"":""IL""}','{""ownerNumber"":4,""purchaseDate"":""02/22/24"",""endOwnershipDate"":""01/26/25"",""city"":""Columbus"",""state"":""GA""}','{""ownerNumber"":5,""purchaseDate"":""03/25/25"",""endOwnershipDate"":""05/19/26"",""city"":""Honolulu"",""state"":""HI""}']",16,38,0,"2026-08-28","ENHANCED","USED",true,"[PREMIUM]","Moore","SC","29369","[PREMIUM]",4,30,"AUDC4PP001","[PREMIUM]","[PREMIUM]","[PREMIUM]","[PREMIUM]","[PREMIUM]","ADVANTAGE","GOOD","LOW","AVERAGE",270,"[PREMIUM]","[PREMIUM]",38,"['Preferred Equipment Package','Remote Start','Keyless Entry','Fog Lights','Dual Exhaust','18 Inch Wheels','Alloy Wheels','Satellite Radio','Premium Sound System','Sport Seats']",10,"['4-Wheel Disc Brakes','4-Wheel Independent Suspension','7 Speakers','AM/FM','Adjustable Seats','Adjustable Steering Wheel','Air Conditioning','Anti-Lock Brakes','Anti-Theft System','Automatic Headlights','Beverage Holder','Body Colored Bumpers','Braking Assist','Chevrolet MyLink','Child Seat Anchors','Cloth Seats','Cloth Upholstery','Compass','Cruise Control','Cup Holder','Delay-Off Headlights','Door Bin','Emergency Communication System','Floor Mats','Front Airbags (Driver)','Front Airbags (Passenger)','Front Anti-Roll Bar','Front Bucket Seats','Front Center Armrest','Front Side Airbags (Driver)','Front Side Airbags (Passenger)','Illuminated Entry','Intermittent Wipers','Leather Shift Knob Trim','Leather Steering Wheel','Maintenance Free Battery','OnStar Communication System','Panic Button','Parking Assist System','Passenger Sensing Airbag','Power Locks','Power Mirrors','Power Seat (Dual)','Power Steering','Power Top','Power Windows','Radio Data System','Reading Lights','Rear Anti-Roll Bar','Rear Parking Sensors','Rear Spoiler','Rear Window Defroster','Rear-View Camera','Remote Keyless Entry','Speed-Sensing Steering','Stability Control','Steering Wheel Controls','Tachometer','Telematics System','Thermometer','Tire Pressure Monitoring System','Touch-Screen Sound System','Traction Control','Trip Computer','USB Audio Interface','Vanity Mirror/Light']",66,"19/30 City/Highway MPG<br /><br />Why pay more?? Experience Stress-Free Buying with No Haggle Pricing and buy with confidence from TLC Motors, your reputable hometown dealer, serving the Carolina’s for 30+ years!! FREE Carfax Reports, our In-Depth Multi-Point Inspection process, Nationwide Shipping, more money for YOUR trade, and over 1000 5-Star Reviews are just some of the reasons YOU should CHOOSE TLC MOTORS!! Visit us online at WWW.TLCMOTORS.COM or call us TODAY at 864-595-0777 to schedule your test Drive!!<br /><br />FEE DISCLOSURE: OUR SALES PRICE INCLUDES OUR DOCUMENTATION FEE($225). PRICE LISTED DOES NOT INCLUDE SALES TAX, VEHICLE REGISTRATION, CERTIFICATE OF TITLE &amp; TEMPORARY TAG FEE(SALES TAX RATE AND STATE FEES CAN VARY DEPENDING ON STATE, CITY, &amp; COUNTY). ALSO NOT INCLUDED IN OUR PRICE ARE OPTIONAL PRODUCTS OFFERED SUCH AS VEHICLE SERVICE CONTRACTS, GAP INSURANCE, WHEEL &amp; TIRE PROTECTION, CERAMIC COATINGS, LOJACK, ETC.","[PREMIUM]","[PREMIUM]",117.25,"Accident Reported"
"WAU6CLFF5F1144111Q9YUMN21UG20260828","2026-09-04 12:19:18.345","2026-09-04 12:19:18.345","[PREMIUM]","[PREMIUM]","1770",2015,"Audi","A3","Premium",,"Convertible","Gray","Tan","4 Cyl","1.8 L","FWD","Automatic","Gasoline",130586,"[PREMIUM]","[PREMIUM]",10250,,"Used",,,24,35,28,true,true,,,"['{""ownerNumber"":1,""purchaseDate"":""08/11/15"",""endOwnershipDate"":""09/15/15"",""city"":""San Francisco"",""state"":""CA""}','{""ownerNumber"":2,""purchaseDate"":""09/15/15"",""endOwnershipDate"":""08/25/26"",""city"":""San Francisco"",""state"":""CA""}']",23,28,0,"2026-08-28","ENHANCED","USED",true,"[PREMIUM]","Vallejo","CA","94590","[PREMIUM]",4.5,10,"Q9YUMN21UG","[PREMIUM]","[PREMIUM]","[PREMIUM]","[PREMIUM]","[PREMIUM]","ADVANTAGE",,,,,"[PREMIUM]","[PREMIUM]",28,"['Keyless Entry','Leather Seats','Seat Memory','Premium Sound System','Keyless Ignition']",5,"['Adjustable Steering Wheel','Air Conditioning','Anti-Lock Brakes','Anti-Theft System','Automatic Headlights','Child Safety Locks','Cruise Control','Dual-Zone Climate Control','Front Airbags (Driver)','Front Airbags (Passenger)','Front Side Airbags (Driver)','Leather Steering Wheel','Power Locks','Power Seat (Dual)','Power Steering','Power Windows','Premium Wheels','Side Curtain Airbags','Traction Control']",19,"This is a clean 2015 Audi A3 1 8T Premium 2dr Convertible with low miles that is Gray in color and that is well equipped with Premium Sound System, Cruise Control, Traction Control, Side Head Curtain Airbag, Keyless Entry, Leather Steering Wheel, Driver Power Seat, Memory Seats, Power Seats, Premium Wheels and more","[PREMIUM]","[PREMIUM]",130,
"WBA3V9C54FP799210DS7EMPJPEU20260825","2026-09-04 12:19:18.342","2026-09-04 12:19:18.342","[PREMIUM]","[PREMIUM]",,2015,"BMW","4 Series","428i xDrive",,"Convertible","Blue","Black","4 Cyl","2.0 L","AWD","Automatic","Gasoline",109702,"[PREMIUM]","[PREMIUM]",12570,,"Used",,,21,32,25,,true,true,true,"['{""ownerNumber"":1,""purchaseDate"":""11/08/14"",""endOwnershipDate"":""08/02/26"",""city"":""Sharon"",""state"":""MA""}']",20,49,0,"2026-08-25","ENHANCED","USED",true,"[PREMIUM]","Canton","CT","06019","[PREMIUM]",4.3,11,"DS7EMPJPEU","[PREMIUM]","[PREMIUM]","[PREMIUM]","[PREMIUM]","[PREMIUM]","ADVANTAGE",,,,,"[PREMIUM]","[PREMIUM]",49,"['Keyless Entry','Fog Lights','Bucket Seats','Tinted Windows','Wind Deflector','Alloy Wheels','Smart Key','Paddle Shifter','17 Inch Wheels','Hard Top']",10,"['12V Power Outlet','3-Point Seat Belts','4-Wheel Disc Brakes','AM/FM','Adjustable Headrests','Adjustable Steering Wheel','Advanced Front-Lighting System','Air Conditioning','Air Filtration','All-Season Tires','Anti-Lock Brakes','Auto Climate Control','Auto-Dimming Mirror','Automatic Headlights','Aux Audio Adapter','BMW Assist','Body Colored Bumpers','Body Colored Door Handles','Braking Assist','CD (Single Disc)','Cargo Area Concealed Storage','Cargo Area Light','Chrome Front Grill','Color Coded Mirrors','Console','Cruise Control','Cup Holder','Daytime Running Lights','Delay-Off Headlights','Delayed Accessory Power','Digital Instrument Cluster','Door Bin','Driver Foot Rest','Dual-Stage Front Airbags','Dual-Zone Climate Control','Engine Immobilizer','Fade-To-Off Interior Lighting','Floor Mats','Front Airbags (Driver)','Front Airbags (Passenger)','Front Anti-Roll Bar','Front Bench Seat','Front Center Armrest','Front Knee Airbags (Driver)','Front Knee Airbags (Passenger)','Front One-Touch Power Windows','Front Side Airbags','Front Side Airbags (Driver)','Front Ventilated Disc Brakes','HD Radio','Handsfree/Bluetooth Integration','Head Restraint Whiplash Protection','Heated Mirrors','High Intensity Discharge Headlights','High Performance Tires','High-Beam Assist','Hill Assist System','Illuminated Entry','Illuminated Glove Box','Independent Suspension','Integrated Garage Door Opener','Keyless Ignition','Leather Steering Wheel','Leather/Metal-Look Shift Knob Trim','Leatherette Door Trim','Leatherette Seats','Locking Glove Box','Locking Tailgate','MP3','Maintenance Free Battery','Memory Mirrors','Metal-Look Dash Trim','Multi-Link Suspension','Multi-Zone Climate Control','One-Touch Power Windows','Pass-Through Rear Seat','Passenger Sensing Airbag','Power Folding Mirrors','Power Locks','Power Mirrors','Power Seat (Dual)','Power Steering','Power Sun/Moonroof','Power Top','Rain-Sensing Wipers','Reading Lights','Rear Air Conditioning','Rear Anti-Roll Bar','Rear Bench Seat','Rear Center Armrest','Rear Headrests','Rear One-Touch Power Windows','Rear Power Seats','Rear Power Windows','Rear Stabilizer Bar','Rear Ventilated Disc Brakes','Rear Window Defroster','Remote Fuel Door Release','Remote Keyless Entry','Remote Trunk Release','Remote Windows','Rollover Protection Bars','SOS Post-Crash Alert System','Seat Belt Pretensioners','Seat Memory','Side Airbag','Side Impact Door Beam','Speed-Sensing Steering','Split/Folding Seats','Stability Control','Start-Stop System','Steering Wheel Controls','Tachometer','Telematics System','Thermometer','Tire Pressure Monitoring System','Traction Control','Trip Computer','Trip Odometer','Turn Signal Mirrors','Valet Function','Vanity Mirror/Light','Vehicle Tracking System','Windshield Wiper Heater','Wood Dash Trim','Wood Door Trim','Wood Trimmed Interior','Wood/Metal-Look Dash Trim']",128,"4 Cylinder Engine,ABS,4-Wheel Disc Brakes,8-Speed A/T,A/C,A/T,Adjustable Steering Wheel,All Wheel Drive,Aluminum Wheels,AM/FM Stereo,Transmission w/Dual Shift Mode,Automatic Headlights,Auxiliary Audio Input,Brake Assist,Bucket Seats,CD Player,Climate Control,Convertible Hardtop,Cruise Control,Daytime Running Lights,Driver Air Bag,Driver Illuminated Vanity Mirror,Driver Vanity Mirror,Multi-Zone A/C,Auto-Dimming Rearview Mirror,Stability Control,Fog Lamps,Floor Mats,Gasoline Fuel,HD Radio,Headlights-Auto-Leveling,Heated Mirrors,HID headlights,Integrated Turn Signal Mirrors,Intermittent Wipers,Keyless Entry,Keyless Start,Knee Air Bag,Leather Steering Wheel,Mirror Memory,MP3 Player,Telematics,Pass-Through Rear Seat,Passenger Air Bag,Passenger Air Bag Sensor,Passenger Illuminated Visor Mirror,Passenger Vanity Mirror,Power Door Locks,Power Mirror(s),Power Driver Seat,Power Folding Mirrors,Power Passenger Seat,Power Steering,Power Windows,Rain Sensing Wipers,Rear A/C,Rear Bench Seat,Rear Defrost,Requires Subscription,Rollover Protection Bars,Seat Memory,Front Side Air Bag,Steering Wheel Audio Controls,Tire Pressure Monitor,Tires - Front Performance,Tires - Rear Performance,Traction Control,Trip Computer,Turbocharged,Universal Garage Door Opener,Variable Speed Intermittent Wipers,Immobilizer,Bluetooth Connection,Woodgrain Interior Trim,Auto On/Off Projector Beam High Intensity Low/High Beam Daytime Running Auto-Leveling Directionally Adaptive Headlamps w/Delay-Off,Body-Colored Door Handles,Body-Colored Front Bumper,Body-Colored Power Heated Auto Dimming Side Mirrors w/Power Folding and Turn Signal Indicator,Body-Colored Rear Bumper,Chrome Grille,Clearcoat Paint,Fixed Rear Window w/Defroster,Front Fog Lamps,Front Windshield -inc: Sun Visor Strip,Fully Galvanized Steel Panels,Light Tinted Glass,Metal-Look Side Windows Trim and Black Front Windshield Trim,Perimeter/Approach Lights,Power Convertible Retractable Hard Top w/Lining, Glass Rear Window, Automatic Roll-Over Protection and Manual Wind Blocker,Speed Sensitive Rain Detecting Variable Intermittent Wipers w/Heated Jets,Tailgate/Rear Door Lock Included w/Power Door Locks,Tires: P225/50R17 All Season,Trunk Rear Cargo Access,Wheels w/Silver Accents,Wheels: 17 x 7.5 Lt Alloy Star-Spoke (Style 393),2 Seatback Storage Pockets,4 12V DC Power Outlets,Air Filtration,Analog Appearance,Cargo Area Concealed Storage,Cargo Space Lights,Carpet Floor Trim and Carpet Trunk Lid/Rear Cargo Door Trim,Cruise Control w/Steering Wheel Controls,Day-Night Auto-Dimming Rearview Mirror,Delayed Accessory Power,Driver And Passenger Door Bins,Driver And Passenger Visor Vanity Mirrors w/Driver And Passenger Illumination,Driver Foot Rest,Driver Information Center,Driver Seat -inc: Power Rear Seat Easy Entry,Dual Zone Front Automatic Air Conditioning,Fade-To-Off Interior Lighting,FOB Controls -inc: Cargo Access, Windows and Sunroof/Convertible Roof,Front And Rear Map Lights,Front Cupholder,Full Carpet Floor Covering -inc: Carpet Front And Rear Floor Mats,Full Cloth Headliner,Full Floor Console w/Covered Storage, Rear Console w/Storage and 4 12V DC Power Outlets,Full Folding Bench Front Facing Fold Forward Seatback Rear Seat,Garage Door Transmitter,Gauges -inc: Speedometer, Odometer, Tachometer, Oil Temperature, Trip Odometer and Trip Computer,HVAC -inc: Underseat Ducts, Residual Heat Recirculation and Console Ducts,Illuminated Locking Glove Box,Immobilizer,Interior Lock Disable,Interior Trim -inc: Genuine Wood/Metal-Look Instrument Panel Insert, Genuine Wood Door Panel Insert, Genuine Wood Console Insert and Metal-Look Interior Accents,Leather/Metal-Look Gear Shifter Material,Leatherette Door Trim Insert,Manual Anti-Whiplash Adjustable Front Head Restraints and Manual Adjustable Rear Head Restraints,Manual Tilt/Telescoping Steering Column,Memory Settings -inc: Door Mirrors,MyInfo Selective Service Internet Access,Outside Temp Gauge,Passenger Seat -inc: Power Rear Seat Easy Entry,Power 1st Row Windows w/Front And Rear 1-Touch Up/Down,Power Door Locks w/Autolock Feature,Power Front Seats w/Driver Memory,Power Fuel Flap Locking Type,Power Rear Windows,Proximity Key For Push Button Start Only,Rear Cupholder,Rear HVAC w/Separate Controls,Remote Keyless Entry w/Integrated Key Transmitter, 2 Door Curb/Courtesy, Illuminated Entry and Illuminated Ignition Switch,Remote Releases -Inc: Power Cargo Access,SensaTec Leatherette Upholstery,Sliding Front Center Armrest and Rear Center Armrest w/Pass-Thru,Style Leather Steering Wheel,Tracker System,Trip Computer,Trunk/Hatch Auto-Latch,Valet Function,15.8 Gal. Fuel Tank,3.15 Axle Ratio,4-Wheel Disc Brakes w/4-Wheel ABS, Front And Rear Vented Discs, Brake Assist and Hill Hold Control,90-Amp/Hr 900CCA Maintenance-Free Battery,Electric Power-Assist Speed-Sensing Steering,Engine Auto Stop-Start Feature,Engine: 2.0L TwinPower Turbo 4-Cylinder 16V DOHC -inc: twin-scroll turbocharger w/variable valve control (Double-VANOS and Valvetronic), high-precision direct injection and electronic throttle control,Front And Rear Anti-Roll Bars,Full-Time All-Wheel,Gas-Pressurized Shock Absorbers,Multi-Link Rear Suspension w/Coil Springs,Regenerative 170 Amp Alternator,Single Stainless Steel Exhaust w/Chrome Tailpipe Finisher,Strut Front Suspension w/Coil Springs,Transmission w/Driver Selectable Mode,Transmission: Sport Automatic w/Shift Paddles,ABS And Driveline Traction Control,Airbag Occupancy Sensor,BMW Assist eCall Emergency Sos,Driver And Passenger Side Airbag Head Extension, Driver And Passenger Knee Airbag,Dual Stage Driver And Passenger Front Airbags,Dual Stage Driver And Passenger Seat-Mounted Side Airbags,Electronic Stability Control (ESC),Outboard Front Lap And Shoulder Safety Belts -inc: Pretensioners and Front Seat-Integrated,Side Impact Beams,Tire Specific Low Tire Pressure Warning","[PREMIUM]","[PREMIUM]",135.25,
"2G1FE3D38F9173662T9TZAYV00120260830","2026-09-04 12:19:18.325","2026-09-04 12:19:18.325","[PREMIUM]","[PREMIUM]","26178",2015,"Chevrolet","Camaro","LT","2LT","Convertible","Black","Black","6 Cyl","3.6 L","RWD","Manual","Gasoline",80717,"[PREMIUM]","[PREMIUM]",15730,,"Used",,,17,27,20,,true,true,,"['{""ownerNumber"":1,""purchaseDate"":""06/16/15"",""endOwnershipDate"":""06/20/19"",""city"":""Gilbert"",""state"":""AZ""}','{""ownerNumber"":2,""purchaseDate"":""12/14/19"",""endOwnershipDate"":""01/14/24"",""city"":""Las Vegas"",""state"":""NV""}','{""ownerNumber"":3,""purchaseDate"":""04/23/25"",""endOwnershipDate"":""05/28/26"",""city"":""Las Vegas"",""state"":""NV""}']",13,16,0,"2026-08-30","ENHANCED","USED",true,"[PREMIUM]","Las Vegas","NV","89102","[PREMIUM]",,,"T9TZAYV001","[PREMIUM]","[PREMIUM]","[PREMIUM]","[PREMIUM]","[PREMIUM]","ADVANTAGE",,,,,"[PREMIUM]","[PREMIUM]",16,"['Keyless Entry','Fog Lights','Subwoofer','Dual Exhaust','Alloy Wheels','Parking Sensors','Satellite Radio','Black Grille','Side Airbags','Power Top']",10,"['12V Power Outlet','AM/FM','Adjustable Steering Wheel','Air Conditioning','Air Filtration','Airbag Deactivation (Passenger)','All-Season Tires','Antenna','Anti-Lock Brakes','Anti-Theft System','Apple Carplay','Armrest','Auto-Dimming Mirror','Automatic Headlights','Aux Audio Adapter','Body Colored Bumpers','Body Colored Door Handles','Boston Acoustic Sound System','Center Console','Chevrolet MyLink','Child Seat Anchors','Clock','Color Coded Mirrors','Compass','Cruise Control','Cup Holder','Daytime Running Lights','Digital Instrument Cluster','Door Pockets','Electronic Brake Force Distribution','Electronic Messaging Assistance','Emergency Trunk Release','Floor Mats','Front Airbags (Driver)','Front Airbags (Passenger)','Front Crumple Zones','Front Side Airbags (Driver)','Front Side Airbags (Passenger)','Front Stabilizer Bar','Front Ventilated Disc Brakes','Fuel Data Display','Halogen Headlights','Handsfree/Bluetooth Integration','Head-Up Display','Independent Suspension','Integrated Garage Door Opener','Intermittent Wipers','Leather Shift Knob Trim','Leather Steering Wheel','Low Fuel Level Indicator','MacPherson Front Suspension','Maintenance Free Battery','Metal-Look Dash Trim','Multi-Link Suspension','OnStar Communication System','One-Touch Power Windows','Panic Button','Passenger Sensing Airbag','Power Locks','Power Steering','Radio Data System','Reading Lights','Rear Crumple Zones','Rear Spoiler','Rear Stabilizer Bar','Rear Window Defroster','Rear-View Camera','Remote Trunk Release','Smart Device Integration','Soft Top','Speed Sensitive Volume Control','Stability Control','Steering Wheel Controls','Tachometer','Telematics System','Thermometer','Tire Pressure Monitoring System','Touch-Screen Display','Traction Control','Trip Odometer','USB Audio Interface','Vanity Mirror/Light','Ventilated Disc Brakes','Window Lockout Button','iPod Adapter']",85,"2015 Chevrolet Camaro LT Convertible (26178) LENDER REPOSSESSION “Your Car” starts here, CarCoLV.com As little as $599 DN.* &amp; $249 MO.* LENDER REPOSSESSIONS &amp; BUY HERE PAY HERE SAVE $500 28 MPG 323 HP – 6 SPEED MANUAL – LEATHER and in Excellent Condition! INCLUDES 5 YEAR MAINTENANCE PLAN* + 1/2 OFF EXTENDED WARRANTY! ONLY $14,995 YELLOW TAG PRICING! NOW ONLY $14,495 Or make us an offer and apply online at The Car Company https://www.CarCoLV.com 2015 Chevrolet Camaro LT Convertible 2D V6, 3.6 Liter Included Manual,6-Spd WELL EQUIPPED + Keyless, SiriusXM Satellite, Backup Camera, Alloy Wheels, Leather, Bluetooth Wireless, Power Folding Roof, OnStar and more EQUIPMENT / OPTIONS: Complete list at CarCoLV.com Up TO 17 City / 28 Highway MPG / 80,717Miles. V.I.N. 2G1FE3D38F9173662 The Biggest Little Dealership in Town! The oldest and most trusted used car dealership in the Las Vegas area! 3015 So. Valley View Blvd. (just so. of Sahara Ave) Las Vegas, NV. 89102 Open 24/7 w/staff on site M. - F 10 to 7:00 Sat 10 to 5:00 and NOW OPEN Sun 11 to 4 Call or text (702) 871-2277 HOLA! “Hablamos Espanol” Espanol@CarCoLV.com “More Repeat Buyers” “More People Referring Their Friends and Family” WE OFFER MANY FINANCING OPTIONS! - BUY HERE PAY HERE! 100% FINANCING BUY- SELL-TRADE and CONSIGN! The Biggest Little Dealership in Town! The Car Company 3015 So. Valley View Blvd. (just so. of Sahara Ave) Las Vegas, NV. 89102 Open 24/7 w/staff on site M. - F 10 to 7:00 Sat 10 to 5:00 and NOW OPEN Sun 11 to 4 cars for sale,used cars Las Vegas, used cars for sale, pre-owned autos, quality used cars DISCLAIMER: Information deemed reliable, but not guaranteed. Interested parties should confirm all data before relying on it to make a purchase decision. All prices and specifications are subject to change without notice. All prices listed or advertised are CASH PRICE and exclude any other charges or fees. See copy of full disclosures at The Car Company / https://www.carcolv.com/get-pre-qualified . We strive to maintain accuracy of this information. *$250 Senior, Military or Repeat Buyer discount cannot be combined with any other discount. * Electric Vehicles are not covered under the 5 Year Maintenance plan.","[PREMIUM]","[PREMIUM]",128,
"WBA3V7C56F5A24152XAY79TKHE120260830","2026-09-04 12:19:18.323","2026-09-04 12:19:18.323","[PREMIUM]","[PREMIUM]","F5A24152A",2015,"BMW","4 Series","428i",,"Convertible","Gray","Black","4 Cyl","2.0 L","RWD","Automatic","Gasoline",89017,"[PREMIUM]","[PREMIUM]",13950,,"Used",,,23,33,26,true,true,true,,"['{""ownerNumber"":1,""purchaseDate"":""05/20/15"",""endOwnershipDate"":""04/17/18"",""city"":""Venice"",""state"":""CA""}','{""ownerNumber"":2,""purchaseDate"":""07/26/18"",""endOwnershipDate"":""07/20/19"",""city"":""Anaheim"",""state"":""CA""}','{""ownerNumber"":3,""purchaseDate"":""09/18/19"",""endOwnershipDate"":""08/30/26"",""city"":""Simi Valley"",""state"":""CA""}']",8,13,0,"2026-08-30","ENHANCED","NEW",true,"[PREMIUM]","Oxnard","CA","93036","[PREMIUM]",4.5,1001,"XAY79TKHE1","[PREMIUM]","[PREMIUM]","[PREMIUM]","[PREMIUM]","[PREMIUM]","TOPRATED",,,,,"[PREMIUM]","[PREMIUM]",13,"['Keyless Entry','Fog Lights','Bucket Seats','Alloy Wheels','Hard Top','Heated Mirrors','Seat Memory','Keyless Ignition','Rear Air Conditioning']",9,"['4-Wheel Disc Brakes','AM/FM','Adjustable Steering Wheel','Advanced Front-Lighting System','Air Conditioning','Anti-Lock Brakes','Auto-Dimming Mirror','Automatic Headlights','Aux Audio Adapter','Braking Assist','CD (Single Disc)','Cruise Control','Daytime Running Lights','Engine Immobilizer','Floor Mats','Front Airbags (Driver)','Front Airbags (Passenger)','Front Side Airbags (Driver)','Handsfree/Bluetooth Integration','High Intensity Discharge Headlights','High Performance Tires','Integrated Garage Door Opener','Leather Steering Wheel','MP3','Memory Mirrors','Multi-Zone Climate Control','Pass-Through Rear Seat','Power Locks','Power Mirrors','Power Seat (Dual)','Power Steering','Power Windows','Rain-Sensing Wipers','Rear Window Defroster','Rollover Protection Bars','Stability Control','Steering Wheel Controls','Telematics System','Tire Pressure Monitoring System','Traction Control','Trip Computer','Turn Signal Mirrors','Vanity Mirror/Light','Wood Trimmed Interior']",44,"Thank you for choosing DCH Honda of Oxnard! Mineral Gray Metallic 2015 BMW 4 Series 428i RWD 8-Speed Automatic 2.0L 4-Cylinder DOHC 16V TwinPower Turbo<br /><br />Recent Arrival! 23/34 City/Highway MPG<br /><br /><br />Reviews:<br /> * Powerful and fuel-efficient engines, engaging handling, upscale interior, hatchback-style utility. Source: Edmunds<br /> * Engaging handling, powerful yet fuel-efficient engines, upscale interior with straightforward controls and spacious seating. Source: Edmunds<br /> * If you crave the excellent handling and power of the 3 Series sedan in coupe or convertible form, look to the 2015 BMW 4 Series. The new 4-door Gran Coupe is the only 4 Series with room for five, and is able to carry cargo easier, thanks to its wide-opening liftgate. Source: KBB.com","[PREMIUM]","[PREMIUM]",146.75,
"WMWZP3C50F2A91263WO1YMVEKYM20260902","2026-09-04 12:19:18.322","2026-09-04 12:19:18.322","[PREMIUM]","[PREMIUM]","2019",2015,"Mini","Cooper","S",,"Convertible","Black",,"4 Cyl","1.6 L","FWD","Automatic","Gasoline",44156,"[PREMIUM]","[PREMIUM]",13420,"FAIR","Used",,,25,33,28,true,true,,,"['{""ownerNumber"":1,""purchaseDate"":""12/28/15"",""endOwnershipDate"":""06/07/16"",""city"":""Ramsey"",""state"":""NJ""}','{""ownerNumber"":2,""purchaseDate"":""09/06/16"",""endOwnershipDate"":""Present"",""city"":""East Elmhurst"",""state"":""NY""}']",9,,0,"2026-09-02","ENHANCED","USED",true,"[PREMIUM]","Milford","MA","01757","[PREMIUM]",3.9,14,"WO1YMVEKYM","[PREMIUM]","[PREMIUM]","[PREMIUM]","[PREMIUM]","[PREMIUM]","ADVANTAGE",,,,,"[PREMIUM]","[PREMIUM]",,"['Keyless Entry','Side Airbags']",2,"['3-Point Seat Belts','AM/FM','Adjustable Steering Wheel','Air Conditioning','Anti-Lock Brakes','Anti-Theft System','CD (Single Disc)','Classic Package','Daytime Running Lights','Engine Immobilizer','Front Airbags (Driver)','Front Airbags (Passenger)','MP3','Passenger Sensing Airbag','Power Locks','Power Steering','Power Windows']",17,"*** www.PremierAutomartMA.com ***<br />We can finance! We take all trade-ins. <br /><br />*Disclaimer- sales tax, title/registration, and the dealer fees are<br />additional to the advertised price. Not responsible for typographical errors. <br />All prices are subject to change. Mileage may vary due to test drives.","[PREMIUM]","[PREMIUM]",121.25,
"3C3CFFJH9FT500113VZB6FKF1A120260901","2026-09-04 12:19:18.295","2026-09-04 12:19:18.295","[PREMIUM]","[PREMIUM]","FT500113",2015,"Fiat","500","Abarth",,"Convertible","Unspecified",,"4 Cyl","1.4 L","FWD","Manual","Gasoline",40592,"[PREMIUM]","[PREMIUM]",,"FAIR","Used",,,,,,,true,true,,"[]",11,17,0,"2026-09-01","ENHANCED","NEW",true,"[PREMIUM]","Arlington","TX","76017","[PREMIUM]",4.6,477,"VZB6FKF1A1","[PREMIUM]","[PREMIUM]","[PREMIUM]","[PREMIUM]","[PREMIUM]","TOPRATED",,,,,"[PREMIUM]","[PREMIUM]",17,"['Turbocharger','Cloth Seats']",2,"['4-Passenger Seating','High Intensity Discharge Headlights','Soft Top']",3,"<ul><li>Convertible Soft Top</li></ul><br /><br />This vehicle includes a Money-Back Guarantee* and passed our precise inspection process. Best of all the price you see is the price you pay. No haggling. No back and forth. No pressure. And this price is so good it is guaranteed. *Money-Back Guarantee is valid for 5 days or 250 miles, whichever comes first. Subject to certain terms and conditions. See store for details. Some restrictions apply. <br /><br />AutoNation Ford Arlington has a wide selection of exceptional pre-owned vehicles to choose from, including this 2015 FIAT 500c. Drop the top and have some fun in this well-appointed, sporty convertible. Stylish and fuel efficient. It's the perfect vehicle for keeping your fuel costs down and your driving enjoying up.The 500c Abarth is well maintained and has just 40,589mi. This low amount of miles makes this vehicle incomparable to the competition.More information about the 2015 FIAT 500c:The FIAT 500 is a small 4-seater with cute looks and great fuel economy. It's relatively inexpensive, but does have some upscale pretentions, with some trims competing directly with rivals like the MINI Cooper S. Like much more expensive Italian cars, the FIAT 500 offers more customization potential than is typical for an inexpensive small car. With a FIAT Studio system at dealerships, buyers can customize with interior and exterior accessories, striping packages and more. FIAT 500 Abarth models also live up to the ""small but wicked"" approach that inspired the 1960s-era performance models before. The idea is to offer high performance in a small car, with a dash of Italian exotic personality and pedigree. Safety is also a strong point for the 500, it's been named an Insurance Institute for Highway Safety (IIHS) Top Safety Pick.This model sets itself apart with good gas mileage, practical, stylish interior, Nimble, responsive driving feel, Abarth model's track-ready performance, and flamboyant exterior<br /><br />","[PREMIUM]","[PREMIUM]",139.75,
"WVWBW8AH0FV004247IB0URC800120260828","2026-09-04 12:19:18.290","2026-09-04 12:19:18.290","[PREMIUM]","[PREMIUM]","004247",2015,"Volkswagen","Eos","Komfort",,"Convertible","Blue","Tan","4 Cyl","2.0 L","FWD","Automatic","Gasoline",81335,"[PREMIUM]","[PREMIUM]",,"GREAT","Used",,,22,30,25,,true,true,,"['{""ownerNumber"":1,""purchaseDate"":""06/19/15"",""endOwnershipDate"":""03/21/19"",""city"":""Pembroke Pines"",""state"":""FL""}','{""ownerNumber"":2,""purchaseDate"":""04/23/19"",""endOwnershipDate"":""02/06/24"",""city"":""Atlanta"",""state"":""GA""}','{""ownerNumber"":3,""purchaseDate"":""07/14/26"",""endOwnershipDate"":""08/28/26"",""city"":""Lewisville"",""state"":""TX""}']",29,19,1,"2026-08-28","ENHANCED","USED",true,"[PREMIUM]","Plano","TX","75074","[PREMIUM]",4.5,6,"IB0URC8001","[PREMIUM]","[PREMIUM]","[PREMIUM]","[PREMIUM]","[PREMIUM]","ADVANTAGE",,,,,"[PREMIUM]","[PREMIUM]",19,"['Navigation System','Keyless Entry','Fog Lights','Heated Seats','Alloy Wheels','Satellite Radio','Side Airbags']",7,"['AM/FM','Adjustable Steering Wheel','Air Conditioning','Anti-Lock Brakes','Anti-Theft System','CD (Single Disc)','Cruise Control','Daytime Running Lights','Dual Airbags','Handsfree/Bluetooth Integration','Hill Assist System','MP3','Power Locks','Power Seat (Dual)','Power Steering','Power Sun/Moonroof','Power Windows','Rollover Protection Bars','Side Curtain Airbags','Stability Control','Telematics System','Traction Control','Volkswagen Car-Net']",23,"<p></p><p>3400 Auto Sales &amp; Service Center</p><p>3400 14th St, Plano, TX 75074</p><p>(972) 424-7442</p>","[PREMIUM]","[PREMIUM]",157.7,
"3C3CFFDR1FT504323HHKLYZSW6B20260830","2026-09-04 12:19:18.279","2026-09-04 12:19:18.279","[PREMIUM]","[PREMIUM]","26246-1",2015,"Fiat","500","Pop",,"Convertible","Green","Tan","4 Cyl","1.4 L","FWD","Automatic","Gasoline",38125,"[PREMIUM]","[PREMIUM]",9380,"FAIR","Used",,,,,,true,true,true,,"['{""ownerNumber"":1,""purchaseDate"":""04/26/16"",""endOwnershipDate"":""07/12/16"",""city"":""Lake Orion"",""state"":""MI""}','{""ownerNumber"":2,""purchaseDate"":""11/04/16"",""endOwnershipDate"":""04/08/25"",""city"":""Union City"",""state"":""TN""}','{""ownerNumber"":3,""purchaseDate"":""04/08/25"",""endOwnershipDate"":""08/28/26"",""city"":""Union City"",""state"":""TN""}']",18,17,0,"2026-08-30","ENHANCED","USED",true,"[PREMIUM]","Union City","TN","38261","[PREMIUM]",4.7,36,"HHKLYZSW6B","[PREMIUM]","[PREMIUM]","[PREMIUM]","[PREMIUM]","[PREMIUM]","TOPRATED",,,,,"[PREMIUM]","[PREMIUM]",17,"['Keyless Entry','Bucket Seats','Alloy Wheels','Heated Mirrors','15 Inch Wheels','Power Top','Cloth Seats','Independent Suspension']",8,"['2nd Row Split/Folding Seats','4-Wheel Disc Brakes','6 Speakers','AM/FM','Adjustable Steering Wheel','Air Conditioning','Anti-Lock Brakes','Body Colored Bumpers','Braking Assist','CD (Single Disc)','Cruise Control','Delay-Off Headlights','Digital Instrument Cluster','Door Bin','Front Airbags (Driver)','Front Airbags (Passenger)','Front Anti-Roll Bar','Front Bucket Seats','Front Knee Airbags (Driver)','Front Side Airbags (Driver)','Front Side Airbags (Passenger)','Head Restraint Whiplash Protection','Illuminated Entry','Leather Steering Wheel','MP3','Overhead Airbag','Passenger Sensing Airbag','Power Mirrors','Power Steering','Power Windows','Radio Data System','Reading Lights','Rear Parking Sensors','Rear Window Defroster','Remote Keyless Entry','Soft Top','Stability Control','Steering Wheel Controls','Tachometer','Thermometer','Tire Pressure Monitoring System','Traction Control','Trip Computer','Vanity Mirror/Light']",44,"Clean CARFAX. Verde Oliva (Olive Green) 2015 Fiat 500c Pop FWD 6-Speed Aisin F21-250 Auto 1.4L I4 16V MultiAir 15"" x 6.0"" Aluminum Wheels, 4-Wheel Disc Brakes, 6 Speakers, ABS brakes, Air Conditioning, AM/FM CD MP3 Radio, AM/FM radio, Anti-whiplash front head restraints, Beige Soft Top, Brake assist, Bumpers: body-color, CD player, Cloth Bucket Seats, Convertible roof lining, Delay-off headlights, Driver door bin, Driver vanity mirror, Dual front impact airbags, Dual front side impact airbags, Electronic Stability Control, Front anti-roll bar, Front Bucket Seats, Front reading lights, Front wheel independent suspension, Glass rear window, Heated door mirrors, Illuminated entry, Knee airbag, Leather steering wheel, Low tire pressure warning, Manufacturer's Statement of Origin, Occupant sensing airbag, Outside temperature display, Overhead airbag, Passenger door bin, Passenger vanity mirror, Power convertible roof, Power door mirrors, Power steering, Power windows, Premium 7 - Cluster Display, Quick Order Package 22A, Radio data system, Rear Parking Sensors, Rear window defroster, Remote keyless entry, Speed control, Split folding rear seat, Steering wheel mounted audio controls, Tachometer, Tilt steering wheel, Traction control, Trip computer, 15"" x 6.0"" Aluminum Wheels.<br /><br />Jerry Ward Autoplex in Union City, TN treats the needs of each individual customer with paramount concern. We know that you have high expectations, and as a car dealer we enjoy the challenge of meeting and exceeding those standards each and every time. Allow us to demonstrate our commitment to excellence! Recent Arrival! Odometer is 50472 miles below market average! 27/34 City/Highway MPG<br /><br /><br />Like Jerry always says, ""Don't Dream it, Drive it!"" Come buy your next vehicle from the #1 highest rated used car dealership in Tennessee! 6X Winner Dealer of The Year! 2019,2020,2021,2022, 2023 and now 2024!<br /><br />Reviews:<br /> * If you’re looking for something practical, affordable and efficient but not boring, the 2015 Fiat 500 subcompact is a viable alternative to the Nissan Versa Note, Scion iQ or Honda Fit. The Abarth model will give the Mini Cooper a run for its money, too. Source: KBB.com","[PREMIUM]","[PREMIUM]",161,
"WMWZN3C52FT861816WK2IAWEZ6M20260829","2026-09-04 12:19:18.169","2026-09-04 12:19:18.169","[PREMIUM]","[PREMIUM]","AV4881",2015,"Mini","Cooper","Unspecified",,"Convertible","Green","Black","4 Cyl","1.6 L","FWD","Automatic","Gasoline",86986,"[PREMIUM]","[PREMIUM]",10590,"FAIR","Used",,,26,33,29,,true,true,,"['{""ownerNumber"":1,""purchaseDate"":""03/30/15"",""endOwnershipDate"":""08/02/17"",""city"":""New York"",""state"":""NY""}','{""ownerNumber"":2,""purchaseDate"":""09/07/17"",""endOwnershipDate"":""10/13/23"",""city"":""San Ramon"",""state"":""CA""}','{""ownerNumber"":3,""purchaseDate"":""10/13/23"",""endOwnershipDate"":""08/19/26"",""city"":""La Porte"",""state"":""IN""}']",9,32,0,"2026-08-29","ENHANCED","USED",true,"[PREMIUM]","Kirtland","OH","44094","[PREMIUM]",4.7,28,"WK2IAWEZ6M","[PREMIUM]","[PREMIUM]","[PREMIUM]","[PREMIUM]","[PREMIUM]","ADVANTAGE",,,,,"[PREMIUM]","[PREMIUM]",32,"['Cold Weather Package','Keyless Entry','Leather Seats','Heated Seats','Alloy Wheels','Heated Mirrors','Sport Seats','Power Top','Cloth Seats']",9,"['2nd Row Split/Folding Seats','4-Wheel Disc Brakes','4-Wheel Independent Suspension','6 Speakers','AM/FM','Adjustable Steering Wheel','Air Conditioning','Anti-Lock Brakes','Anti-Theft System','Armrest','Auto Climate Control','Automatic Headlights','Body Colored Bumpers','Braking Assist','CD (Single Disc)','Chrome Mirrors','Cloth Upholstery','Cruise Control','Delay-Off Headlights','Door Bin','Front Airbags (Driver)','Front Airbags (Passenger)','Front Anti-Roll Bar','Front Bucket Seats','Front Side Airbags (Driver)','Front Side Airbags (Passenger)','Illuminated Entry','Leather Steering Wheel','Leatherette Seats','Overhead Console','Passenger Sensing Airbag','Piano Black Interior Trim','Power Folding Mirrors','Power Mirrors','Power Steering','Power Sun/Moonroof','Power Windows','Radio Data System','Rain-Sensing Wipers','Reading Lights','Rear Anti-Roll Bar','Rear Window Defroster','Remote Keyless Entry','Rollover Protection Bars','Speed-Sensing Steering','Sport Steering Wheel','Stability Control','Steering Wheel Controls','Tachometer','Thermometer','Tire Pressure Monitoring System','Traction Control','Trip Computer','Turn Signal Mirrors','Vanity Mirror/Light']",55,"Recent Arrival!<br /><br />British Racing Green Metallic 2015 MINI Cooper FWD 6-Speed Automatic with Steptronic 1.6L I4 DOHC 16V Fully Detailed and Serviced, 16"" 6-Star Twin Spoke Alloy Wheels, Automatic temperature control, Convertible roof lining, Fully automatic headlights, Heated Front Seats.<br /><br />Call us at 216-712-6224 to schedule your test drive. A Free CarFax is available on our website! All vehicles are hand-picked for our valued customers and are fully serviced and detailed. We offer to finance for all credit types- please contact our finance team to be pre-approved!<br />26/34 City/Highway MPG<br /><br /><br />Our friendly and knowledgeable staff is here to help you find the perfect car within your budget. $0 Down Payment is available with auto loan pre-approval. Apply today to drive your car home.","[PREMIUM]","[PREMIUM]",157.75,
"WMWSY1C57CT429151JARK8NMVAI20260902","2026-09-04 10:19:29.265","2026-09-04 10:19:29.265","[PREMIUM]","[PREMIUM]","S266289M",2012,"Mini","Cooper Roadster","Base",,"Convertible","Red","Black","4 Cyl","1.6 L","FWD","Manual","Gasoline",108822,"[PREMIUM]","[PREMIUM]",,,"Used",,,27,34,30,true,true,true,true,"['{""ownerNumber"":1,""purchaseDate"":""06/29/12"",""endOwnershipDate"":""Present"",""city"":""Indianapolis"",""state"":""IN""}']",25,11,1,"2026-09-02","ENHANCED","NEW",true,"[PREMIUM]","Indianapolis","IN","46202","[PREMIUM]",4.7,452,"JARK8NMVAI","[PREMIUM]","[PREMIUM]","[PREMIUM]","[PREMIUM]","[PREMIUM]","TOPRATED",,,,,"[PREMIUM]","[PREMIUM]",11,"['Keyless Entry','Spoiler','Heated Seats','Ambient Lighting','Alloy Wheels','Satellite Radio','16 Inch Wheels','Side Airbags','Keyless Ignition','Independent Suspension']",10,"['12V Power Outlet','3-Point Seat Belts','4-Wheel Disc Brakes','4-Wheel Independent Suspension','6 Speakers','AM/FM','Adjustable Headrests','Adjustable Seats','Adjustable Steering Wheel','Air Conditioning','Air Filtration','Airbag Deactivation (Passenger)','Antenna','Anti-Lock Brakes','Anti-Theft System','Automatic Hazard Warning Lights','Body Colored Bumpers','Braking Assist','CD (Single Disc)','Cargo Area Light','Chrome Front Grill','Cruise Control','Cup Holder','Daytime Running Lights','Delay-Off Headlights','Door Bin','Door Unlock Impact Sensor','Electronic Brake Force Distribution','Engine Immobilizer','Floor Mats','Front Airbags (Driver)','Front Airbags (Passenger)','Front Anti-Roll Bar','Front Bucket Seats','Front Crumple Zones','Front Headrests','Front Side Airbags','Front Side Airbags (Driver)','Front Side Airbags (Passenger)','Front Stabilizer Bar','Front Ventilated Disc Brakes','Fuel Cut-Off Impact Sensor','Fuel Data Display','HD Radio','Illuminated Entry','Intermittent Wipers','Leather Steering Wheel','Leatherette Seats','MacPherson Front Suspension','Multi-Link Suspension','One-Touch Power Windows','Overhead Console','Passenger Sensing Airbag','Power Locks','Power Mirrors','Power Steering','Radio Data System','Reading Lights','Rear Anti-Roll Bar','Rear Crumple Zones','Rear Parking Sensors','Rear Spoiler','Rear Stabilizer Bar','Rear Window Defroster','Remote Keyless Entry','Remote Trunk Release','Rollover Protection Bars','Run-Flat Tires','Seat Belt Pretensioners','Soft Top','Speed Sensitive Volume Control','Speed-Sensing Steering','Sport Steering Wheel','Stability Control','Steering Wheel Controls','Tachometer','Thermometer','Tire Pressure Monitoring System','Traction Control','Trip Computer','Trip Odometer','Vanity Mirror/Light']",82,"CARFAX One-Owner. Clean CARFAX. Chili Red 2012 MINI Cooper FWD Getrag 6-Speed Manual with Overdrive 1.6L I4 DOHC 16V 16"" x 6.5"" 4-Hole Circular Spoke Alloy Wheels, 16"" x 6.5"" 6-Star Twin Spoke Alloy Wheels, 4-Wheel Disc Brakes, 6 Speakers, ABS brakes, Air Conditioning, Alloy wheels, AM/FM radio: SiriusXM, Brake assist, Bumpers: body-color, CD player, Delay-off headlights, Driver door bin, Driver vanity mirror, Dual front impact airbags, Dual front side impact airbags, Electronic Stability Control, Four wheel independent suspension, Front anti-roll bar, Front Bucket Seats, Front reading lights, Glass rear window, HD Radio, Heated Front Seats, Illuminated entry, Integrated roll-over protection, Leather steering wheel, Leatherette Upholstery, Low tire pressure warning, Occupant sensing airbag, Outside temperature display, Overhead console, Passenger door bin, Passenger vanity mirror, Power door mirrors, Power steering, Power windows, Radio data system, Radio: AM/FM/HD/Satellite/CD w/6 Speakers, Rear anti-roll bar, Rear Park Distance Control, Rear window defroster, Remote keyless entry, Semi-Automatic Soft-Top, SIRIUS Satellite Radio, Speed control, Speed-sensing steering, Speed-Sensitive Wipers, Spoiler, Sport Leather Steering Wheel, Sport steering wheel, Steering wheel mounted audio controls, Tachometer, Telescoping steering wheel, Tilt steering wheel, Traction control, Trip computer, Variably intermittent wipers. Why buy from us? Unmatchable quality, exceptional service, and unbeatable prices. We care! Each vehicle up to 10 yrs old and under 60K comes with our SpeedwayCares Complimentary Lifetime Powertrain Warranty with the ability to upgrade to Comprehensive Coverage. Speedway Cars has the area's cleanest and largest Subaru and Volkswagen Certified Used vehicle inventory. Buy with confidence as we provide our customers with the most transparent pricing and detailed condition reports. No other store offers as much information on one site to make an educated buying decision. Enjoy peace of mind with our hassle-free finance department. We Deliver! Free delivery up to 300 miles!. We will arrange out-of-town delivery to any location in the country, as well as providing free airport pickups to bring you to our dealership. Bad Credit? No Credit? Don’t Sweat It! We recognize that bad things happen to good people. At Speedway Subaru Volkswagen, we specialize in finding solutions for our credit challenged customers. Please contact us at www.speedwaycars.com or 1-317-263-0002 for all of your automotive needs including our state-of-the-art Xpress Lube and Full Service facilities for tires, brakes, multi-point vehicle inspections, and much more. Our Service Department is open until 5:30PM. We have the expertise, technology, and convenient hours when caring for your vehicle. 27/35 City/Highway MPG Awards: * JD Power APEAL Study","[PREMIUM]","[PREMIUM]",167.7,
"WBA1K7C56FV235395Q7WQ1NGRX120260830","2026-09-04 10:19:29.264","2026-09-04 10:19:29.264","[PREMIUM]","[PREMIUM]","FV235395",2015,"BMW","2 Series","228i xDrive",,"Convertible","White","White","4 Cyl","2.0 L","AWD","Automatic","Gasoline",98190,"[PREMIUM]","[PREMIUM]",14470,"GOOD","Used",,,22,32,26,true,true,true,,"['{""ownerNumber"":1,""purchaseDate"":""04/13/15"",""endOwnershipDate"":""04/06/18"",""city"":""Chappaqua"",""state"":""NY""}','{""ownerNumber"":2,""purchaseDate"":""08/28/18"",""endOwnershipDate"":""08/30/26"",""city"":""Aurora"",""state"":""CO""}']",10,30,1,"2026-08-30","ENHANCED","NEW",true,"[PREMIUM]","Littleton","CO","80121","[PREMIUM]",4.2,261,"Q7WQ1NGRX1","[PREMIUM]","[PREMIUM]","[PREMIUM]","[PREMIUM]","[PREMIUM]","TOPRATED",,,,,"[PREMIUM]","[PREMIUM]",30,"['Technology Package','Premium Package','Cold Weather Package','Navigation System','Keyless Entry','Leather Seats','Heated Seats','Heated Steering Wheel','Ambient Lighting','Alloy Wheels']",10,"['Adjustable Lumbar Support','Air Filtration','Airbags','Anti-Lock Brakes','Auto-Dimming Mirror','ConnectedDrive','Handsfree/Bluetooth Integration','Headlight Washers','High Intensity Discharge Headlights','Integrated Garage Door Opener','Keyless Ignition','Passive Keyless Entry','Power Seat (Dual)','Power Top','Premium Sound System','Real-Time Traffic','Satellite Radio','Seat Memory','Soft Top','Stability Control','Telematics System','Traction Control']",22,"<ul><li>Premium Package</li><li>Technology Package</li><li>Oyster, Dakota Leather Upholstery</li><li>Cold Weather Package</li><li>Leather Seats</li><li>Navigation System</li><li>Keyless Start</li><li>Convertible Soft Top</li><li>Alpine White</li></ul><br /><br />This vehicle includes a Money-Back Guarantee* and passed our precise inspection process. Best of all the price you see is the price you pay. No haggling. No back and forth. No pressure. And this price is so good it is guaranteed. *Money-Back Guarantee is valid for 5 days or 250 miles, whichever comes first. Subject to certain terms and conditions. See store for details. Some restrictions apply. <br /><br />TITLE: 2015 BMW 228i xDrive Convertible AWD, Turbo Power, Low-Mile Colorado Ownership QUICK HIGHLIGHTS 95,002 miles | VIN: WBA1K7C56FV235395 2.0L TwinPower Turbo I4 with xDrive All-Wheel Drive 2-owner convertible with clean history and strong service records KEY FEATURES 2.0L Turbocharged I4 engine with automatic transmission xDrive All-Wheel Drive for confident year-round driving BMW iDrive infotainment, Bluetooth connectivity, premium audio, push-button start Advanced airbags, stability control, traction control, ABS brakes Power convertible top, premium interior, alloy wheels, White exterior BMW Certified Pre-Owned history during prior ownership CONDITION 2 previous owners (personal lease, then personal ownership) No accidents or damage reported No total loss, structural damage, airbag deployment, or odometer issues reported Consistent service history including routine maintenance, inspections, oil services, brake checks, tire service, and alignments RECENT MAINTENANCE Maintenance inspections completed Multiple oil and filter changes Brake system inspections and brake fluid service Cabin air filter replaced Four-wheel alignment performed Tires balanced, mounted, rotated, and inspected Battery and charging system checks completed Passed emissions and safety inspections SELLER NOTES Well-maintained BMW convertible with AWD capability, clean history, documented maintenance, and Colorado ownership. A great blend of luxury, performance, and open-air driving enjoyment. CONTACT Phone: 303-578-6103 Address: 5445 S Broadway, Littleton, CO 80121 THANK YOU FOR VISITING AUTO NATION CHRYLSER JEEP ON BROADWAY! WE ARE YOUR ONE STOP SHOP FOR ALL YOUR VEHICLE NEEDS. SCHEDULE YOUR APPOINTMENT TODAY! 303-578-6103 5445 SOUTH BROADWAY, LITTLETON CO 80121 Your dealer in Denver, Englewood, Centennial, Aurora, Boulder, Littleton, Lakewood, Golden, Thornton, Castle Rock.<br /><br />","[PREMIUM]","[PREMIUM]",181.45,
"WAUMFAFH4FN007030M2OFREPSDM20260902","2026-09-04 10:19:29.261","2026-09-04 10:19:29.261","[PREMIUM]","[PREMIUM]","H88",2015,"Audi","A5","Premium Plus",,"Convertible","Silver","Black","4 Cyl","2.0 L","AWD","Automatic","Gasoline",72512,"[PREMIUM]","[PREMIUM]",15580,"GOOD","Used",,,21,29,24,,true,true,,"['{""ownerNumber"":1,""purchaseDate"":""07/20/15"",""endOwnershipDate"":""05/22/19"",""city"":""Bel Air"",""state"":""MD""}','{""ownerNumber"":2,""purchaseDate"":""06/27/19"",""endOwnershipDate"":""08/19/19"",""city"":""Cockeysville"",""state"":""MD""}','{""ownerNumber"":3,""purchaseDate"":""03/24/25"",""endOwnershipDate"":""Present"",""city"":""Colorado Springs"",""state"":""CO""}']",8,14,0,"2026-09-02","ENHANCED","USED",,"[PREMIUM]","Albuquerque","NM","87123","[PREMIUM]",,,"M2OFREPSDM","[PREMIUM]","[PREMIUM]","[PREMIUM]","[PREMIUM]","[PREMIUM]","ADVANTAGE",,,,,"[PREMIUM]","[PREMIUM]",14,"['Premium Plus Package','Navigation System','Keyless Entry','Fog Lights','Heated Seats','Alloy Wheels','Satellite Radio','Side Airbags','Keyless Ignition','Power Top']",10,"['AM/FM','Adjustable Steering Wheel','Air Conditioning','Anti-Lock Brakes','Anti-Theft System','Bang %26 Olufsen Sound System','CD (Single Disc)','Cruise Control','Daytime Running Lights','Dual Airbags','Front Knee Airbags (Driver)','Front Knee Airbags (Passenger)','Handsfree/Bluetooth Integration','High Intensity Discharge Headlights','MP3','Power Locks','Power Seat (Dual)','Power Steering','Power Windows','Rollover Protection Bars','Stability Control','Traction Control']",22,"<p></p>Experience Open-Air Excitement with This 2015 Audi A5 Premium Plus Cabriolet!<p>Get ready to turn heads and elevate every drive with this stunning 2015 Audi A5 Premium Plus Cabriolet! Dressed in a sleek silver exterior with a sophisticated black interior, this convertible is perfect for those who crave style, performance, and the pure joy of the open road. The automatic 8-speed Tiptronic transmission promises a smooth and spirited ride, while the elegant two-door design invites you to enjoy every sunny day to the fullest.</p><p>Don't miss your chance to own this dynamic Audi A5, offered at just $14,696 with only 72,512 miles. Start your next adventure in style and make every journey unforgettable!</p>","[PREMIUM]","[PREMIUM]",164,
"2G1FD3D32F9221319IDPWYCW00120260902","2026-09-04 10:19:29.248","2026-09-04 10:19:29.248","[PREMIUM]","[PREMIUM]","F9221319",2015,"Chevrolet","Camaro","LT","1LT","Convertible","Burgundy","Gray","6 Cyl","3.6 L","RWD","Automatic","Gasoline",138365,"[PREMIUM]","[PREMIUM]",13700,"GREAT","Used",,,,,,true,true,,,"['{""ownerNumber"":1,""purchaseDate"":""04/06/15"",""endOwnershipDate"":""05/06/16"",""city"":""Kahului"",""state"":""HI""}','{""ownerNumber"":2,""purchaseDate"":""10/22/16"",""endOwnershipDate"":""02/06/18"",""city"":""Concord"",""state"":""CA""}','{""ownerNumber"":3,""purchaseDate"":""06/07/18"",""endOwnershipDate"":""05/16/19"",""city"":""Oakley"",""state"":""CA""}','{""ownerNumber"":4,""purchaseDate"":""05/28/19"",""endOwnershipDate"":""08/16/26"",""city"":""Chico"",""state"":""CA""}']",7,37,0,"2026-09-02","ENHANCED","USED",true,"[PREMIUM]","Fresno","CA","93702","[PREMIUM]",2.3,3,"IDPWYCW001","[PREMIUM]","[PREMIUM]","[PREMIUM]","[PREMIUM]","[PREMIUM]","ADVANTAGE","GREAT","AVERAGE","LOW",400,"[PREMIUM]","[PREMIUM]",37,"['Navigation System','Keyless Entry','Fog Lights','19 Inch Wheels','Satellite Radio','Side Airbags','Keyless Ignition','Power Top']",8,"['AM/FM','Adjustable Steering Wheel','Air Conditioning','Anti-Lock Brakes','Cruise Control','Daytime Running Lights','Dual Airbags','Handsfree/Bluetooth Integration','OnStar Communication System','Parking Assist System','Power Locks','Power Seat (Dual)','Power Steering','Power Windows','Premium Wheels','Rear Spoiler','Rear-View Camera','Side Curtain Airbags','Stability Control','Traction Control']",20,"<p></p><p></p><h3><strong>We Ship Nationwide!</strong></h3><h3><strong>Financing Available!</strong><br />Customers must apply and qualify. We'll work hard to secure the best financing options based on your credit score and history.</h3><h3><strong>Free CARFAX &amp; NMVTIS Report!</strong><br />Call us today at <strong>559-744-0786</strong> for more information!<br />DISCLAIMER</h3><p>Whilst every effort has been made by 786 Auto Sales to accurately describe this vehicle, its options and equipment, pricing, mileage, warranties and incentives, it is the customers responsibility to verify the information listed. You agree to hold 786 Auto Sales harmless for misprints on prices or general information about this vehicle. By using our website you agree that 786 Auto Sales has the right to cancel a sale or a promise of a sale if that sale is based on an incorrect price. All vehicles are sold as is including frame and structure of the vehicle! Some vehicles still have a remainder of factory warranty! Customer will accept vehicle at the present condition that its in.</p><p><br />Pricing does not include government fees and taxes, state and/or local taxes, smog fees, dealer freight fee, any finance charges, any dealer document preparation charges, emission testing charge, registration or title fees. Depending on the age of the vehicle, normal wear and tear should be anticipated. Prices are subject to change without notice. While we do our best to describe our vehicles accurately, some descriptions and / or images provided by third parties may differ from the actual information or appearance of the vehicle. 786 Auto Sales assumes no liability for omissions or errors in this vehicle listing and encourages prospective buyers to verify the information by contacting us or viewing the vehicle at our dealership. All finance offers are O.A.C (On Approved Credit) / O.A.D (On Approved Deposit).<br /><br />Our payment calculator tool is provided as an estimator of your payments only and your actual payment may differ from that shown.</p><p><br /></p><p><br /></p>","[PREMIUM]","[PREMIUM]",169.75,
"JM1NC2LF4F0237723DACGPFI1O120260829","2026-09-04 10:19:29.246","2026-09-04 10:19:29.246","[PREMIUM]","[PREMIUM]","SP17821B",2015,"Mazda","Miata","Club",,"Convertible","White","Black","4 Cyl","2.0 L","RWD","Manual","Gasoline",172906,"[PREMIUM]","[PREMIUM]",12790,"GREAT","Used",,,21,27,24,,true,true,,"['{""ownerNumber"":1,""purchaseDate"":""11/06/14"",""endOwnershipDate"":""06/14/17"",""city"":""Grapevine"",""state"":""AR""}','{""ownerNumber"":2,""purchaseDate"":""08/07/17"",""endOwnershipDate"":""08/21/18"",""city"":""Little Rock"",""state"":""AR""}','{""ownerNumber"":3,""purchaseDate"":""11/26/18"",""endOwnershipDate"":""05/03/19"",""city"":""Pocahontas"",""state"":""AR""}','{""ownerNumber"":4,""purchaseDate"":""08/16/19"",""endOwnershipDate"":""08/29/26"",""city"":""Marks"",""state"":""MS""}']",21,,1,"2026-08-29","ENHANCED","NEW",true,"[PREMIUM]","Olive Branch","MS","38654","[PREMIUM]",3.9,15,"DACGPFI1O1","[PREMIUM]","[PREMIUM]","[PREMIUM]","[PREMIUM]","[PREMIUM]","ADVANTAGE",,,,,"[PREMIUM]","[PREMIUM]",,"['Keyless Entry','Fog Lights','Wind Deflector','Alloy Wheels','17 Inch Wheels','22 Inch Wheels','Cloth Seats']",7,"['4-Wheel Disc Brakes','4-Wheel Independent Suspension','6 Speakers','AM/FM','Adjustable Seats','Adjustable Steering Wheel','Air Conditioning','Anti-Lock Brakes','Beverage Holder','Body Colored Bumpers','CD (Single Disc)','Cloth Upholstery','Cruise Control','Door Bin','Front Airbags (Driver)','Front Airbags (Passenger)','Front Anti-Roll Bar','Front Bucket Seats','Front Center Armrest','Front Side Airbags (Driver)','Front Side Airbags (Passenger)','Leather Shift Knob Trim','Panic Button','Passenger Sensing Airbag','Power Mirrors','Power Steering','Power Windows','Rear Anti-Roll Bar','Rear Window Defroster','Remote Keyless Entry','Speed-Sensing Steering','Sport Steering Wheel','Stability Control','Steering Wheel Controls','Tachometer','Thermometer','Tire Pressure Monitoring System','Traction Control','Trip Computer','Vanity Mirror/Light','Wheel Locks']",41,"Crystal White Pearl 2015 Mazda Miata Club RWD 6-Speed Manual 2.0L I4 DOHC VVT 16V Black W/Red Stitch Cloth.<br /><br />We’re confident we have the right price for you, the right quality for you, the right level of trust for you and the proper respect for how you want to purchase an automobile. We pride ourselves on the best and fastest way to get all the information you need to make well-informed decisions all in 30 minutes or less. Express Buying is Fast, Simple, Friendly, and Fair. It all adds up to the right car buying experience for you. You’ll simply love the way we do business. Need specific reasons to start here? Have a look at the list below: Upfront prices. Zero hassles. Homer Skelton Ford makes it easy to find the right car for you at a price you can trust. Your car's no-haggle price is the same online as it is on the lot, and we will validate our pricing 100% of the time. We also offer very flexible financing options. We stand behind our cars. All of our used cars are Quality Certified and come with a free vehicle history and safety recall report, and a 72-Hour Money-Back Guarantee. Certain vehicles may have unrepaired safety recalls. We'll buy your car even if you don't buy ours. Our fast, free appraisal process along with our partnership with Kelly Blue Book’s Trade-In Buying Center ensures the most money for your Trade-In. KBB will write you a check for your automobile or we will! Either cash offer is good for seven days. And we'll buy any car, no matter its age or condition. Recent Arrival! 21/28 City/Highway MPG","[PREMIUM]","[PREMIUM]",165.7,"Accident Reported"
"WAUMFAFH7FN010410QQWISYKXQY20260828","2026-09-04 10:19:29.246","2026-09-04 10:19:29.246","[PREMIUM]","[PREMIUM]","010410",2015,"Audi","A5","Premium Plus",,"Convertible","White","Black","4 Cyl","2.0 L","AWD","Automatic","Gasoline",138477,"[PREMIUM]","[PREMIUM]",11250,"GREAT","Used",,,21,29,24,,true,true,,"['{""ownerNumber"":1,""purchaseDate"":""08/06/15"",""endOwnershipDate"":""03/11/19"",""city"":""West Bloomfield"",""state"":""MI""}','{""ownerNumber"":2,""purchaseDate"":""04/27/20"",""endOwnershipDate"":""01/21/21"",""city"":""Edmond"",""state"":""OK""}','{""ownerNumber"":3,""purchaseDate"":""06/07/22"",""endOwnershipDate"":""08/28/26"",""city"":""Ball Ground"",""state"":""GA""}']",20,24,2,"2026-08-28","ENHANCED","USED",true,"[PREMIUM]","Lexington","SC","29072","[PREMIUM]",2.8,13,"QQWISYKXQY","[PREMIUM]","[PREMIUM]","[PREMIUM]","[PREMIUM]","[PREMIUM]","ADVANTAGE",,,,,"[PREMIUM]","[PREMIUM]",24,"['Remote Start','Spare Tire','Keyless Entry','Fog Lights','Leather Seats','Heated Seats','Subwoofer','Bucket Seats','Tinted Windows','18 Inch Wheels']",10,"['10 Speakers','12V Power Outlet','3-Point Seat Belts','6 Airbags','AM/FM','Adjustable Headrests','Adjustable Lumbar Support','Adjustable Seats','Adjustable Steering Wheel','Air Conditioning','Air Filtration','Airbags','All-Season Tires','Alloy Wheels','Antenna','Anti-Lock Brakes','Anti-Theft System','Auto Climate Control','Auto-Dimming Mirror','Aux Audio Adapter','Body Colored Door Handles','Braking Assist','CD (Single Disc)','Cargo Area Light','Child Seat Anchors','Compass','Console Beverage Cooler','Cruise Control','Daytime Running Lights','Electronic Brake Force Distribution','Front Airbags (Driver)','Front Airbags (Passenger)','Front Headrests','Front Knee Airbags (Driver)','Front Knee Airbags (Passenger)','Front Side Airbags (Driver)','Front and Rear Stabilizer Bar','Glove Box','Handsfree/Bluetooth Integration','Heated Mirrors','High Intensity Discharge Headlights','Humidity Sensor','Independent Suspension','Integrated Garage Door Opener','Keyless Ignition','LED Lights','LED Tail Lights','Leather Steering Wheel','Limited Slip Differential','MP3','Memorized Settings','Memory Mirrors','Multi-Link Suspension','Multi-Zone Climate Control','Power Locks','Power Seat (Dual)','Power Steering','Power Top','Power Windows','Premium Sound System','Premium Wheels','Rain-Sensing Wipers','Rear Bench Seat','Rear Power Windows','Rear Window Defroster','Rear-View Camera','Rear-View Mirror Camera','Remote Audio Controls','Remote Keyless Entry','Remote Trunk Release','Rollover Protection Bars','SWB','Satellite Radio','Seat Belt Pretensioners','Seat Memory','Smart Key','Soft Top','Speed-Sensing Steering','Split/Folding Seats','Steel Spare Wheel Rim','Steering Wheel Controls','Tire Pressure Monitoring System','Traction Control','Turn Signal Mirrors','Vanity Mirror/Light','Ventilated Disc Brakes','Wind Deflector','iPod Adapter']",88,"Visit Kobey John Automotive LLC to shop our great deals. You can call 803-563-1810 to schedule your test drive today.","[PREMIUM]","[PREMIUM]",164.25,
"WMWZN3C59CT135155SC9NSYQPPU20260903","2026-09-04 10:19:29.242","2026-09-04 10:19:29.242","[PREMIUM]","[PREMIUM]","622",2012,"Mini","Cooper","Base",,"Convertible","White","Black","4 Cyl","1.6 L","FWD","Automatic","Gasoline",103995,"[PREMIUM]","[PREMIUM]",8430,"GREAT","Used",,,27,34,30,,true,true,,"['{""ownerNumber"":1,""purchaseDate"":""08/07/12"",""endOwnershipDate"":""06/10/15"",""state"":""CA""}','{""ownerNumber"":2,""purchaseDate"":""08/12/15"",""endOwnershipDate"":""06/30/21"",""city"":""Valencia"",""state"":""CA""}','{""ownerNumber"":3,""purchaseDate"":""07/09/21"",""endOwnershipDate"":""07/18/26"",""city"":""Newhall"",""state"":""CA""}']",28,25,0,"2026-09-03","ENHANCED","USED",true,"[PREMIUM]","Orange","CA","92868","[PREMIUM]",,,"SC9NSYQPPU","[PREMIUM]","[PREMIUM]","[PREMIUM]","[PREMIUM]","[PREMIUM]","ADVANTAGE",,,,,"[PREMIUM]","[PREMIUM]",25,"['Keyless Entry','Alloy Wheels','Satellite Radio','Side Airbags','Keyless Ignition','Power Top']",6,"['AM/FM','Adjustable Steering Wheel','Air Conditioning','Anti-Lock Brakes','Anti-Theft System','CD (Single Disc)','Cruise Control','Dual Airbags','Handsfree/Bluetooth Integration','Hill Assist System','MP3','Power Locks','Power Steering','Power Windows','Stability Control','Traction Control']",16,,"[PREMIUM]","[PREMIUM]",183.25,
"1FATP8EM4F5352552BIAHM74UBN20260829","2026-09-04 10:19:29.232","2026-09-04 10:19:29.232","[PREMIUM]","[PREMIUM]","352552",2015,"Ford","Mustang","Unspecified",,"Convertible","Red","Black","6 Cyl","3.7 L","RWD","Automatic","Gasoline",89323,"[PREMIUM]","[PREMIUM]",14090,"GREAT","Used",,,19,27,22,,true,,,"['{""ownerNumber"":1,""purchaseDate"":""01/23/15"",""endOwnershipDate"":""02/25/16"",""city"":""Orlando"",""state"":""FL""}','{""ownerNumber"":2,""purchaseDate"":""03/28/16"",""endOwnershipDate"":""03/28/24"",""city"":""Miami"",""state"":""FL""}']",9,31,0,"2026-08-29","ENHANCED","USED",true,"[PREMIUM]","DeLand","FL","32720","[PREMIUM]",,,"BIAHM74UBN","[PREMIUM]","[PREMIUM]","[PREMIUM]","[PREMIUM]","[PREMIUM]","ADVANTAGE","GOOD","AVERAGE","AVERAGE",390,"[PREMIUM]","[PREMIUM]",31,"[]",,"['']",1,"<p>Volusia Motors</p><p>210 W Beresford Ave</p><p>DeLand, FL</p><p></p><p>Monday- Friday</p><p>9a-6p</p><p>Saturday</p><p>9a-4p</p><p></p><p>NO DEALER FEES</p><p></p><p></p><p>1FATP8EM4F5352552</p><p>2015 Ford Mustang V6 Convertible 2D</p><p>V6, 3.7 Liter</p><p>Auto, 6-Spd SelectShift</p><p>RWD</p><p>Gasoline</p><p></p><p></p><p></p><p>Volusia Motors</p><p>DeLand, FL 32724</p><p></p><p>321-430-6192 (Call/Text)</p><p></p><p></p>","[PREMIUM]","[PREMIUM]",164.75,
"1FATP8EM4F5377659KY8FXIE00120260829","2026-09-04 10:19:29.228","2026-09-04 10:19:29.228","[PREMIUM]","[PREMIUM]","377659A",2015,"Ford","Mustang","Unspecified",,"Convertible","Silver","Black","6 Cyl","3.7 L","RWD","Automatic","Gasoline",96495,"[PREMIUM]","[PREMIUM]",15080,"GREAT","Used",,,19,27,22,true,true,,,"['{""ownerNumber"":1,""purchaseDate"":""03/11/15"",""endOwnershipDate"":""04/27/16"",""city"":""Orlando"",""state"":""FL""}','{""ownerNumber"":2,""purchaseDate"":""07/27/16"",""endOwnershipDate"":""02/13/19"",""city"":""Fort Payne"",""state"":""AL""}','{""ownerNumber"":3,""purchaseDate"":""03/30/19"",""endOwnershipDate"":""06/17/21"",""city"":""Pioneer"",""state"":""TN""}','{""ownerNumber"":4,""purchaseDate"":""06/23/21"",""endOwnershipDate"":""12/26/22"",""city"":""Jellico"",""state"":""TN""}','{""ownerNumber"":5,""purchaseDate"":""02/15/23"",""endOwnershipDate"":""08/29/26"",""city"":""Fairview"",""state"":""TN""}']",11,13,3,"2026-08-29","ENHANCED","USED",true,"[PREMIUM]","Clarksville","TN","37040","[PREMIUM]",5,3,"KY8FXIE001","[PREMIUM]","[PREMIUM]","[PREMIUM]","[PREMIUM]","[PREMIUM]","ADVANTAGE",,,,,"[PREMIUM]","[PREMIUM]",13,"['Remote Start','Keyless Entry','Leather Seats','Alloy Wheels','Limited Slip Differential','Removable Top','Power Top']",7,"['Adjustable Steering Wheel','Air Conditioning','Anti-Lock Brakes','Anti-Theft System','Auto-Dimming Mirror','Automatic Headlights','Braking Assist','CD (Single Disc)','Cruise Control','Front Airbags (Driver)','Front Airbags (Passenger)','Front Side Airbags (Driver)','High Intensity Discharge Headlights','Power Locks','Power Mirrors','Power Windows','Rear Window Defroster','Stability Control','Steering Wheel Controls','Tachometer','Telematics System','Tire Pressure Monitoring System','Traction Control','Trip Computer']",24,"Clean Carfax Mustang Convertible. Power Convertible Top, Remote Start,Leather Seating, Alloy Wheels on New Tires and Both Sets of Keys. View the Free Carfax atDabbsmidsouthautosales.com. Contact Denny Dabbs 931-302-3622. All prices are plus tax, title, license, and $299 doc fee Visit Dabbs Midsouth Internet online at www.dabbsmidsouthautosales.com to see more pictures of this vehicle or call us at 931-302-3622 today to schedule your test drive.","[PREMIUM]","[PREMIUM]",162.15,
"WBA3T1C59FP8201410WCMC3000120260902","2026-09-04 10:19:29.172","2026-09-04 10:19:29.172","[PREMIUM]","[PREMIUM]","820141",2015,"BMW","4 Series","428i xDrive",,"Convertible","Blue","Tan","4 Cyl","2.0 L","AWD","Automatic","Gasoline",114135,"[PREMIUM]","[PREMIUM]",11720,"GOOD","Used",,,21,32,25,true,true,true,,"['{""ownerNumber"":1,""purchaseDate"":""11/05/14"",""endOwnershipDate"":""04/23/18"",""city"":""New Hope"",""state"":""PA""}','{""ownerNumber"":2,""purchaseDate"":""07/04/18"",""endOwnershipDate"":""03/14/21"",""city"":""Palm Beach Gardens"",""state"":""FL""}','{""ownerNumber"":3,""purchaseDate"":""03/20/21"",""endOwnershipDate"":""02/21/22"",""city"":""Key West"",""state"":""FL""}','{""ownerNumber"":4,""purchaseDate"":""10/17/24"",""endOwnershipDate"":""Present"",""city"":""Fort Mitchell"",""state"":""KY""}']",12,53,0,"2026-09-02","ENHANCED","USED",true,"[PREMIUM]","West Chester Township","OH","45069","[PREMIUM]",4.2,18,"0WCMC30001","[PREMIUM]","[PREMIUM]","[PREMIUM]","[PREMIUM]","[PREMIUM]","ADVANTAGE",,,,,"[PREMIUM]","[PREMIUM]",53,"['Driver Assistance Package','Navigation System','Keyless Entry','Fog Lights','Heated Seats','Alloy Wheels','Parking Sensors','Hard Top','Satellite Radio','Side Airbags']",10,"['AM/FM','Adaptive Cruise Control','Adjustable Steering Wheel','Air Conditioning','Anti-Lock Brakes','Anti-Theft System','BMW Assist','CD (Single Disc)','Confidence Package','Daytime Running Lights','Dual Airbags','Front Knee Airbags (Driver)','Front Knee Airbags (Passenger)','Handsfree/Bluetooth Integration','High Intensity Discharge Headlights','Keyless Ignition','MP3','Power Locks','Power Seat (Dual)','Power Steering','Power Top','Power Windows','Rear-View Camera','Rollover Protection Bars','Stability Control','Super Ultra Low Emissions Vehicle','Traction Control']",27,"<p>Blue 2015 BMW 4 Series 428i xDrive Convertible 2D 4-Cyl, SULEV, Turbo, 2.0 Liter Auto, 8-Spd Sport AWD</p><p></p><p>This 4 Series is in great condition inside and out, Body and Paint are in good condition, considering the vehicle age and normal wear and tear, Engine and Transmission are running like a Swiss Watch, interior is extra clean, well maintained and serviced, it has been inspected and fully Detailed. Clean title and Carfax report.</p><p></p><p>Here at Decent Ride, All of our vehicles are Hand picked, putting our 20 years experience into picking the best out of the best for our customers.</p><p>All of our vehicles are inspected prior of our purchase, fully detailed and ready for a new home.</p><p>Advertised price is the cash selling price and it does not include sales tax and title fees, Finance price may vary depending on customer credit situation and finance charges also bank fees.</p>","[PREMIUM]","[PREMIUM]",161.25,
"JM1NC2PF6F0242139FHGPTHF00120260829","2026-09-04 10:19:29.171","2026-09-04 10:19:29.171","[PREMIUM]","[PREMIUM]","242139",2015,"Mazda","Miata","Grand Touring",,"Convertible","Silver","Black","4 Cyl","2.0 L","RWD","Automatic","Gasoline",98564,"[PREMIUM]","[PREMIUM]",16110,"GREAT","Used",,,21,27,23,true,true,true,,"['{""ownerNumber"":1,""purchaseDate"":""04/14/15"",""endOwnershipDate"":""05/15/15"",""city"":""Tucson"",""state"":""AZ""}','{""ownerNumber"":2,""purchaseDate"":""05/15/15"",""endOwnershipDate"":""07/07/15"",""city"":""Tucson"",""state"":""AZ""}','{""ownerNumber"":3,""purchaseDate"":""07/07/15"",""endOwnershipDate"":""04/15/18"",""city"":""Sierra Vista"",""state"":""AZ""}','{""ownerNumber"":4,""purchaseDate"":""04/15/18"",""endOwnershipDate"":""08/29/26"",""city"":""Glendale"",""state"":""CA""}']",6,37,4,"2026-08-29","ENHANCED","USED",true,"[PREMIUM]","Bloomington","CA","92316","[PREMIUM]",3.8,8,"FHGPTHF001","[PREMIUM]","[PREMIUM]","[PREMIUM]","[PREMIUM]","[PREMIUM]","ADVANTAGE",,,,,"[PREMIUM]","[PREMIUM]",37,"['Keyless Entry','Fog Lights','Heated Seats','Alloy Wheels','Side Airbags','Premium Sound System']",6,"['AM/FM','Adjustable Steering Wheel','Air Conditioning','Anti-Lock Brakes','Anti-Theft System','CD (Multi Disc)','Cruise Control','Dual Airbags','MP3','Power Locks','Power Steering','Power Windows','Stability Control','Traction Control']",14,"<p>Drives great, Family friendly, Not seen any accidents, Great first ride, Arctic cold a/c, No pets, Must test drive, Non-smoker owner, Vehicle Runs Well, Smooth ride, Lots of storage.</p><p>2015 MAZDA MX-5 Miata Grand Touring Convertible 2D 4-Cyl, 2.0 Liter Automatic, 6-Spd RWD 2Doors. 4Cyl. Convertible Gasoline 167HP. Silver/ Black. . 21MPG City/ 28MPG Hwy.</p><p>VIN: JM1NC2PF6F0242139.</p><p>98,564 Miles.</p>","[PREMIUM]","[PREMIUM]",172,
"WBA3V7C54FP772772845IWNDYBS20260831","2026-09-04 10:19:29.166","2026-09-04 10:19:29.166","[PREMIUM]","[PREMIUM]","PJ438070A",2015,"BMW","4 Series","428i",,"Convertible","White","Brown","4 Cyl","2.0 L","RWD","Automatic","Gasoline",92016,"[PREMIUM]","[PREMIUM]",12270,"GREAT","Used",,,23,33,26,,true,true,,"['{""ownerNumber"":1,""purchaseDate"":""04/14/15"",""endOwnershipDate"":""09/16/18"",""state"":""FL""}','{""ownerNumber"":2,""purchaseDate"":""10/23/18"",""endOwnershipDate"":""07/14/23"",""city"":""Boca Raton"",""state"":""FL""}','{""ownerNumber"":3,""purchaseDate"":""07/31/23"",""endOwnershipDate"":""08/31/26"",""city"":""Lake Worth"",""state"":""FL""}']",19,15,2,"2026-08-31","ENHANCED","NEW",true,"[PREMIUM]","Palmetto Bay","FL","33157","[PREMIUM]",4.1,1431,"845IWNDYBS","[PREMIUM]","[PREMIUM]","[PREMIUM]","[PREMIUM]","[PREMIUM]","TOPRATED",,,,,"[PREMIUM]","[PREMIUM]",15,"['Premium Package','Driver Assistance Package','Cold Weather Package','Luxury Line Package','Navigation System','Keyless Entry','Fog Lights','Leather Seats','Heated Seats','Heated Steering Wheel']",10,"['17 Inch Wheels','18 Inch Wheels','4-Wheel Disc Brakes','4-Wheel Independent Suspension','9 Speakers','AM/FM','Adjustable Lumbar Support','Adjustable Steering Wheel','Air Conditioning','Alloy Wheels','Anti-Lock Brakes','Anti-Theft System','Auto Climate Control','Auto-Dimming Mirror','Automatic Headlights','Beverage Holder','Body Colored Bumpers','Braking Assist','CD (Single Disc)','Confidence Package','ConnectedDrive','Cruise Control','Delay-Off Headlights','Door Bin','Dual-Zone Climate Control','Emergency Communication System','Front Airbags (Driver)','Front Airbags (Passenger)','Front Anti-Roll Bar','Front Bucket Seats','Front Center Armrest','Front Knee Airbags (Driver)','Front Side Airbags (Driver)','Front Side Airbags (Passenger)','HD Radio','Handsfree/Bluetooth Integration','Hard Top','Harman/Kardon Sound System','Head Restraint Whiplash Protection','Headlight Washers','Heated Mirrors','High Intensity Discharge Headlights','Illuminated Entry','Integrated Garage Door Opener','Keyless Ignition','Leather Shift Knob Trim','Leather Steering Wheel','Leather Trimmed Interior','Leatherette Seats','MP3','Neck Warmer','Parking Sensors','Passenger Sensing Airbag','Passive Keyless Entry','Power Mirrors','Power Seat (Dual)','Power Steering','Power Top','Power Windows','Radio Data System','Rain-Sensing Wipers','Reading Lights','Real-Time Traffic','Rear Air Conditioning','Rear Anti-Roll Bar','Rear Center Armrest','Rear Window Defroster','Rear-View Camera','Remote Keyless Entry','Rollover Protection Bars','Satellite Radio','Seat Memory','Speed-Sensing Steering','Sport Steering Wheel','Sportline Package','Stability Control','Steering Wheel Controls','Surround Audio','Tachometer','Telematics System','Thermometer','Tire Pressure Monitoring System','Traction Control','Trip Computer','Turn Signal Mirrors','USB Audio Interface','Vanity Mirror/Light','Wind Deflector','Wood Dash Trim','Wood Door Trim','Wood Trimmed Interior']",91,"4-Wheel Disc Brakes, 9 Speakers, ABS brakes, Advanced Real-Time Traffic Information, Air Conditioning, Alloy wheels, AM/FM radio, Anthracite Wood Interior Trim, Anti-whiplash front head restraints, Auto-dimming door mirrors, Auto-dimming Rear-View mirror, Automatic temperature control, BMW Online &amp; BMW Apps, Brake assist, Bumpers: body-color, Burled Walnut Interior Trim w/Inlay, CD player, Cold Weather Package, Comfort Access Keyless Entry, Convertible HardTop, Convertible roof lining, Convertible roof wind blocker, Dakota Leather Upholstery, Delay-off headlights, Driver Assistance Package, Driver door bin, Driver vanity mirror, Dual front impact airbags, Dual front side impact airbags, Electronic Stability Control, Emergency communication system, Four wheel independent suspension, Front anti-roll bar, Front Bucket Seats, Front Center Armrest, Front dual zone A/C, Front fog lights, Front reading lights, Fully automatic headlights, Garage door transmitter, Genuine wood console insert, Genuine wood dashboard insert, Genuine wood door panel insert, Glass rear window, Hands-Free Bluetooth &amp; USB Audio Connection, harman/kardon Surround Sound System, Heated door mirrors, Heated Front Seats, Heated Steering Wheel, Hi-Fi Sound System, High intensity discharge headlights: Bi-xenon, Illuminated entry, Instrument Cluster w/Extended Contents, Integrated roll-over protection, Knee airbag, Leather Shift Knob, Leather steering wheel, Low tire pressure warning, Lumbar Support, Luxury Line, Luxury Line Aesthetic Elements, Matte Chrome Exterior Trim Delete, Memory seat, Navigation System, Neck Warmer, Occupant sensing airbag, Outside temperature display, Park Distance Control, Passenger door bin, Passenger vanity mirror, Pearl Gloss Chrome Highlight Trim Finishers, Power convertible roof, Power door mirrors, Power driver seat, Power Front Seats w/Driver Memory, Power passenger seat, Power steering, Power windows, Premium Package, Radio data system, Radio: Anti-Theft AM/FM/HD Stereo CD/MP3 Player, Rain sensing wipers, Rear air conditioning, Rear anti-roll bar, Rear reading lights, Rear seat center armrest, Rear window defroster, Rear-View Camera, Remote keyless entry, Remote Services, Retractable Headlight Washers, Satellite Radio, SensaTec Leatherette Upholstery, Speed control, Speed-sensing steering, Speed-Sensitive Wipers, Sport Line, Sport steering wheel, Steering wheel mounted audio controls, Tachometer, Telescoping steering wheel, Tilt steering wheel, Traction control, Trip computer, Turn signal indicator mirrors, Variably intermittent wipers, Wheels: 17 x 7.5 Lt Alloy Star-Spoke (Style 393), Wheels: 18 x 8 Light Alloy Multi-Spoke (Style 416), Without Lines Designation Outside. Priced below KBB Fair Purchase Price!<br /><br />Awards:<br /> * JD Power Automotive Performance, Execution and Layout (APEAL) Study, Initial Quality Study (IQS)<br />Reviews:<br /> * Engaging handling, powerful yet fuel-efficient engines, upscale interior with straightforward controls and spacious seating. Source: Edmunds<br /> * Powerful and fuel-efficient engines, engaging handling, upscale interior, hatchback-style utility. Source: Edmunds<br /> * If you crave the excellent handling and power of the 3 Series sedan in coupe or convertible form, look to the 2015 BMW 4 Series. The new 4-door Gran Coupe is the only 4 Series with room for five, and is able to carry cargo easier, thanks to its wide-opening liftgate. Source: KBB.com","[PREMIUM]","[PREMIUM]",171.25,
"KNDJT2A6XD7526739EQURHSHNJC20260827","2026-09-04 08:19:31.695","2026-09-04 08:19:31.695","[PREMIUM]","[PREMIUM]","1623",2013,"Kia","Soul","Soul!",,"Wagon","Black","Black","4 Cyl","2.0 L","FWD","Automatic","Gasoline",52004,"[PREMIUM]","[PREMIUM]",10210,,"Used",,,23,28,25,,true,true,,"['{""ownerNumber"":1,""purchaseDate"":""11/13/12"",""endOwnershipDate"":""04/11/14"",""city"":""Louisville"",""state"":""KY""}','{""ownerNumber"":2,""purchaseDate"":""04/11/14"",""endOwnershipDate"":""08/11/26"",""city"":""Louisville"",""state"":""KY""}']",10,21,1,"2026-08-27","ENHANCED","USED",true,"[PREMIUM]","Milan","TN","38358","[PREMIUM]",,,"EQURHSHNJC","[PREMIUM]","[PREMIUM]","[PREMIUM]","[PREMIUM]","[PREMIUM]","ADVANTAGE",,,,,"[PREMIUM]","[PREMIUM]",21,"['Fog Lights','18 Inch Wheels','Alloy Wheels','Led Lights','Heated Mirrors']",5,"['12V Power Outlet','2nd Row Split/Folding Seats','4-Wheel Disc Brakes','Adjustable Headrests','Adjustable Seats','Antenna','Anti-Lock Brakes','Automatic Headlights','Body Colored Bumpers','Body Colored Door Handles','Cargo Area Light','Child Safety Locks','Child Seat Anchors','Chrome Front Grill','Cloth Door Trim','Cup Holder','Door Pockets','Electronic Brake Force Distribution','Floor Mats','Front Bucket Seats','Front Crumple Zones','Front Side Airbags','Front Ventilated Disc Brakes','Front and Rear Stabilizer Bar','Handsfree/Bluetooth Integration','Hill Assist System','Illuminated Glove Box','Intermittent Wipers','LED Tail Lights','Leather Shift Knob Trim','MacPherson Front Suspension','Power Folding Mirrors','Power Steering','Power Sun/Moonroof','Power Windows','Reading Lights','Rear Crumple Zones','Rear Headrests','Rear Privacy Glass','Rear Window Defroster','Rear Window Wiper','Rear-View Camera','Remote Audio Controls','Side Curtain Airbags','Side Impact Door Beam','Stability Control','Steering Wheel Controls','Tachometer','Thermometer','Tire Pressure Monitoring System','Torsion Bar Suspension','Trip Computer','Turn Signal Mirrors','Vanity Mirror/Light']",54,"2013 Kia SOUL ! Utility KNDJT2A6XD7526739 Stock#: 1623 Visit TriStar Auto online at shoptristar.com to see more pictures of this vehicle or call us at 731-238-3838 today to schedule your test drive.","[PREMIUM]","[PREMIUM]",133.95,
"WMWZF3C53DT489980XTQ4TIXAQN20260825","2026-09-04 08:19:31.694","2026-09-04 08:19:31.694","[PREMIUM]","[PREMIUM]","489980SC",2013,"Mini","Cooper Clubman","Unspecified",,"Wagon","Green","Tan","4 Cyl","1.6 L","FWD","Automatic","Gasoline",90103,"[PREMIUM]","[PREMIUM]",7690,"FAIR","Used",,,27,34,30,true,true,true,true,"['{""ownerNumber"":1,""purchaseDate"":""05/07/13"",""endOwnershipDate"":""07/24/26"",""city"":""Atlanta"",""state"":""GA""}']",18,16,1,"2026-08-25","ENHANCED","USED",true,"[PREMIUM]","Marietta","GA","30060","[PREMIUM]",3.5,39,"XTQ4TIXAQN","[PREMIUM]","[PREMIUM]","[PREMIUM]","[PREMIUM]","[PREMIUM]","ADVANTAGE",,,,,"[PREMIUM]","[PREMIUM]",16,"['Keyless Entry','Alloy Wheels','Satellite Radio','Side Airbags','Keyless Ignition']",5,"['AM/FM','Adjustable Steering Wheel','Air Conditioning','Anti-Lock Brakes','Anti-Theft System','CD (Single Disc)','Cruise Control','Dual Airbags','Handsfree/Bluetooth Integration','MP3','Power Locks','Power Steering','Power Windows','Side Curtain Airbags','Stability Control','Traction Control']",16,"<p><strong>No Accidents Reported</strong></p><p><strong>1-Owner Vehicle</strong></p><p><strong>50 Detailed Service History</strong></p><p><strong>Personal Vehicle</strong></p>","[PREMIUM]","[PREMIUM]",143.95,
"KNDJT2A56D7631480EYBC9N200120260829","2026-09-04 08:19:31.689","2026-09-04 08:19:31.689","[PREMIUM]","[PREMIUM]","8509",2013,"Kia","Soul","Base",,"Wagon","Black",,"4 Cyl","1.6 L","FWD","Manual","Gasoline",28210,"[PREMIUM]","[PREMIUM]",7240,"FAIR","Used",,,25,30,27,,true,true,true,"['{""ownerNumber"":1,""purchaseDate"":""10/11/13"",""endOwnershipDate"":""07/09/26"",""city"":""Elyria"",""state"":""OH""}']",13,18,0,"2026-08-29","ENHANCED","USED",true,"[PREMIUM]","Medina","OH","44256","[PREMIUM]",3.3,24,"EYBC9N2001","[PREMIUM]","[PREMIUM]","[PREMIUM]","[PREMIUM]","[PREMIUM]","ADVANTAGE",,,,,"[PREMIUM]","[PREMIUM]",18,"['Folding Mirrors','Satellite Radio','Steel Wheels','Cloth Seats','USB Audio Interface']",5,"['Anti-Lock Brakes','Aux Audio Adapter','CD (Single Disc)','Child Seat Anchors','Compass','Hill Assist System','MP3','One-Touch Power Windows','Power Locks','Previously Salvaged','Rear Privacy Glass','Rear Spoiler','Rear Window Defroster','Remote Trunk Release','Stability Control','Traction Control']",16,"1 Owner 28,000 miles Rebuilt title","[PREMIUM]","[PREMIUM]",140,
"3VWPP7AJXDM670178XBQTSOXKXH20260902","2026-09-04 08:19:31.688","2026-09-04 08:19:31.688","[PREMIUM]","[PREMIUM]","H483592A",2013,"Volkswagen","Jetta","SE",,"Wagon","White","Tan","5 Cyl","2.5 L","FWD","Automatic","Gasoline",79857,"[PREMIUM]","[PREMIUM]",10320,"FAIR","Used",,,24,31,26,true,true,,,"['{""ownerNumber"":1,""purchaseDate"":""04/08/14"",""endOwnershipDate"":""05/11/15"",""city"":""Peoria"",""state"":""IL""}','{""ownerNumber"":2,""purchaseDate"":""07/09/15"",""endOwnershipDate"":""06/20/20"",""city"":""Peoria"",""state"":""IL""}','{""ownerNumber"":3,""purchaseDate"":""06/20/20"",""endOwnershipDate"":""Present"",""city"":""Edwards"",""state"":""IL""}']",22,,0,"2026-09-02","ENHANCED","NEW",true,"[PREMIUM]","Peoria","IL","61615","[PREMIUM]",4.5,97,"XBQTSOXKXH","[PREMIUM]","[PREMIUM]","[PREMIUM]","[PREMIUM]","[PREMIUM]","TOPRATED",,,,,"[PREMIUM]","[PREMIUM]",,"['Roof Rack','Keyless Entry','Heated Seats','Roof Rails','Alloy Wheels','Heated Mirrors','Satellite Radio','Side Airbags','Premium Sound System']",9,"['10 Speakers','2nd Row Split/Folding Seats','4-Wheel Disc Brakes','4-Wheel Independent Suspension','AM/FM','Adjustable Steering Wheel','Air Conditioning','All-Season Tires','Anti-Lock Brakes','Anti-Theft System','Body Colored Bumpers','Braking Assist','CD (Single Disc)','Compass','Cruise Control','Door Bin','Dual-Zone Climate Control','First Aid Kit','Floor Mats','Front Airbags (Driver)','Front Airbags (Passenger)','Front Anti-Roll Bar','Front Bucket Seats','Front Center Armrest','Front Headrests','Front Side Airbags (Driver)','Front Side Airbags (Passenger)','Head Restraint Whiplash Protection','Illuminated Entry','Intermittent Wipers','Leather Shift Knob Trim','Leather Steering Wheel','Leatherette Seats','Overhead Airbag','Overhead Console','Panic Button','Passenger Sensing Airbag','Power Mirrors','Power Seat (Dual)','Power Steering','Power Windows','Radio Data System','Reading Lights','Rear Anti-Roll Bar','Rear Center Armrest','Rear Window Defroster','Rear Window Wiper','Remote Keyless Entry','Speed-Sensing Steering','Stability Control','Steering Wheel Controls','Tachometer','Thermometer','Tire Pressure Monitoring System','Touch-Screen Sound System','Traction Control','Trip Computer','Turn Signal Mirrors','Vanity Mirror/Light']",59,"This 2013 Volkswagen Jetta SportWagen combines practicality with refined German engineering, offering a spacious cargo solution with reliable performance. With its 2.5L five-cylinder engine delivering 24 city and 31 highway mpg, this white SportWagen balances efficiency with capability. The well-maintained interior features quality appointments and thoughtful convenience features ideal for daily driving and weekend adventures.<br /><br />Features:<br />- Premium VIII Touch-Screen Radio with SiriusXM<br />- Heated Front Comfort Seats<br />- Leather Steering Wheel with Steering Wheel Mounted Audio Controls<br />- Power Driver and Passenger Seats<br />- Dual Front Impact and Side Airbags with Anti-Whiplash Head Restraints<br />- Four-Wheel Disc Brakes with ABS and Electronic Stability Control<br />- Alloy Wheels with All-Season Tires<br />- Split Folding Rear Seat for Expanded Cargo Space<br />- Roof Rack Rails<br />- Rear Window Wiper with Variably Intermittent Function<br /><br />The cabin reflects Volkswagen's commitment to driver comfort and control. Dual climate zones, heated front seats, and a premium audio system create an engaging environment for every journey. The intuitive touch-screen interface keeps you connected while the Tiptronic transmission gives you the option of manual control when desired.<br /><br />This SportWagen's practical design makes it an excellent choice for those seeking versatility without compromise. Come experience the quality and reliability of this German-engineered wagon at our showroom today.","[PREMIUM]","[PREMIUM]",139.25,
"4T3ZK3BB7DU053300EO7JCDYUOC20260901","2026-09-04 08:19:31.683","2026-09-04 08:19:31.683","[PREMIUM]","[PREMIUM]","DU053300A",2013,"Toyota","Venza","LE",,"Wagon","Gray","Gray","6 Cyl","3.5 L","FWD","Automatic","Gasoline",103739,"[PREMIUM]","[PREMIUM]",,,"Used",,,19,26,21,,true,true,,"['{""ownerNumber"":1,""purchaseDate"":""11/28/12"",""endOwnershipDate"":""08/13/15"",""city"":""Ardmore"",""state"":""OK""}','{""ownerNumber"":2,""purchaseDate"":""12/11/15"",""endOwnershipDate"":""09/01/26"",""city"":""Bastrop"",""state"":""TX""}']",14,21,0,"2026-09-01","ENHANCED","NEW",true,"[PREMIUM]","Austin","TX","78741","[PREMIUM]",4.6,2091,"EO7JCDYUOC","[PREMIUM]","[PREMIUM]","[PREMIUM]","[PREMIUM]","[PREMIUM]","TOPRATED",,,,,"[PREMIUM]","[PREMIUM]",21,"['Convenience Package','Navigation System','Keyless Entry','Fog Lights','Bucket Seats','Power Liftgate','Alloy Wheels','Heated Mirrors','Side Airbags','Cloth Seats']",10,"['12V Power Outlet','2nd Row Split/Folding Seats','4-Wheel Disc Brakes','4-Wheel Independent Suspension','6 Speakers','AM/FM','Adjustable Steering Wheel','Air Conditioning','Airbags','Anti-Lock Brakes','Anti-Theft System','Auto Climate Control','Auto-Dimming Mirror','Automatic Headlights','Aux Audio Adapter','Braking Assist','CD (Single Disc)','Child Safety Locks','Compact Spare Tire','Cruise Control','Daytime Running Lights','Driver Adjustable Lumbar','Dual-Zone Climate Control','Engine Immobilizer','Front Airbags (Driver)','Front Airbags (Passenger)','Front Head Airbag','Front Knee Airbags (Driver)','Front Side Airbags (Driver)','Handsfree/Bluetooth Integration','High Performance Tires','Integrated Garage Door Opener','Intermittent Wipers','MP3','Multi-Zone Climate Control','Overhead Airbag','Panorama Sunroof','Pass-Through Rear Seat','Power Locks','Power Mirrors','Power Seat (Dual)','Power Steering','Power Sun/Moonroof','Power Windows','Privacy Glass','Reading Lights','Rear Head Airbags','Rear Spoiler','Rear Window Defroster','Rear-View Camera','Remote Trunk Release','Stability Control','Steering Wheel Controls','Tire Pressure Monitoring System','Traction Control','Trip Computer','Turn Signal Mirrors','Vanity Mirror/Light']",58,"This 2013 Toyota Venza LE combines versatile crossover styling with practical family-friendly features. Built on a reliable platform with a 3.5L V6 engine and 6-speed automatic transmission, this Gray crossover delivers solid performance with an estimated 19 city and 26 highway MPG. With over 103,000 miles on the odometer, it remains a dependable choice for buyers seeking value and proven Toyota engineering.<br /><br />- LE Convenience Package<br />- Panoramic Tilt &amp; Slide Sunroof with Power Moonroof<br />- Back-Up Camera<br />- Navigation System with Entente<br />- Automatic Temperature Control with Front Dual Zone A/C<br />- Power Lift-Gate with Jam Protection<br />- Steering Wheel Mounted Audio Controls<br />- Four-Wheel Independent Suspension<br />- Electronic Stability Control and Traction Control<br />- Six Speakers with AM/FM CD Player and MP3/WMA Capability<br /><br />This Venza has been well-used but maintains its core qualities as a spacious, practical crossover. The interior features cloth seating, a split folding rear seat for flexible cargo space, and a tilt/telescoping steering wheel for driver comfort. Safety equipment includes dual front impact airbags, side airbags, knee airbag, and an overhead airbag system, along with four-wheel disc brakes and ABS. The panoramic moonroof and back-up camera enhance daily driving convenience and visibility.<br /><br />Come experience the Venzas versatile cabin and smooth driving dynamics in person. Our team is ready to answer questions and help you find the right vehicle for your lifestyle.<br /><br />Plus TT&amp;L. Prices include $225 dealer doc fee, $499 Forever Start, and $499 LoJack 1-Year.","[PREMIUM]","[PREMIUM]",136.75,
"WA1UFAFL4DA222185LDH8LO900120260828","2026-09-04 08:19:31.682","2026-09-04 08:19:31.682","[PREMIUM]","[PREMIUM]","4966",2013,"Audi","Allroad","Premium Plus",,"Wagon","White","Black","4 Cyl","2.0 L","AWD","Automatic","Gasoline",121570,"[PREMIUM]","[PREMIUM]",8840,,"Used",,,20,26,22,,true,true,,"['{""ownerNumber"":1,""purchaseDate"":""05/27/13"",""endOwnershipDate"":""11/28/16"",""city"":""Lafayette"",""state"":""CA""}','{""ownerNumber"":2,""purchaseDate"":""11/28/16"",""endOwnershipDate"":""08/28/26"",""city"":""Lafayette"",""state"":""CA""}']",32,17,1,"2026-08-28","ENHANCED","USED",true,"[PREMIUM]","Walnut Creek","CA","94596","[PREMIUM]",3,2,"LDH8LO9001","[PREMIUM]","[PREMIUM]","[PREMIUM]","[PREMIUM]","[PREMIUM]","ADVANTAGE",,,,,"[PREMIUM]","[PREMIUM]",17,"['Convenience Package','Premium Plus Package','Lighting Package','Keyless Entry','Fog Lights','Leather Seats','Heated Seats','Alloy Wheels','Limited Slip Differential','Locking Differential']",10,"['12V Power Outlet','4-Wheel Disc Brakes','5-Passenger Seating','AM/FM','Adjustable Steering Wheel','Advanced Front-Lighting System','Air Conditioning','Anti-Lock Brakes','Anti-Theft System','Auto-Dimming Mirror','Automatic Headlights','Aux Audio Adapter','Braking Assist','CD (Single Disc)','Child Safety Locks','Compact Spare Tire','Compass','Cruise Control','Daytime Running Lights','Driver Adjustable Lumbar','Engine Immobilizer','Floor Mats','Front Airbags (Driver)','Front Airbags (Passenger)','Front Head Airbag','Front Side Airbags (Driver)','Handsfree/Bluetooth Integration','Heated Mirrors','High Intensity Discharge Headlights','High Performance Tires','Integrated Garage Door Opener','Leather Steering Wheel','Memorized Settings','Multi-Zone Climate Control','Panorama Sunroof','Pass-Through Rear Seat','Passenger Sensing Airbag','Power Locks','Power Seat (Dual)','Power Steering','Power Windows','Premium Sound System','Rain-Sensing Wipers','Reading Lights','Rear Air Conditioning','Rear Bench Seat','Rear Head Airbags','Rear Window Defroster','Satellite Radio','Stability Control','Steering Wheel Controls','Tire Pressure Monitoring System','Traction Control','Trip Computer','Turn Signal Mirrors','Vanity Mirror/Light']",56,"LOCALLY OWNED AND WELL MAINTAINED AUDI ALLROAD SPORT WAGON, AWD, HEATED LEATHER SEATS, 4 NEW TIRES, MOONROOF, RARE AND VERY CLEAN! This is actually a 1 owner car from Lafayette CA, the owner bought his lease out so CARFAX will list it as a 2 owner *Sporty All Wheel Drive Ski Wagon!","[PREMIUM]","[PREMIUM]",133.7,
"JTDZN3EU4D3228495XXDH3K87ZT20260826","2026-09-04 08:19:31.681","2026-09-04 08:19:31.681","[PREMIUM]","[PREMIUM]","8495",2013,"Toyota","Prius v","Five",,"Wagon","Silver","Tan","4 Cyl","1.8 L","FWD","Automatic","Hybrid",169020,"[PREMIUM]","[PREMIUM]",8910,,"Used",,,43,39,41,,true,true,,"['{""ownerNumber"":1,""purchaseDate"":""03/27/13"",""endOwnershipDate"":""03/12/25"",""city"":""Indian Trail"",""state"":""NC""}','{""ownerNumber"":2,""purchaseDate"":""05/10/25"",""endOwnershipDate"":""08/17/26"",""city"":""Concord"",""state"":""NC""}']",49,29,0,"2026-08-26","ENHANCED","USED",,"[PREMIUM]","Mebane","NC","27302","[PREMIUM]",4,2,"XXDH3K87ZT","[PREMIUM]","[PREMIUM]","[PREMIUM]","[PREMIUM]","[PREMIUM]","ADVANTAGE",,,,,"[PREMIUM]","[PREMIUM]",29,"['Advanced Technology Package','Navigation System','Keyless Entry','Fog Lights','Heated Seats','Bucket Seats','Alloy Wheels','Satellite Radio','Side Airbags','Keyless Ignition']",10,"['AM/FM','Adaptive Cruise Control','Adjustable Steering Wheel','Air Conditioning','Anti-Lock Brakes','Anti-Theft System','CD (Single Disc)','Dual Airbags','Handsfree/Bluetooth Integration','Hill Assist System','MP3','Panorama Sunroof','Power Locks','Power Seat (Dual)','Power Steering','Power Windows','Rear Spoiler','Rear-View Camera','Side Curtain Airbags','Stability Control','Traction Control']",21,"<p><strong>2013 Toyota Prius v Five Wagon 4D 169,020 Miles</strong></p><p></p><p>Looking for a dependable, comfortable, and fuel-efficient vehicle? This 2013 Toyota Prius v Five Wagon 4D is in good overall condition and ready to go! With its spacious wagon design and practical features, it makes a great everyday vehicle for commuting, family use, or road trips. <strong>This Prius V has the Advanced Technology Package which means it can parallel park all by itself and it also have adaptive cruise control.</strong></p><p></p><p>? <strong>169,020 miles</strong><br />? <strong>Prius v Five Wagon 4D</strong><br />? <strong>Beautiful panoramic moonroof</strong><br />? <strong>Retractable sun visors</strong><br />? <strong>Fold-in/fold-out mirrors</strong><br />? <strong>Spacious and comfortable interior</strong><br />? <strong>Excellent cargo space</strong><br />? <strong>Great fuel economy</strong><br />? <strong>Good overall condition</strong><br />? <strong>Ready to drive</strong></p><p></p><p>This Prius v offers the versatility of a wagon with the fuel-saving benefits Toyota hybrids are known for. Clean, practical, comfortable, and ready for its next owner.</p><p></p><p><strong>Come check it out and take it for a test drive!</strong></p><p></p><p><strong>CarVolt LLC</strong></p><p></p><p><strong>400 West Center Street</strong></p><p><strong>Mebane, NC</strong></p><p><strong>27302</strong></p><p></p><p><strong>(919) 568 0320</strong></p>","[PREMIUM]","[PREMIUM]",139.5,
"3VWPL7AJ0DM682447TREO9FCJY420260901","2026-09-04 08:19:31.678","2026-09-04 08:19:31.678","[PREMIUM]","[PREMIUM]",,2013,"Volkswagen","Jetta","Unspecified",,"Wagon","Black","Black","4 Cyl","2.0 L","FWD","Automatic","Diesel",133079,"[PREMIUM]","[PREMIUM]",9100,,"Used",,,,,,,true,true,,"['{""ownerNumber"":1,""purchaseDate"":""11/01/13"",""endOwnershipDate"":""05/06/19"",""city"":""Des Moines"",""state"":""IA""}','{""ownerNumber"":2,""purchaseDate"":""06/18/19"",""endOwnershipDate"":""03/09/24"",""city"":""Madison"",""state"":""WI""}','{""ownerNumber"":3,""purchaseDate"":""10/11/24"",""endOwnershipDate"":""03/14/26"",""city"":""Green Bay"",""state"":""WI""}']",17,13,0,"2026-09-01","ENHANCED","USED",true,"[PREMIUM]","Green Bay","WI","54302","[PREMIUM]",4.2,5,"TREO9FCJY4","[PREMIUM]","[PREMIUM]","[PREMIUM]","[PREMIUM]","[PREMIUM]","ADVANTAGE",,,,,"[PREMIUM]","[PREMIUM]",13,"['Navigation System','Cargo Cover','Roof Rails','Tinted Windows','Ambient Lighting','Dual Exhaust','Smart Key','Satellite Radio','Black Grille','Keyless Ignition']",10,"['10 Speakers','12V Power Outlet','AM/FM','Adjustable Headrests','Adjustable Steering Wheel','Air Conditioning','Air Filtration','Airbag Deactivation','Alert System Impact Sensor','All-Season Tires','Antenna','Anti-Lock Brakes','Armrest Storage','Automatic Hazard Warning Lights','Aux Audio Adapter','Body Colored Bumpers','Body Colored Door Handles','Braking Assist','CD (Multi Disc)','Cargo Area Light','Cargo Area Tie Downs','Center Console','Child Seat Anchors','Clock','Color Coded Mirrors','Compact Spare Tire','Compass','Cruise Control','Cup Holder','Daytime Running Lights','Digital Instrument Cluster','Door Pockets','Door Unlock Impact Sensor','Electronic Brake Force Distribution','Floor Mats','Front Airbags (Driver)','Front Airbags (Passenger)','Front Crumple Zones','Front Headrests','Front Side Airbags (Driver)','Front Side Airbags (Passenger)','Front Stabilizer Bar','Front Ventilated Disc Brakes','Fuel Cut-Off Impact Sensor','Fuel Data Display','HD Radio','Halogen Headlights','Handsfree/Bluetooth Integration','Independent Suspension','Intermittent Wipers','Leather Shift Knob Trim','Leather Steering Wheel','Leather Trimmed Interior','Low Fuel Level Indicator','MP3','MacPherson Front Suspension','Memory Card Slot','Metal-Look Dash Trim','Multi-Link Suspension','One-Touch Power Windows','Overhead Console','Panic Button','Post-Collision Safety System','Power Panorama Sunroof','Power Steering','Power Sun/Moonroof','Reading Lights','Rear Air Ducts','Rear Center Armrest','Rear Disc Brakes','Rear Stabilizer Bar','Rear Window Defroster','Rear Window Wiper','Remote Trunk Release','Safety Brake Pedal System','Side Curtain Airbags','Stability Control','Steering Wheel Controls','Tachometer','Telematics System','Thermometer','Tire Pressure Monitoring System','Touch-Screen Display','Traction Control','Trip Odometer','Vanity Mirror/Light','Wheel Locks','Window Lockout Button','Windshield Wiper Heater']",89,,"[PREMIUM]","[PREMIUM]",133.5,
"4S4BRCKC2D3213524XQLUV4B92120260901","2026-09-04 08:19:31.678","2026-09-04 08:19:31.678","[PREMIUM]","[PREMIUM]","D3213524",2013,"Subaru","Outback","2.5i Limited",,"Wagon","White","Black","4 Cyl","2.5 L","AWD","Automatic","Gasoline",115651,"[PREMIUM]","[PREMIUM]",,,"Used",,,24,30,26,,true,true,,"['{""ownerNumber"":1,""purchaseDate"":""09/27/12"",""endOwnershipDate"":""05/14/15"",""city"":""Corpus Christi"",""state"":""TX""}','{""ownerNumber"":2,""purchaseDate"":""06/12/15"",""endOwnershipDate"":""08/22/26"",""city"":""Ingleside"",""state"":""TX""}']",29,20,0,"2026-09-01","ENHANCED","NEW",true,"[PREMIUM]","Corpus Christi","TX","78412","[PREMIUM]",4.3,502,"XQLUV4B921","[PREMIUM]","[PREMIUM]","[PREMIUM]","[PREMIUM]","[PREMIUM]","TOPRATED",,,,,"[PREMIUM]","[PREMIUM]",20,"['Popular Package','Moonroof Package','Leather Seats','Splash Guards']",4,"['Airbags','All-Weather Floor Mats','Anti-Lock Brakes','Auto-Dimming Mirror','Body Side Moldings','Cargo Net','Cruise Control','Harman/Kardon Sound System','High Intensity Discharge Headlights','Illuminated Entry','Integrated Garage Door Opener','Leather Trimmed Interior','Leather Trimmed Seats','Popular Package 3','Power Mirrors','Power Sun/Moonroof','Rear Spoiler','Rear-View Camera','Special Appearance Package','Traction Control','Wheel Locks']",21,"<ul><li>Moonroof Pkg</li><li>Sun/Moonroof</li><li>Popular Pkg 3</li><li>Leather Seats</li><li>Satin White Pearl Body Side Molding Kit</li><li>Puddle Lights</li><li>Rear Spoiler</li><li>Satin White Pearl</li><li>Warm Ivory, Leather Seat Trim</li></ul><br /><br />This vehicle includes a Money-Back Guarantee* and passed our precise inspection process. Best of all the price you see is the price you pay. No haggling. No back and forth. No pressure. And this price is so good it is guaranteed. *Money-Back Guarantee is valid for 5 days or 250 miles, whichever comes first. Subject to certain terms and conditions. See store for details. Some restrictions apply. <br /><br />This 2013 Subaru Outback 2.5i Limited is offered to you for sale by Autonation Toyota Corpus Christi. Navigate through all the icky weather with ease in this AWD-equipped Subaru Outback, and even get non-stop traction for your non-stop lifestyle! In addition to the amazing traction control, you may even qualify for an insurance reduction with this AWD vehicle. Low, low mileage coupled with an exacting maintenance program make this vehicle a rare find. Marked by excellent quality and features with unmistakable refined leather interior that added value and class to the Subaru Outback 2.5i Limited. More information about the 2013 Subaru Outback: The base-level 2.5i Outback with the CVT is made for outdoorsy drivers, with a starting price under $24,000 and great gas mileage. The top-of-the-line 3.6R Limited, with its larger engine, leather seats and standard harman/hardon stereo system, starts at right around $32,000. All Outbacks, regardless of trim level include standard all-wheel drive, anti-lock brakes, traction control and air bags, as well as such niceties as power mirrors and cruise control. Strengths of this model include Stylish design, powerful engine lineup, roomy, comfortable interior, and great gas mileage<br /><br />","[PREMIUM]","[PREMIUM]",133.5,
"4S4BRBSC8D3200545PHG0VDGLLT20260825","2026-09-04 08:19:31.676","2026-09-04 08:19:31.676","[PREMIUM]","[PREMIUM]","H406A",2013,"Subaru","Outback","2.5i Limited",,"Wagon","White","Brown","4 Cyl","2.5 L","AWD","Automatic","Gasoline",114064,"[PREMIUM]","[PREMIUM]",9650,,"Used",,,24,30,26,,true,true,,"['{""ownerNumber"":1,""purchaseDate"":""08/07/12"",""endOwnershipDate"":""12/21/15"",""city"":""Issaquah"",""state"":""WA""}','{""ownerNumber"":2,""purchaseDate"":""02/23/16"",""endOwnershipDate"":""08/25/26"",""city"":""Seattle"",""state"":""WA""}']",19,7,0,"2026-08-25","ENHANCED","NEW",true,"[PREMIUM]","Kirkland","WA","98034","[PREMIUM]",4.4,179,"PHG0VDGLLT","[PREMIUM]","[PREMIUM]","[PREMIUM]","[PREMIUM]","[PREMIUM]","TOPRATED",,,,,"[PREMIUM]","[PREMIUM]",7,"['Roof Rack','Keyless Entry','Fog Lights','Spoiler','Leather Seats','Heated Seats','Alloy Wheels','Paddle Shifter','17 Inch Wheels','Heated Mirrors']",10,"['2nd Row Split/Folding Seats','4-Wheel Disc Brakes','4-Wheel Independent Suspension','9 Speakers','AM/FM','Adjustable Seats','Adjustable Steering Wheel','Air Conditioning','Anti-Lock Brakes','Anti-Theft System','Armrest Storage','Auto Climate Control','Automatic Headlights','Body Colored Bumpers','Braking Assist','CD (Single Disc)','Cruise Control','Door Bin','Dual-Zone Climate Control','Front Airbags (Driver)','Front Airbags (Passenger)','Front Anti-Roll Bar','Front Bucket Seats','Front Center Armrest','Front Side Airbags (Driver)','Front Side Airbags (Passenger)','HD Radio','Harman/Kardon Sound System','Head Restraint Whiplash Protection','Illuminated Entry','Intermittent Wipers','Leather Trimmed Interior','Leather Trimmed Seats','Overhead Airbag','Overhead Console','Panic Button','Passenger Sensing Airbag','Perforated Seats','Power Mirrors','Power Seat (Dual)','Power Steering','Power Windows','Radio Data System','Reading Lights','Rear Anti-Roll Bar','Rear Center Armrest','Rear Window Defroster','Rear Window Wiper','Remote Keyless Entry','Satellite Radio','Speed-Sensing Steering','Stability Control','Steering Wheel Controls','Tachometer','Thermometer','Tire Pressure Monitoring System','Traction Control','Trip Computer','Vanity Mirror/Light']",59,"Recent Arrival! Odometer is 26723 miles below market average! 17"" x 7.0"" Aluminum Alloy w/Machine Finish Wheels, 3.9 Axle Ratio, 4-Wheel Disc Brakes, 9 Speakers, ABS brakes, Air Conditioning, Alloy wheels, AM/FM radio: XM, Anti-whiplash front head restraints, Automatic temperature control, Brake assist, Bumpers: body-color, CD player, Driver door bin, Driver vanity mirror, Dual front impact airbags, Dual front side impact airbags, Electronic Stability Control, Four wheel independent suspension, Front anti-roll bar, Front Bucket Seats, Front Center Armrest w/Storage, Front dual zone A/C, Front fog lights, Front reading lights, Fully automatic headlights, harman/kardon Speaker System, harman/kardon® Speakers, Heated door mirrors, Heated front seats, Illuminated entry, Low tire pressure warning, Occupant sensing airbag, Outside temperature display, Overhead airbag, Overhead console, Panic alarm, Passenger door bin, Passenger vanity mirror, Perforated Leather-Trimmed Upholstery, Power door mirrors, Power driver seat, Power passenger seat, Power steering, Power windows, Radio data system, Radio: AM/FM Stereo HD Radio w/Single Disc CD, Rear anti-roll bar, Rear seat center armrest, Rear window defroster, Rear window wiper, Reclining Heated Front Bucket Seats, Remote keyless entry, Roof rack, Security system, Speed control, Speed-sensing steering, Split folding rear seat, Spoiler, Steering wheel mounted audio controls, Steering-Wheel Paddle-Shift Control Switches, Tachometer, Telescoping steering wheel, Tilt steering wheel, Traction control, Trip computer, Variably intermittent wipers. 2013 Subaru Outback 2.5i Limited 2.5L 4-Cylinder DOHC 16V CVT Lineartronic AWD 4D Sport Utility Satin White Pearl<br />24/30 City/Highway MPG<br />24/30 City/Highway MPG<br />To see more quality vehicles like this one right here just click on http://www.fordofkirkland.com or dial (425) 500-1074.<br /><br />Awards:<br /> * 2013 IIHS Top Safety Pick (built after August 2012)<br /><br />Reviews:<br /> * Spacious interior, comfortable ride, excellent visibility, generous cargo volume, clever roof rails, confident off-road ability. Source: Edmunds<br /> * Few vehicles on the market can equal the Subaru Outback’s ability to conquer tough terrain while simultaneously delivering carlike fuel economy. Safety buffs will appreciate its perfect crash test marks and the availability of the segment-exclusive EyeSight driver assistance system. Source: KBB.com","[PREMIUM]","[PREMIUM]",138,
"JTDZN3EU5D3200480S52XEJLYHQ20260902","2026-09-04 08:19:31.672","2026-09-04 08:19:31.672","[PREMIUM]","[PREMIUM]","200480",2013,"Toyota","Prius v","Three",,"Wagon","Red",,"4 Cyl","1.8 L","FWD","Automatic","Hybrid",109083,"[PREMIUM]","[PREMIUM]",11480,"FAIR","Used",,,,,,,true,true,,"['{""ownerNumber"":1,""purchaseDate"":""01/25/13"",""endOwnershipDate"":""03/29/24"",""city"":""Davis"",""state"":""CA""}','{""ownerNumber"":2,""purchaseDate"":""03/29/24"",""endOwnershipDate"":""Present"",""city"":""Woodland"",""state"":""CA""}']",20,15,0,"2026-09-02","ENHANCED","USED",true,"[PREMIUM]","San Mateo","CA","94403","[PREMIUM]",4.3,6,"S52XEJLYHQ","[PREMIUM]","[PREMIUM]","[PREMIUM]","[PREMIUM]","[PREMIUM]","ADVANTAGE",,,,,"[PREMIUM]","[PREMIUM]",15,"['Navigation System','Keyless Entry','Alloy Wheels','Satellite Radio','Side Airbags','Keyless Ignition']",6,"['(CA) Emissions','AM/FM','Adjustable Steering Wheel','Air Conditioning','Anti-Lock Brakes','Anti-Theft System','CD (Single Disc)','Cruise Control','Dual Airbags','Handsfree/Bluetooth Integration','Hill Assist System','MP3','Power Locks','Power Seat (Dual)','Power Steering','Power Windows','Rear Spoiler','Rear-View Camera','Side Curtain Airbags','Stability Control','Traction Control']",21,,"[PREMIUM]","[PREMIUM]",134.75,
"4S4BRCCC5D3289639TQWNZVXXVT20260828","2026-09-04 08:19:31.669","2026-09-04 08:19:31.669","[PREMIUM]","[PREMIUM]","Outback 223",2013,"Subaru","Outback","2.5i","Premium","Wagon","Unspecified",,"4 Cyl","2.5 L","AWD","Automatic","Gasoline",155979,"[PREMIUM]","[PREMIUM]",7150,,"Used",,,24,30,26,,true,,,"['{""ownerNumber"":1,""purchaseDate"":""03/30/13"",""endOwnershipDate"":""11/28/15"",""city"":""Park City"",""state"":""UT""}','{""ownerNumber"":2,""purchaseDate"":""01/11/16"",""endOwnershipDate"":""03/12/26"",""city"":""Salt Lake City"",""state"":""UT""}','{""ownerNumber"":3,""purchaseDate"":""05/13/26"",""endOwnershipDate"":""08/28/26"",""city"":""Salt Lake City"",""state"":""UT""}']",20,14,0,"2026-08-28","ENHANCED","USED",true,"[PREMIUM]","Salt Lake City","UT","84101","[PREMIUM]",4,3,"TQWNZVXXVT","[PREMIUM]","[PREMIUM]","[PREMIUM]","[PREMIUM]","[PREMIUM]","ADVANTAGE",,,,,"[PREMIUM]","[PREMIUM]",14,"['Roof Rack','Keyless Entry','Fog Lights','Heated Seats','Alloy Wheels','Satellite Radio','Side Airbags']",7,"['AM/FM','Adjustable Steering Wheel','Air Conditioning','Anti-Lock Brakes','Anti-Theft System','CD (Single Disc)','Cruise Control','Daytime Running Lights','Dual Airbags','Handsfree/Bluetooth Integration','Hill Assist System','MP3','Partial Zero Emissions Vehicle','Power Locks','Power Seat (Dual)','Power Steering','Power Windows','Side Curtain Airbags','Traction Control']",19,,"[PREMIUM]","[PREMIUM]",132.75,
"4S4BRDSCXD22994351OVHK1EOG920260829","2026-09-04 08:19:31.669","2026-09-04 08:19:31.669","[PREMIUM]","[PREMIUM]","A2268ZA",2013,"Subaru","Outback","3.6R Limited",,"Wagon","White","Brown","6 Cyl","3.6 L","AWD","Automatic","Gasoline",165220,"[PREMIUM]","[PREMIUM]",7240,,"Used",,,18,24,20,,true,true,,"['{""ownerNumber"":1,""purchaseDate"":""03/24/13"",""endOwnershipDate"":""05/09/17"",""city"":""Bethesda"",""state"":""MD""}','{""ownerNumber"":2,""purchaseDate"":""05/19/17"",""endOwnershipDate"":""09/09/19"",""city"":""Annapolis"",""state"":""MD""}','{""ownerNumber"":3,""purchaseDate"":""09/09/19"",""endOwnershipDate"":""08/29/26"",""city"":""Annapolis"",""state"":""MD""}']",33,42,1,"2026-08-29","ENHANCED","NEW",true,"[PREMIUM]","Laurel","MD","20723","[PREMIUM]",4.3,593,"1OVHK1EOG9","[PREMIUM]","[PREMIUM]","[PREMIUM]","[PREMIUM]","[PREMIUM]","TOPRATED",,,,,"[PREMIUM]","[PREMIUM]",42,"['Moonroof Package','Roof Rack','Navigation System','Keyless Entry','Fog Lights','Spoiler','Leather Seats','Heated Seats','Folding Mirrors','Alloy Wheels']",10,"['17 Inch Wheels','2nd Row Split/Folding Seats','4-Wheel Disc Brakes','4-Wheel Independent Suspension','9 Speakers','AM/FM','Adaptive Cruise Control','Adjustable Seats','Adjustable Steering Wheel','Air Conditioning','All-Weather Floor Mats','Anti-Lock Brakes','Anti-Theft System','Armrest Storage','Auto Climate Control','Auto-Dimming Mirror','Automatic Headlights','Body Colored Bumpers','Braking Assist','CD (Single Disc)','Cargo Net','Collision Warning System','Door Bin','Dual-Zone Climate Control','EyeSight','Floor Mats','Front Airbags (Driver)','Front Airbags (Passenger)','Front Anti-Roll Bar','Front Bucket Seats','Front Center Armrest','Front Side Airbags (Driver)','Front Side Airbags (Passenger)','HD Radio','Harman/Kardon Sound System','Head Restraint Whiplash Protection','Heated Mirrors','Illuminated Entry','Integrated Garage Door Opener','Intermittent Wipers','Keyless Ignition','Lane Departure Warning','Leather Trimmed Interior','Leather Trimmed Seats','Memorized Settings','Overhead Airbag','Overhead Console','Paddle Shifter','Panic Button','Passenger Sensing Airbag','Perforated Seats','Power Mirrors','Power Seat (Dual)','Power Steering','Power Windows','Radio Data System','Reading Lights','Rear Anti-Roll Bar','Rear Center Armrest','Rear Window Defroster','Rear Window Wiper','Rear-View Camera','Remote Keyless Entry','Satellite Radio','Seat Memory','Special Appearance Package','Speed-Sensing Steering','Splash Guards','Stability Control','Steering Wheel Controls','Sun/Moonroof','Tachometer','Thermometer','Tire Pressure Monitoring System','Traction Control','Trip Computer','Vanity Mirror/Light','Warranty']",78,"2013 Subaru Outback 3.6R Limited AWD at Sheehy Toyota of Laurel! This Outback has an exterior color of Satin White Pearl with Saddle Brown Leather interior. This preowned Subaru Outback is equipped with amazing options like: .<br /><br />Certification Program Details: Sheehy Value Car located at Sheehy Toyota of Laurel only!<br /><br />All our Sheehy Value Cars come with a 30 Day/1,000-mile warranty, upfront clear and Sheehy-It’s Easy Pricing, CARFAX history report, backed by our 5 day/300 mile money-back guarantee and pass Maryland inspection. See Sheehy Toyota of Laurel for details. This vehicle is non-transferable to other Sheehy Locations.<br />Some vehicles may have unrepaired safety recalls. Sheehy Auto Stores is not a manufacturer-authorized repair facility for all brands, but your local same-brand dealer will provide recall repair services for free.<br /><br />To check for open recalls please visit https://www.nhtsa.gov/recalls?vin=4S4BRDSCXD2299435#vin.","[PREMIUM]","[PREMIUM]",135.7,
"JF1GPAH64D2841845U4OWFGBAQZ20260829","2026-09-04 08:19:31.667","2026-09-04 08:19:31.667","[PREMIUM]","[PREMIUM]","841845",2013,"Subaru","Impreza","2.0i","Limited","Wagon","Gray","Black","4 Cyl","2.0 L","AWD","Automatic","Gasoline",104473,"[PREMIUM]","[PREMIUM]",8530,"FAIR","Used",,,27,35,30,true,true,true,,"['{""ownerNumber"":1,""purchaseDate"":""07/10/13"",""endOwnershipDate"":""06/07/21"",""city"":""Philadelphia"",""state"":""PA""}','{""ownerNumber"":2,""purchaseDate"":""08/23/21"",""endOwnershipDate"":""05/22/25"",""city"":""Essex Junction"",""state"":""VT""}','{""ownerNumber"":3,""purchaseDate"":""09/30/25"",""endOwnershipDate"":""07/21/26"",""city"":""Greenwich"",""state"":""NY""}']",12,36,0,"2026-08-29","ENHANCED","USED",true,"[PREMIUM]","Hasbrouck Heights","NJ","07604","[PREMIUM]",2.8,9,"U4OWFGBAQZ","[PREMIUM]","[PREMIUM]","[PREMIUM]","[PREMIUM]","[PREMIUM]","ADVANTAGE",,,,,"[PREMIUM]","[PREMIUM]",36,"['All Weather Package','Navigation System','Keyless Entry','Fog Lights','Heated Seats','Alloy Wheels','Satellite Radio','Side Airbags']",8,"['AM/FM','Adjustable Steering Wheel','Air Conditioning','Anti-Lock Brakes','Anti-Theft System','CD (Single Disc)','Cruise Control','Daytime Running Lights','Dual Airbags','Front Knee Airbags (Driver)','Front Knee Airbags (Passenger)','Handsfree/Bluetooth Integration','Hill Assist System','MP3','Partial Zero Emissions Vehicle','Power Locks','Power Steering','Power Windows','Rear Spoiler','Rear-View Camera','Remote Trunk Release','Side Curtain Airbags','Sun/Moonroof','Traction Control']",24,"<p>** Come and test drive any of our affordable vehicles. Downpayment negotiable. Financing available. / Venga a manejar cualquier vehiculo que le guste. Bajo encanche y financiamento disponible. **<br /><br />We enjoy making our customers feel at home making it a great car buying experience.<br /><br />*** PLEASE CALL FOR APPOINTMENT***<br /><br /></p>","[PREMIUM]","[PREMIUM]",140,
"JTLZE4FE8DJ030967YYBY9YNDRB20260901","2026-09-04 08:19:31.666","2026-09-04 08:19:31.666","[PREMIUM]","[PREMIUM]","030967",2013,"Scion","xB","Unspecified",,"Wagon","Red","Black","4 Cyl","2.4 L","FWD","Automatic","Gasoline",131375,"[PREMIUM]","[PREMIUM]",7680,,"Used",,,22,27,24,true,true,true,,"['{""ownerNumber"":1,""purchaseDate"":""07/01/13"",""endOwnershipDate"":""02/27/15"",""city"":""Sanford"",""state"":""ME""}','{""ownerNumber"":2,""purchaseDate"":""05/21/15"",""endOwnershipDate"":""10/06/15"",""city"":""North Berwick"",""state"":""ME""}','{""ownerNumber"":3,""purchaseDate"":""06/07/16"",""endOwnershipDate"":""05/20/26"",""city"":""Dover"",""state"":""NH""}']",35,28,0,"2026-09-01","ENHANCED","USED",,"[PREMIUM]","Middleboro","MA","02346","[PREMIUM]",,,"YYBY9YNDRB","[PREMIUM]","[PREMIUM]","[PREMIUM]","[PREMIUM]","[PREMIUM]","ADVANTAGE","GOOD","AVERAGE","AVERAGE",440,"[PREMIUM]","[PREMIUM]",28,"['Keyless Entry','Fog Lights','Alloy Wheels','Satellite Radio','Side Airbags','Pioneer Sound System']",6,"['AM/FM','Adjustable Steering Wheel','Air Conditioning','Anti-Lock Brakes','Anti-Theft System','CD (Single Disc)','Cruise Control','Dual Airbags','Handsfree/Bluetooth Integration','MP3','Power Locks','Power Steering','Power Windows','Side Curtain Airbags','Stability Control','Traction Control']",16,"<ul><li><p><strong>The interior and exterior are fully detailed</strong></p></li><li><p><strong>All maintenance completed</strong></p></li><li><p><strong>Clean title + free Carfax report</strong></p></li><li><p><strong>Financing available for all credit types</strong></p></li><li><p><strong>Warranty included extended plans up to 24 months</strong></p></li><li><p><strong>Registration, plates, inspection &amp; paperwork handled</strong></p></li><li><p><strong>Non-smoker,</strong></p></li><li><p><strong>New tires, smooth ride, well-maintained</strong></p></li><li><p><strong>Primarily highway miles seats like new</strong></p></li><li><p><strong>Test drives welcome walk-in or by appointment</strong></p></li><li><p><strong>$399 dealer documentation fee not included in price</strong></p></li></ul><p> </p><p><strong>28 Wareham St, Middleboro, MA 02346 (508) 709-5656</strong></p>","[PREMIUM]","[PREMIUM]",136.75,
"JTDZN3EU9D3200028WNIXSQYX9120260825","2026-09-04 08:19:31.663","2026-09-04 08:19:31.663","[PREMIUM]","[PREMIUM]","T88336B",2013,"Toyota","Prius v","Two",,"Wagon","Black","Gray","4 Cyl","1.8 L","FWD","Automatic","Hybrid",122899,"[PREMIUM]","[PREMIUM]",9940,,"Used",,,43,39,41,,true,true,,"['{""ownerNumber"":1,""purchaseDate"":""06/07/13"",""endOwnershipDate"":""09/05/23"",""city"":""Salvisa"",""state"":""KY""}','{""ownerNumber"":2,""purchaseDate"":""09/05/23"",""endOwnershipDate"":""08/25/26"",""city"":""Lexington"",""state"":""KY""}']",32,18,1,"2026-08-25","ENHANCED","NEW",true,"[PREMIUM]","Nicholasville","KY","40356","[PREMIUM]",4.5,1376,"WNIXSQYX91","[PREMIUM]","[PREMIUM]","[PREMIUM]","[PREMIUM]","[PREMIUM]","TOPRATED",,,,,"[PREMIUM]","[PREMIUM]",18,"['Keyless Entry','Bucket Seats','Alloy Wheels','Heated Mirrors','Keyless Ignition','Cloth Seats','Compact Spare Tire']",7,"['12V Power Outlet','4-Wheel Disc Brakes','AM/FM','Adjustable Steering Wheel','Air Conditioning','All-Season Tires','Anti-Lock Brakes','Automatic Headlights','Aux Audio Adapter','Braking Assist','CD (Single Disc)','Child Safety Locks','Cruise Control','Driver Adjustable Lumbar','Engine Immobilizer','Front Airbags (Driver)','Front Airbags (Passenger)','Front Head Airbag','Front Side Airbags (Driver)','Handsfree/Bluetooth Integration','Intermittent Wipers','MP3','Pass-Through Rear Seat','Power Locks','Power Mirrors','Power Steering','Power Windows','Reading Lights','Rear Head Airbags','Rear Spoiler','Rear Window Defroster','Rear-View Camera','Stability Control','Steering Wheel Controls','Tire Pressure Monitoring System','Traction Control','Trip Computer','Vanity Mirror/Light','Wheel Covers','iPod Adapter']",40,"EPA 40 MPG Hwy/44 MPG City! Black exterior and MISTY GRAY interior, Two trim. <br /><br />KEY FEATURES INCLUDE<br />Back-Up Camera, Hybrid, iPod/MP3 Input, Bluetooth®, CD Player. Toyota Two with Black exterior and MISTY GRAY interior features a 4 Cylinder Engine with 98 HP at 5200 RPM*. <br /><br />VEHICLE REVIEWS<br />Edmunds.com explains The 2013 Toyota Prius V gives buyers a larger, more family-friendly alternative to the standard Prius hatchback.. <br /><br />A GREAT VALUE<br />This Prius v is priced $200 below J.D. Power Retail. <br /><br />SERVICE COMPLETED<br />Service Work completed on this Toyota Prius v included: Complete Multi-Point Inspection, Oil &amp; Filter Change by a Factory Trained Technician, Battery Voltage Test, Tires Inspected, Brake Inspection, Emissions System Check, Professional Detailed Inside and Out, Function Test all Lights, Check the Complete Exhaust System, Cooling System Inspection, Transmission Fluid Inspection, Differential Fluid Inspection, Function Test all Options &amp; Accessories. <br /><br />BUY FROM AN AWARD WINNING DEALER<br />Toyota on Nicholasville is a full-service dealership specializing in new Toyotas, used car sales, financing, and professional auto maintenance services. Our dealership serves Nicholasville, Georgetown and Lexington, KY area drivers with our extensive vehicle selection, genuine Toyota parts and dedicated auto service center. Looking for a new Toyota Corolla, a used car, or bringing your current car by for an oil change, know that the team at Toyota on Nicholasville has got you covered! <br /><br />Pricing analysis performed on 8/24/2026. Horsepower calculations based on trim engine configuration. Fuel economy calculations based on original manufacturer data for trim engine configuration. Please confirm the accuracy of the included equipment by calling us prior to purchase. <br />","[PREMIUM]","[PREMIUM]",133.7,
"4S4BRCGC4D3254309653VLKI00120260826","2026-09-04 08:19:31.658","2026-09-04 08:19:31.658","[PREMIUM]","[PREMIUM]","254309",2013,"Subaru","Outback","2.5i","Premium","Wagon","White","Tan","4 Cyl","2.5 L","AWD","Automatic","Gasoline",107550,"[PREMIUM]","[PREMIUM]",9250,,"Used",,,24,30,26,,true,true,,"['{""ownerNumber"":1,""purchaseDate"":""12/18/12"",""endOwnershipDate"":""05/22/15"",""city"":""Hinckley"",""state"":""OH""}','{""ownerNumber"":2,""purchaseDate"":""07/10/15"",""endOwnershipDate"":""11/20/24"",""state"":""OH""}']",17,30,1,"2026-08-26","ENHANCED","USED",true,"[PREMIUM]","Englewood","CO","80110","[PREMIUM]",5,3,"653VLKI001","[PREMIUM]","[PREMIUM]","[PREMIUM]","[PREMIUM]","[PREMIUM]","ADVANTAGE",,,,,"[PREMIUM]","[PREMIUM]",30,"['Roof Rack','Fog Lights','Heated Seats','Alloy Wheels']",4,"['Air Filtration','Cargo Mat','Cruise Control','Floor Mats','Handsfree/Bluetooth Integration','Hill Assist System','Rear-View Camera','Steering Wheel Controls','Sun/Moonroof']",9,"0RECONDITIONING WORK PERFORMED:<br />New Synthetic Oil &amp; Filter Change, New Air Filter, Transmission Fluid Serviced, New Rear Brakes, Passed Safety Inspection, Passed Emissions, and Professional Interior &amp; Exterior Detail. Carfax Report Available.<br />FEATURES: <br />Sunroof, Heated Seats, Backup Camera, Bluetooth Connectivity, Steering Wheel Controls, Cruise Control, Hill Assist, Alloy Wheels, Roof Rack, Fog Lights, Rubber Floor Mats &amp; Rubber Cargo Mat.<br />With 107,550 miles, this Subaru Outback is a practical and versatile AWD wagon/SUV with the features and capability Subaru buyers are looking for. Recently serviced, professionally detailed, and ready for its next adventure!","[PREMIUM]","[PREMIUM]",141.95,"Accident Reported"
"4S4BRDKC0D2276519ZAPVP2PKXS20260901","2026-09-04 08:19:31.658","2026-09-04 08:19:31.658","[PREMIUM]","[PREMIUM]","D125670",2013,"Subaru","Outback","3.6R Limited",,"Wagon","Brown","Tan","6 Cyl","3.6 L","AWD","Automatic","Gasoline",146914,"[PREMIUM]","[PREMIUM]",8770,"GREAT","Used",,,18,24,20,,true,true,,"['{""ownerNumber"":1,""purchaseDate"":""09/10/13"",""endOwnershipDate"":""08/10/21"",""city"":""Reno"",""state"":""NV""}','{""ownerNumber"":2,""purchaseDate"":""09/28/21"",""endOwnershipDate"":""08/17/23"",""city"":""Las Vegas"",""state"":""NV""}','{""ownerNumber"":3,""purchaseDate"":""08/17/23"",""endOwnershipDate"":""08/25/26"",""city"":""Las Vegas"",""state"":""NV""}']",27,1,0,"2026-09-01","ENHANCED","USED",true,"[PREMIUM]","Denver","CO","80219","[PREMIUM]",3.9,16,"ZAPVP2PKXS","[PREMIUM]","[PREMIUM]","[PREMIUM]","[PREMIUM]","[PREMIUM]","ADVANTAGE",,,,,"[PREMIUM]","[PREMIUM]",1,"[]",,"['Handsfree/Bluetooth Integration']",1,"(https://www.allwheeldrivemotors.com)<br />ALL CREDIT SCORES WELCOME <br />All Credit Levels Approved!<br />PAYMENTS START AT $104/MONTH!<br />Great Prices, Great Value on Pre-Owned Subaru's Colorado's Large Pre-Owned Subaru Selection, 100+ In Stock Today! <br /><br />Dealer Stock # D125670, 2013 Subaru Outback 3.6R Limited, Odometer 146,914 <br />Cash Price: $6,399, Priced Below JD Powers Book Value $8,775 <br />Payments Start at $104 a Month (W.A.C) <br />D &amp; H Fee: $599 <br />Total Cash Price: $6,998 <br /><br />This vehicle qualifies for the Carfax 1 year buy back guarantee. See the dealer for details.<br />Easy and Quick Financing, Apply today with no obligation at: <br />Apply for Financing (http://allwheeldrivemotors.com/financing)<br />NEW Services Information coming soon<br />Come test drive today!<br />ESTIMATED MONTHLY PAYMENT <br />Starting at $104/mo<br />Estimated Monthly Payment Based On: <br />25% Down Payment | Vehicle Year 2015 And Newer: 6.49% Interest Rate At 66 Months <br />2014 And Older: 8.64% Interest Rate At 63 Months <br />With Approved Credit (W.A.C.)<br />See Our Complete Up To Date Inventory at <br />www.AllWheelDriveMotors.com (http://www.AllWheelDriveMotors.com/inventory)<br />Call or Text: (720) 637-1027<br />Visit Us At: 4890 Morrison Rd, Denver CO 80219 (https://www.google.com/maps/search/4890+Morrison+Rd,+Denver,+CO+80219)<br />Open M-F 9-6, Sat 9-5, Closed Sundays<br />Disclaimer: Prices do not include government fees and taxes, any finance charges, any electronic filing charge and any emission testing charge. Prices may not include Dealer Delivery and Handling Charges. We update our website inventory frequently, but our inventory changes with recent sales. Mileage may change slightly due to test drives. We are not responsible for any errors or omissions on this page. Please feel free to call us before you visit.","[PREMIUM]","[PREMIUM]",140.25,
"3VWPL7AJ5DM628853T4UWT7WHIR20260830","2026-09-04 08:19:31.651","2026-09-04 08:19:31.651","[PREMIUM]","[PREMIUM]","628853",2013,"Volkswagen","Jetta","Unspecified",,"Wagon","Black","Black","4 Cyl","2.0 L","FWD","Automatic","Diesel",149550,"[PREMIUM]","[PREMIUM]",7640,,"Used",,,,,,true,true,true,,"['{""ownerNumber"":1,""purchaseDate"":""08/08/13"",""endOwnershipDate"":""02/20/19"",""state"":""WA""}','{""ownerNumber"":2,""purchaseDate"":""03/21/19"",""endOwnershipDate"":""03/26/19"",""city"":""Buckeye"",""state"":""AZ""}','{""ownerNumber"":3,""purchaseDate"":""04/22/19"",""endOwnershipDate"":""01/21/22"",""city"":""Buckeye"",""state"":""AZ""}','{""ownerNumber"":4,""purchaseDate"":""02/24/22"",""endOwnershipDate"":""07/06/26"",""city"":""Tucson"",""state"":""AZ""}']",20,23,0,"2026-08-30","ENHANCED","USED",true,"[PREMIUM]","Phoenix","AZ","85027","[PREMIUM]",4,1,"T4UWT7WHIR","[PREMIUM]","[PREMIUM]","[PREMIUM]","[PREMIUM]","[PREMIUM]","ADVANTAGE",,,,,"[PREMIUM]","[PREMIUM]",23,"['Keyless Entry','Heated Seats','Alloy Wheels','Satellite Radio','Side Airbags']",5,"['AM/FM','Adjustable Steering Wheel','Air Conditioning','Anti-Lock Brakes','Anti-Theft System','CD (Multi Disc)','Cruise Control','Daytime Running Lights','Dual Airbags','Handsfree/Bluetooth Integration','MP3','Power Locks','Power Seat (Dual)','Power Steering','Power Windows','Side Curtain Airbags','Stability Control','Traction Control']",18,"<p>Discover a wide selection of <strong>reliable, quality-inspected used vehicles</strong> priced to fit every budget. We re committed to offering the <strong>best prices in town</strong> without compromising on performance or peace of mind. Whether you have <strong>excellent credit, no credit, or even bad credit</strong>, our financing team works hard to get you approved and driving the same day. We proudly <strong>specialize in Audi and Volkswagen</strong>, offering some of the most sought-after models with exceptional value. Every vehicle on our lot is carefully inspected, fully detailed, and ready for the road.</p><p><br />Financing available </p><p><br />See our full inventory - www.germanautoaz.com</p><p><br />Security Deposit Required in order to hold a vehicle. Security Deposit amount is established based on vehicles value and the amount of time we are holding a vehicle for. Security Deposit is not refundable. <br /><br />GERMAN AUTO AZ <br />480-712-8085<br /><br />401 W LONE CACTUS DR. <br />PHOENIX AZ 85027<br /></p>","[PREMIUM]","[PREMIUM]",146.75,
"KNDJT2A50D7541306F57C8C4V0120260827","2026-09-04 08:19:31.649","2026-09-04 08:19:31.649","[PREMIUM]","[PREMIUM]","26975601",2013,"Kia","Soul","Base",,"Wagon","Green","Black","4 Cyl","1.6 L","FWD","Automatic","Gasoline",56211,"[PREMIUM]","[PREMIUM]",7940,,"Used",,,25,30,27,true,true,true,true,"['{""ownerNumber"":1,""purchaseDate"":""02/06/13"",""endOwnershipDate"":""08/21/26"",""city"":""Hollywood"",""state"":""FL""}']",19,,0,"2026-08-27","ENHANCED","NEW",true,"[PREMIUM]","Hollywood","FL","33021","[PREMIUM]",4.3,2748,"F57C8C4V01","[PREMIUM]","[PREMIUM]","[PREMIUM]","[PREMIUM]","[PREMIUM]","TOPRATED","GOOD","AVERAGE","AVERAGE",290,"[PREMIUM]","[PREMIUM]",,"['Keyless Entry','Cargo Cover','Bucket Seats','Alloy Wheels','Satellite Radio','16 Inch Wheels','15 Inch Wheels','Cloth Seats','Independent Suspension']",9,"['2nd Row Split/Folding Seats','4 Speakers','4-Wheel Disc Brakes','AM/FM','Adjustable Steering Wheel','Air Conditioning','Anti-Lock Brakes','Body Colored Bumpers','Body Side Moldings','Braking Assist','CD (Single Disc)','Cargo Net','Cruise Control','Door Bin','Floor Mats','Front Airbags (Driver)','Front Airbags (Passenger)','Front Anti-Roll Bar','Front Bucket Seats','Front Side Airbags (Driver)','Front Side Airbags (Passenger)','Handsfree/Bluetooth Integration','Head Restraint Whiplash Protection','Illuminated Entry','Intermittent Wipers','MP3','Overhead Airbag','Panic Button','Passenger Sensing Airbag','Power Steering','Power Windows','Rear Window Defroster','Rear Window Wiper','Rear-View Camera','Remote Keyless Entry','Speed-Sensing Steering','Stability Control','Steering Wheel Controls','Tachometer','Thermometer','Tire Pressure Monitoring System','Traction Control','Trip Computer','Wheel Covers']",44,"This 2013 Kia Soul Base delivers practical, efficient transportation with a distinctive and versatile design. Finished in eye-catching green with a 1.6L I4 engine and 6-speed automatic transmission, this front-wheel-drive compact crossover combines everyday reliability with smart functionality. With an impressive 25 city and 30 highway MPG, it's an economical choice for commuters and city dwellers alike.<br /><br />Key Features:<br />- Backup Camera<br />- Bluetooth Connectivity<br />- 16"" Alloy Wheels<br />- ABS and 4-Wheel Disc Brakes<br />- Electronic Stability Control<br />- Dual Front Impact Airbags<br />- Anti-Whiplash Front Head Restraints<br />- Air Conditioning<br />- Telescoping Steering Wheel<br />- Remote Keyless Entry<br /><br />This Soul comes with low mileage at just over 56,000 miles—well-maintained and ready for its next owner. The interior features comfortable front bucket seating with woven cloth trim, an AM/FM/CD/MP3 audio system with SiriusXM capability, and steering wheel-mounted audio controls for convenient operation. Practical storage options include cargo cover and cargo net, while convenience features like the rear window defroster and illuminated entry enhance everyday usability.<br /><br />Visit our showroom today to experience this practical and efficient Kia Soul firsthand.","[PREMIUM]","[PREMIUM]",135.5,
"4T3ZK3BB4DU05701425KSWQGPBR20260901","2026-09-04 08:19:31.486","2026-09-04 08:19:31.486","[PREMIUM]","[PREMIUM]","39970",2013,"Toyota","Venza","XLE",,"Wagon","Silver","Gray","6 Cyl","3.5 L","FWD","Automatic","Gasoline",128455,"[PREMIUM]","[PREMIUM]",11430,"FAIR","Used",,,19,26,21,true,true,true,,"['{""ownerNumber"":1,""purchaseDate"":""02/25/13"",""endOwnershipDate"":""08/22/14"",""city"":""Brea"",""state"":""CA""}','{""ownerNumber"":2,""purchaseDate"":""08/22/14"",""endOwnershipDate"":""10/01/14"",""city"":""Brea"",""state"":""CA""}','{""ownerNumber"":3,""purchaseDate"":""10/01/14"",""endOwnershipDate"":""08/11/26"",""city"":""Yorba Linda"",""state"":""CA""}']",17,30,0,"2026-09-01","ENHANCED","USED",true,"[PREMIUM]","Orange","CA","92867","[PREMIUM]",2.7,21,"25KSWQGPBR","[PREMIUM]","[PREMIUM]","[PREMIUM]","[PREMIUM]","[PREMIUM]","ADVANTAGE","GOOD","AVERAGE","AVERAGE",420,"[PREMIUM]","[PREMIUM]",30,"['Premium Package','Navigation System','Keyless Entry','Fog Lights','Trailer Hitch','Spoiler','Power Liftgate','Alloy Wheels','20 Inch Wheels','Heated Mirrors']",10,"['2nd Row Split/Folding Seats','4-Wheel Disc Brakes','4-Wheel Independent Suspension','6 Speakers','AM/FM','Adjustable Steering Wheel','Air Conditioning','Anti-Lock Brakes','Auto Climate Control','Auto-Dimming Mirror','Automatic Headlights','Body Colored Bumpers','Braking Assist','CD (Single Disc)','Cargo Net','Cloth Seats','Compass','Cruise Control','Delay-Off Headlights','Door Bin','Dual-Zone Climate Control','Front Airbags (Driver)','Front Airbags (Passenger)','Front Anti-Roll Bar','Front Bucket Seats','Front Center Armrest','Front Knee Airbags (Driver)','Front Side Airbags (Driver)','Front Side Airbags (Passenger)','Head Restraint Whiplash Protection','Illuminated Entry','Independent Suspension','Integrated Garage Door Opener','Intermittent Wipers','MP3','Overhead Airbag','Overhead Console','Panic Button','Passenger Sensing Airbag','Power Mirrors','Power Seat (Dual)','Power Steering','Power Sun/Moonroof','Power Windows','Reading Lights','Rear Anti-Roll Bar','Rear Center Armrest','Rear Window Defroster','Rear Window Wiper','Rear-View Camera','Remote Keyless Entry','Speed-Sensing Steering','Stability Control','Steering Wheel Controls','Tachometer','Telematics System','Thermometer','Tire Pressure Monitoring System','Towing Preparation Package','Toyota Entune','Traction Control','Trip Computer','Turn Signal Mirrors','Vanity Mirror/Light']",64,,"[PREMIUM]","[PREMIUM]",143,
"JF1GPAB65DH812036DW4ZEQICW520260902","2026-09-04 08:19:31.485","2026-09-04 08:19:31.485","[PREMIUM]","[PREMIUM]","V214102B",2013,"Subaru","Impreza","2.0i","Premium","Wagon","White","White","4 Cyl","2.0 L","AWD","Automatic","Gasoline",80607,"[PREMIUM]","[PREMIUM]",9880,"FAIR","Used",,,27,35,30,true,true,true,,"['{""ownerNumber"":1,""purchaseDate"":""05/05/13"",""endOwnershipDate"":""09/09/15"",""state"":""FL""}','{""ownerNumber"":2,""purchaseDate"":""10/21/15"",""endOwnershipDate"":""07/28/26"",""city"":""New Port Richey"",""state"":""FL""}']",33,30,0,"2026-09-02","ENHANCED","NEW",true,"[PREMIUM]","Holiday","FL","34691","[PREMIUM]",4.5,3328,"DW4ZEQICW5","[PREMIUM]","[PREMIUM]","[PREMIUM]","[PREMIUM]","[PREMIUM]","TOPRATED",,,,,"[PREMIUM]","[PREMIUM]",30,"['All Weather Package','Keyless Entry','Cargo Cover','Bucket Seats','Alloy Wheels','Cloth Seats','Rear Bench Seat','Compact Spare Tire']",8,"['12V Power Outlet','4-Wheel Disc Brakes','AM/FM','Adjustable Steering Wheel','Air Conditioning','Anti-Lock Brakes','Aux Audio Adapter','Braking Assist','CD (Single Disc)','Child Safety Locks','Cruise Control','Daytime Running Lights','Engine Immobilizer','Floor Mats','Front Airbags (Driver)','Front Airbags (Passenger)','Front Head Airbag','Front Knee Airbags (Driver)','Front Side Airbags (Driver)','Handsfree/Bluetooth Integration','High Performance Tires','Intermittent Wipers','Pass-Through Rear Seat','Passenger Sensing Airbag','Power Locks','Power Mirrors','Power Steering','Power Windows','Reading Lights','Rear Head Airbags','Rear Spoiler','Rear Window Defroster','Remote Keyless Entry','Stability Control','Steering Wheel Controls','Tire Pressure Monitoring System','Traction Control','Trip Computer','Vanity Mirror/Light']",39,"The 2013 Subaru Impreza 2.0i Premium delivers dependable performance, practical versatility, and confident handling in a compact hatchback designed for everyday driving. Powered by a 2.0L 4 cylinder engine and equipped with all wheel drive, this Impreza offers a comfortable interior, reliable capability, and Subarus renowned engineering.• 2.0L 4 cylinder engine• Continuously variable transmission• All wheel drive• Premium trim• Cloth seating surfaces• Heated front seats• Bluetooth connectivity• Steering wheel mounted audio controls• Cruise control• Air conditioning• Power windows and door locks• Remote keyless entry• Backup camera• Alloy wheelsThe 2013 Subaru Impreza 2.0i Premium combines efficiency, comfort, and dependable all weather capability.","[PREMIUM]","[PREMIUM]",148,
"JF1GPAD6XD22139562ERGIWHFLQ20260827","2026-09-04 08:19:31.407","2026-09-04 08:19:31.407","[PREMIUM]","[PREMIUM]","2310",2013,"Subaru","Impreza","2.0i","Premium","Wagon","Gray","Gray","4 Cyl","2.0 L","AWD","Automatic","Gasoline",155000,"[PREMIUM]","[PREMIUM]",6770,"FAIR","Used",,,27,35,30,,true,true,,"['{""ownerNumber"":1,""purchaseDate"":""03/11/13"",""endOwnershipDate"":""09/21/15"",""city"":""West Mifflin"",""state"":""PA""}','{""ownerNumber"":2,""purchaseDate"":""10/14/15"",""endOwnershipDate"":""10/08/18"",""city"":""Horsham"",""state"":""PA""}','{""ownerNumber"":3,""purchaseDate"":""02/14/19"",""endOwnershipDate"":""06/08/22"",""city"":""Chicago"",""state"":""IL""}','{""ownerNumber"":4,""purchaseDate"":""12/09/22"",""endOwnershipDate"":""08/27/26"",""city"":""Elkhart"",""state"":""IN""}']",18,25,0,"2026-08-27","ENHANCED","USED",true,"[PREMIUM]","Mishawaka","IN","46544","[PREMIUM]",3.8,6,"2ERGIWHFLQ","[PREMIUM]","[PREMIUM]","[PREMIUM]","[PREMIUM]","[PREMIUM]","ADVANTAGE",,,,,"[PREMIUM]","[PREMIUM]",25,"['Navigation System','Keyless Entry','Fog Lights','Heated Seats','Subwoofer','Folding Mirrors','Alloy Wheels','Paddle Shifter','Satellite Radio','Cloth Seats']",10,"['115V Power Outlet','12V Power Outlet','Anti-Lock Brakes','Anti-Theft System','Automatic Headlights','Aux Audio Adapter','CD (Single Disc)','Child Seat Anchors','Compass','Cruise Control','Daytime Running Lights','Floor Mats','HD Radio','Handsfree/Bluetooth Integration','Heated Windshield','Hill Assist System','Intermittent Wipers','MP3','Memory Card Slot','One-Touch Power Windows','Panic Button','Power Locks','Power Mirrors','Rear Spoiler','Rear Window Defroster','Rear-View Camera','Remote Keyless Entry','Remote Trunk Release','Stability Control','Sun/Moonroof','Traction Control','USB Audio Interface']",32,"Interested in this vehicle? Scroll for more pictures &amp; information! Act Fast! You can call/text us at 574-440-3106 anytime to schedule your appointment/test drive! We would love to get you driving TODAY!","[PREMIUM]","[PREMIUM]",141,
"3VWPL7AJ7DM662843TVWWVTZX2S20260827","2026-09-04 08:19:31.386","2026-09-04 08:19:31.386","[PREMIUM]","[PREMIUM]","CC13677",2013,"Volkswagen","Jetta","Unspecified",,"Wagon","Red","Black","4 Cyl","2.0 L","FWD","Automatic","Diesel",95251,"[PREMIUM]","[PREMIUM]",9670,,"Used",,,,,,true,true,true,,"['{""ownerNumber"":1,""purchaseDate"":""04/04/14"",""endOwnershipDate"":""05/17/19"",""city"":""Casper"",""state"":""WY""}','{""ownerNumber"":2,""purchaseDate"":""08/08/19"",""endOwnershipDate"":""09/14/22"",""city"":""Owensboro"",""state"":""KY""}','{""ownerNumber"":3,""purchaseDate"":""11/18/22"",""endOwnershipDate"":""10/15/25"",""city"":""Louisville"",""state"":""KY""}','{""ownerNumber"":4,""purchaseDate"":""10/15/25"",""endOwnershipDate"":""08/19/26"",""city"":""Louisville"",""state"":""KY""}']",24,2,2,"2026-08-27","ENHANCED","USED",true,"[PREMIUM]","Lynchburg","VA","24502","[PREMIUM]",,,"TVWWVTZX2S","[PREMIUM]","[PREMIUM]","[PREMIUM]","[PREMIUM]","[PREMIUM]","ADVANTAGE",,,,,"[PREMIUM]","[PREMIUM]",2,"['Keyless Entry','Heated Seats','Roof Rails','Alloy Wheels','Heated Mirrors','Satellite Radio','16 Inch Wheels','Premium Sound System']",8,"['10 Speakers','2nd Row Split/Folding Seats','4-Wheel Disc Brakes','4-Wheel Independent Suspension','AM/FM','Adjustable Steering Wheel','Air Conditioning','Anti-Lock Brakes','Anti-Theft System','Body Colored Bumpers','Braking Assist','CD (Single Disc)','Compass','Cruise Control','Door Bin','First Aid Kit','Floor Mats','Front Airbags (Driver)','Front Airbags (Passenger)','Front Anti-Roll Bar','Front Bucket Seats','Front Center Armrest','Front Side Airbags (Driver)','Front Side Airbags (Passenger)','Head Restraint Whiplash Protection','Illuminated Entry','Intermittent Wipers','Leather Shift Knob Trim','Leather Steering Wheel','Leatherette Seats','MP3','Overhead Airbag','Overhead Console','Panic Button','Passenger Sensing Airbag','Power Mirrors','Power Seat (Dual)','Power Steering','Power Windows','Radio Data System','Reading Lights','Rear Anti-Roll Bar','Rear Center Armrest','Rear Window Defroster','Rear Window Wiper','Remote Keyless Entry','Speed-Sensing Steering','Stability Control','Steering Wheel Controls','Tachometer','Thermometer','Tire Pressure Monitoring System','Touch-Screen Sound System','Traction Control','Trip Computer','Turn Signal Mirrors','Vanity Mirror/Light']",57,"This 2013 Volkswagen Jetta SportWagen 2.0L TDI in Tornado Red features: Recent Arrival! Odometer is 28637 miles below market average! 2.0L TDI Diesel Turbocharged FWD<br /><br /><br />Stock numbers starting with VA are located at Terry Auto Outlet at 2828 Candlers Mtn Rd, Lynchburg, VA. Stock numbers starting with CC are located at Terry Clearance Center at 18145 Forest Rd, Lynchburg, VA Stock numbers starting with SB are located at Terry of South Boston at 1426 Wilborn Ave South Boston, VA. All other stock numbers are located at Terry VW Subaru at 19134 Forest Rd, Lynchburg VA 24502.","[PREMIUM]","[PREMIUM]",153.75,
"JF1GPAC60DH8323713SROLDVI3M20260828","2026-09-04 08:19:31.386","2026-09-04 08:19:31.386","[PREMIUM]","[PREMIUM]","11561",2013,"Subaru","Impreza","2.0i","Premium","Wagon","Purple","Tan","4 Cyl","2.0 L","AWD","Automatic","Gasoline",155900,"[PREMIUM]","[PREMIUM]",7080,,"Used",,,27,35,30,,true,true,,"['{""ownerNumber"":1,""purchaseDate"":""06/11/13"",""endOwnershipDate"":""05/15/24"",""city"":""Hartland"",""state"":""WI""}','{""ownerNumber"":2,""purchaseDate"":""05/31/24"",""endOwnershipDate"":""08/05/26"",""city"":""Oak Creek"",""state"":""WI""}']",47,13,2,"2026-08-28","ENHANCED","USED",true,"[PREMIUM]","DeForest","WI","53532","[PREMIUM]",5,2,"3SROLDVI3M","[PREMIUM]","[PREMIUM]","[PREMIUM]","[PREMIUM]","[PREMIUM]","ADVANTAGE",,,,,"[PREMIUM]","[PREMIUM]",13,"['All Weather Package','Keyless Entry','Cargo Cover','Alloy Wheels','Locking Differential']",5,"['2nd Row Split/Folding Seats','AM/FM','Adjustable Steering Wheel','Air Conditioning','Anti-Lock Brakes','Anti-Theft System','Automatic Headlights','Braking Assist','CD (Single Disc)','Cargo Area Tie Downs','Child Safety Locks','Cruise Control','Daytime Running Lights','Front Air Dam','Front Airbags (Driver)','Front Airbags (Passenger)','Front Side Airbags (Driver)','Intermittent Wipers','Power Locks','Power Mirrors','Power Windows','Rear Spoiler','Rear Window Defroster','Rear Window Wiper','Side Curtain Airbags','Stability Control','Steering Wheel Controls','Tachometer','Tire Pressure Monitoring System','Traction Control','Trip Computer']",31,"Visit AG AutoFresh to shop our great deals. You can call 608-867-7155 to schedule your test drive today.","[PREMIUM]","[PREMIUM]",151.75,
"4S4BRCKC1D325269904HZP1K9SB20260830","2026-09-04 08:19:31.361","2026-09-04 08:19:31.361","[PREMIUM]","[PREMIUM]","7252699",2013,"Subaru","Outback","2.5i Limited",,"Wagon","Blue","Black","4 Cyl","2.5 L","AWD","Automatic","Gasoline",109467,"[PREMIUM]","[PREMIUM]",11100,"GOOD","Used",,,24,30,26,true,true,true,true,"['{""ownerNumber"":1,""purchaseDate"":""12/10/12"",""endOwnershipDate"":""08/30/26"",""city"":""Dickinson"",""state"":""ND""}']",31,,0,"2026-08-30","ENHANCED","NEW",true,"[PREMIUM]","Moorhead","MN","56560","[PREMIUM]",4.5,495,"04HZP1K9SB","[PREMIUM]","[PREMIUM]","[PREMIUM]","[PREMIUM]","[PREMIUM]","TOPRATED",,,,,"[PREMIUM]","[PREMIUM]",,"['Roof Rack','Keyless Entry','Fog Lights','Spoiler','Leather Seats','Heated Seats','Alloy Wheels','Paddle Shifter','17 Inch Wheels','Heated Mirrors']",10,"['2nd Row Split/Folding Seats','4-Wheel Disc Brakes','4-Wheel Independent Suspension','9 Speakers','AM/FM','Adjustable Seats','Adjustable Steering Wheel','Air Conditioning','Anti-Lock Brakes','Anti-Theft System','Armrest Storage','Auto Climate Control','Automatic Headlights','Body Colored Bumpers','Braking Assist','CD (Single Disc)','Cloth Upholstery','Cruise Control','Door Bin','Dual-Zone Climate Control','Front Airbags (Driver)','Front Airbags (Passenger)','Front Anti-Roll Bar','Front Bucket Seats','Front Center Armrest','Front Side Airbags (Driver)','Front Side Airbags (Passenger)','HD Radio','Handsfree/Bluetooth Integration','Harman/Kardon Sound System','Head Restraint Whiplash Protection','Illuminated Entry','Intermittent Wipers','Leather Trimmed Interior','Leather Trimmed Seats','Overhead Airbag','Overhead Console','Panic Button','Passenger Sensing Airbag','Perforated Seats','Power Mirrors','Power Seat (Dual)','Power Steering','Power Windows','Radio Data System','Reading Lights','Rear Anti-Roll Bar','Rear Center Armrest','Rear Window Defroster','Rear Window Wiper','Remote Keyless Entry','Satellite Radio','Speed-Sensing Steering','Stability Control','Steering Wheel Controls','Sun/Moonroof','Tachometer','Thermometer','Tire Pressure Monitoring System','Traction Control','Trip Computer','Vanity Mirror/Light','Voice-Activated Command System']",63,"This 2013 Subaru Outback 2.5i Limited is a well-equipped crossover ready for your next adventure. With its spacious interior, proven reliability, and all-wheel-drive capability, this vehicle delivers the practicality and performance you expect from a Subaru. As a local trade-in with one owner and a clean CarFax, it's been meticulously maintained.<br /><br />Key Features:<br />- Bluetooth Hands-Free calling<br />- Heated front seats<br />- Moonroof<br />- Voice Recognition<br />- Automatic temperature control with dual front zones<br />- Power driver and passenger seats<br />- Steering wheel-mounted audio controls<br />- Electronic Stability Control and traction control<br />- Four-wheel independent suspension<br />- Fully automatic headlights with fog lights<br /><br />This Outback presents in super clean condition throughout, with well-preserved interior finishes and exterior paint. The cabin shows minimal wear, reflecting careful ownership and regular maintenance. Mechanically, the 2.5L 4-cylinder engine paired with CVT transmission runs smoothly, and the AWD system is fully functional.<br /><br />The exterior features alloy wheels, roof rack for cargo flexibility, and body-color bumpers with a rear bumper cover. Inside, you'll appreciate the reclining heated front bucket seats with perforated leather trim, rear seat center armrest, and a split-folding rear seat for versatile cargo space. The audio system includes AM/FM stereo with HD Radio and a single-disc CD player.<br /><br />Come see this exceptional Outback today and experience the combination of comfort, capability, and value it offers.","[PREMIUM]","[PREMIUM]",155,
"KNDJT2A65D7601699UM57O9FZ2I20260901","2026-09-04 08:19:31.285","2026-09-04 08:19:31.285","[PREMIUM]","[PREMIUM]","C01699",2013,"Kia","Soul","Soul!",,"Wagon","Silver","Tan","4 Cyl","2.0 L","FWD","Automatic","Gasoline",86505,"[PREMIUM]","[PREMIUM]",8440,"GREAT","Used",,,23,28,25,,true,true,,"['{""ownerNumber"":1,""purchaseDate"":""05/30/13"",""endOwnershipDate"":""05/08/16"",""city"":""San Marcos"",""state"":""CA""}','{""ownerNumber"":2,""purchaseDate"":""07/02/16"",""endOwnershipDate"":""06/05/19"",""city"":""San Jose"",""state"":""CA""}','{""ownerNumber"":3,""purchaseDate"":""06/05/19"",""endOwnershipDate"":""09/01/26"",""city"":""Yuma"",""state"":""AZ""}']",11,30,0,"2026-09-01","ENHANCED","USED",true,"[PREMIUM]","Mesa","AZ","85201","[PREMIUM]",3,47,"UM57O9FZ2I","[PREMIUM]","[PREMIUM]","[PREMIUM]","[PREMIUM]","[PREMIUM]","ADVANTAGE","GOOD","AVERAGE","AVERAGE",380,"[PREMIUM]","[PREMIUM]",30,"['Fog Lights','Subwoofer','Tinted Windows','Infinity Sound System','Satellite Radio','USB Adapter']",6,"['5-Passenger Seating','8 Speakers','AM/FM','Adjustable Headrests','Anti-Lock Brakes','Anti-Theft System','Braking Assist','Collision Warning System','Floor Mats','HD Radio','Handsfree/Bluetooth Integration','Power Locks','Rear-View Camera','Sun/Moonroof','Surround Audio','Telematics System','Touch-Screen Display']",17,"<p><strong>This 2013 Kia Soul ! has a great Carfax/service record! </strong></p><p>Discover the 2013 Kia Soul ! Wagon, a versatile and stylish vehicle that offers a fun driving experience with practical features. Finished in sleek Titanium Silver with a comfortable Sand/Black interior, this used Kia Soul combines reliability with standout design. With only 86,505 miles, it delivers an efficient 23 mpg in the city and 28 mpg on the highway, making it an economical choice for daily commuting and weekend adventures. Powered by a 2.0-liter four-cylinder engine producing 164 horsepower at 6,500 rpm and 148 lb-ft of torque at 4,800 rpm, it provides spirited performance in a compact package. The automatic transmission and front-wheel drive ensure smooth handling, while the four-door layout comfortably seats five passengers. This Kia Soul features modern conveniences like a backup camera, Bluetooth connectivity, fog lights, satellite radio readiness, and a sunroof/moonroof, enhancing your driving experience with style and ease.</p><p>Inside, the Soul offers a spacious cabin with a clean beige interior accented by black details, creating an inviting atmosphere. Its thoughtful design includes features like a touchscreen display, HD radio, and a premium Infinity sound system with eight speakers, a subwoofer, and 315 watts of power for immersive audio. The vehicle also comes equipped with an auxiliary USB input for your devices, making it easy to stay connected and entertained on the go. Whether you're navigating city streets or hitting the highway, this Kia Soul provides a comfortable and tech-savvy ride, perfect for drivers seeking style, reliability, and advanced features.</p><h3>2013 Kia Soul Safety and Security Features</h3><p>The Kia Soul is equipped with active head restraints for both front seats, enhancing safety in the event of a rear collision. It also includes four-wheel anti-lock braking system (ABS) to improve stopping power and maintain steering control during emergency braking. Power door locks add convenience and security, giving you peace of mind whether you're parked or on the move.</p><h3>2013 Kia Soul Entertainment and Technology Features</h3><p>This Kia Soul boasts an impressive array of entertainment and tech features, starting with a premium Infinity sound system that delivers high-quality audio. Its voice-operated radio and HD radio capabilities ensure clear, crisp sound across your favorite stations, with surround sound for an immersive listening experience. The vehicle’s touchscreen display makes controlling your media simple, while a built-in subwoofer and 315-watt output provide rich bass and volume. An auxiliary USB input allows seamless connection for your devices, making this vehicle both a tech-savvy and enjoyable ride.</p> <p> STEER TOWARD A BRIGHTER TOMORROW- WE WORK WITH ALL CREDIT SITUATIONS!YOUR ROAD STARTS HERE- DRIVE INTO YOUR FUTURE!HURRY IN TO TAKE ADVANTAGE OF OUR BEST NO HAGGLE CASH OR CASH EQUIVALENT INTERNET SPECIAL PRICE LISTED IN THIS AD. Stop in to see why we have been keeping customers happy for over 30 years. We have many great finance options for First Time Buyers! We work with many lenders to help customers with a variety of credit situations. We are always happy to help customers get pre-qualified for financing. Rates as low as 5.24% for qualified buyers with approved credit. Disclaimer: Information deemed reliable, but not guaranteed. Interested parties should confirm all data before making a purchase decision. All prices and specifications are subject to change without notice. Advertised price excludes tax, title, license, $599 dealer documentation fee, emission testing charges, finance charges, and optional dealer-installed accessories. Certain vehicles may include optional appearance packages, window tint, or reconditioning services at additional cost. Please contact the dealer for vehicle-specific pricing and equipment details. Second key, floor mats, and owners manual may not be available on all pre-owned vehicles. A processing fee applies to credit/debit card transactions. </p><p> </p>","[PREMIUM]","[PREMIUM]",148.5,"Moderate Damage"
"JTDZN3EUXD32451380EQXZ6EBE120260901","2026-09-04 08:19:31.283","2026-09-04 08:19:31.283","[PREMIUM]","[PREMIUM]","9245138",2013,"Toyota","Prius v","Two",,"Wagon","Red","Gray","4 Cyl","1.8 L","FWD","Automatic","Hybrid",125381,"[PREMIUM]","[PREMIUM]",11650,"FAIR","Used",,,43,39,41,,true,true,,"['{""ownerNumber"":1,""purchaseDate"":""07/01/13"",""endOwnershipDate"":""06/30/14"",""city"":""El Mirage"",""state"":""AZ""}','{""ownerNumber"":2,""purchaseDate"":""06/30/14"",""endOwnershipDate"":""09/01/26"",""city"":""Jamestown"",""state"":""ND""}']",3,36,0,"2026-09-01","ENHANCED","NEW",true,"[PREMIUM]","Fargo","ND","58103","[PREMIUM]",4.3,414,"0EQXZ6EBE1","[PREMIUM]","[PREMIUM]","[PREMIUM]","[PREMIUM]","[PREMIUM]","TOPRATED",,,,,"[PREMIUM]","[PREMIUM]",36,"['Keyless Entry','Spoiler','Alloy Wheels','Heated Mirrors','16 Inch Wheels','Cloth Seats','Independent Suspension']",7,"['2nd Row Split/Folding Seats','4-Wheel Disc Brakes','6 Speakers','AM/FM','Adjustable Steering Wheel','Air Conditioning','Airbags','Anti-Lock Brakes','Auto Climate Control','Body Colored Bumpers','Braking Assist','CD (Single Disc)','Cruise Control','Delay-Off Headlights','Door Bin','Floor Mats','Front Airbags (Driver)','Front Airbags (Passenger)','Front Anti-Roll Bar','Front Bucket Seats','Front Center Armrest','Front Knee Airbags (Driver)','Front Side Airbags (Driver)','Front Side Airbags (Passenger)','Handsfree/Bluetooth Integration','Head Restraint Whiplash Protection','Illuminated Entry','Intermittent Wipers','MP3','Overhead Airbag','Overhead Console','Panic Button','Passenger Sensing Airbag','Power Mirrors','Power Steering','Power Windows','Reading Lights','Rear Center Armrest','Rear Window Defroster','Rear Window Wiper','Rear-View Camera','Remote Keyless Entry','Stability Control','Steering Wheel Controls','Thermometer','Tire Pressure Monitoring System','Traction Control','Trip Computer','Vanity Mirror/Light']",49,"This 2013 Toyota Prius v Two delivers exceptional fuel economy paired with practical hybrid efficiency. With 44 city and 40 highway MPG, you'll spend less time at the pump and more time on the road. This local trade arrives well-equipped and ready to serve you with reliable Toyota engineering.<br /><br />Key Features:<br />- Backup Camera<br />- Bluetooth connectivity<br />- Automatic Temperature Control<br />- Power Windows and Mirrors<br />- Remote Keyless Entry<br />- Electronic Stability Control<br />- Traction Control<br />- Alloy Wheels<br />- Split Folding Rear Seat<br />- Carpet Floor Mats<br /><br />The red exterior makes a striking impression, while the spacious interior combines comfort and versatility. The split folding rear seat accommodates passengers and cargo with equal ease, making this Prius v an ideal choice for daily commuting or weekend adventures. Standard safety features including multiple airbags, ABS brakes, and electronic stability control provide peace of mind every journey.<br /><br />This hybrid wagon represents smart, economical transportation without compromise. Visit us today to experience the efficiency and reliability of Toyota's proven hybrid technology in the practical Prius v body style.","[PREMIUM]","[PREMIUM]",151,"Accident Reported"
"KNDJT2A56D7763106AQ76PPG1Q120260831","2026-09-04 08:19:31.281","2026-09-04 08:19:31.281","[PREMIUM]","[PREMIUM]","64333A",2013,"Kia","Soul","Base",,"Wagon","White","Black","4 Cyl","1.6 L","FWD","Automatic","Gasoline",138727,"[PREMIUM]","[PREMIUM]",,,"Used",,,25,30,27,true,true,true,true,"['{""ownerNumber"":1,""purchaseDate"":""09/09/13"",""endOwnershipDate"":""08/31/26"",""city"":""Roanoke"",""state"":""TX""}']",43,24,0,"2026-08-31","ENHANCED","NEW",true,"[PREMIUM]","Frisco","TX","75034","[PREMIUM]",4.7,1802,"AQ76PPG1Q1","[PREMIUM]","[PREMIUM]","[PREMIUM]","[PREMIUM]","[PREMIUM]","TOPRATED","GOOD","AVERAGE","AVERAGE",340,"[PREMIUM]","[PREMIUM]",24,"['Keyless Entry','Satellite Radio','Side Airbags','15 Inch Wheels','Steel Wheels','Keyless Ignition','Independent Suspension']",7,"['2nd Row Split/Folding Seats','4 Speakers','4-Wheel Disc Brakes','AM/FM','Adjustable Steering Wheel','Air Conditioning','Anti-Lock Brakes','Body Colored Bumpers','Body Side Moldings','Braking Assist','CD (Single Disc)','Cruise Control','Floor Mats','Front Airbags (Driver)','Front Airbags (Passenger)','Front Bucket Seats','Handsfree/Bluetooth Integration','Head Restraint Whiplash Protection','Illuminated Entry','Intermittent Wipers','MP3','Power Steering','Power Windows','Rear Window Defroster','Rear Window Wiper','Rear-View Camera','Remote Keyless Entry','Smart Device Integration','Speed-Sensing Steering','Stability Control','Steering Wheel Controls','Tachometer','Thermometer','Traction Control','Trip Computer','Wheel Covers','iPod Adapter']",37,"This 2013 Kia Soul Base delivers dependable transportation with practical styling and solid fuel efficiency for daily driving.- Carpeted floor mats- iPod cable- 4 speakers with AM/FM radio and SiriusXM satellite radio- CD player with MP3 compatibility- Air conditioning- Power steering and power windows- Remote keyless entry with keyless start- Steering wheel mounted audio controls- Cruise control- Backup camera- Bluetooth hands-free connectivity- Apple CarPlay and Android Auto integration- Tilt and telescoping steering wheelThe Soul Base sits on 15-inch steel wheels with full wheel covers and rides on a front-wheel independent suspension designed for everyday comfort. Interior appointments include front bucket seats with woven cloth trim, a split folding rear seat for flexible cargo space, and dual front airbags along with side impact airbags for occupant protection. A tachometer and trip computer keep you informed, while the illuminated entry and outside temperature display add convenience to your daily routine.Performance comes from a 1.6L four-cylinder engine paired with a six-speed automatic transmission, delivering 25 city and 30 highway miles per gallon. Electronic stability control, traction control, and brake assist work together to enhance safety during various driving conditions. Speed-sensing steering adapts to your driving speed, and four-wheel disc brakes with ABS provide confident stopping power.Beyond the essentials, this Soul includes a rear window defroster to maintain visibility in cold weather and a rear window wiper for unobstructed views. The variably intermittent wipers adapt to rainfall intensity, reducing manual adjustments. Body-color bumpers and bodyside moldings complete the exterior presentation, while anti-whiplash front head restraints provide additional safety consideration during unexpected impacts.The audio system centers on an AM/FM/CD/MP3 unit that accepts portable audio connections through the included iPod cable. Steering wheel controls allow you to manage audio and cruise functions without taking your hands off the wheel, keeping your focus on the road ahead.This 2013 Soul Base represents a straightforward choice for budget-conscious shoppers seeking a reliable used vehicle with modern conveniences like backup camera assistance and smartphone integration. Come see this practical compact car in person and discover how its efficient design and honest value work for your transportation needs.","[PREMIUM]","[PREMIUM]",145.5,
"JTDZN3EU8D3215569TOEUZFCYIA20260826","2026-09-04 08:19:31.276","2026-09-04 08:19:31.276","[PREMIUM]","[PREMIUM]","DHA-215569",2013,"Toyota","Prius v","Five",,"Wagon","Gray","Gray","4 Cyl","1.8 L","FWD","Automatic","Hybrid",162745,"[PREMIUM]","[PREMIUM]",9600,,"Used",,,43,39,41,true,true,true,true,"['{""ownerNumber"":1,""purchaseDate"":""05/09/13"",""endOwnershipDate"":""08/10/26"",""city"":""Catonsville"",""state"":""MD""}']",17,32,1,"2026-08-26","ENHANCED","USED",true,"[PREMIUM]","Stafford","VA","22554","[PREMIUM]",,,"TOEUZFCYIA","[PREMIUM]","[PREMIUM]","[PREMIUM]","[PREMIUM]","[PREMIUM]","ADVANTAGE",,,,,"[PREMIUM]","[PREMIUM]",32,"['Navigation System','Keyless Entry','Fog Lights','Heated Seats','Bucket Seats','Alloy Wheels','Heated Mirrors','Satellite Radio','Side Airbags','Keyless Ignition']",10,"['2nd Row Split/Folding Seats','AM/FM','Adjustable Steering Wheel','Air Conditioning','Airbags','Anti-Lock Brakes','Anti-Theft System','Auto Climate Control','Braking Assist','CD (Single Disc)','Cruise Control','Dual Airbags','Front Airbags (Driver)','Front Airbags (Passenger)','Front Bucket Seats','Handsfree/Bluetooth Integration','Hill Assist System','MP3','Power Locks','Power Mirrors','Power Seat (Dual)','Power Steering','Power Windows','Rear Center Armrest','Rear Spoiler','Rear-View Camera','Remote Keyless Entry','Side Curtain Airbags','Side Impact Door Beam','Stability Control','Steering Wheel Controls','Traction Control','Trip Computer']",33,"This 2013 Toyota Prius v Five delivers impressive fuel efficiency with 44 city and 40 highway MPG, making it an excellent choice for budget-conscious drivers. Finished in gray with a sleek exterior design, this hybrid combines practicality with eco-friendly performance. The spacious Five trim offers versatility for daily commuting and weekend adventures alike.<br /><br />Key Features:<br />- 1.8L 4-Cylinder Hybrid Engine with CVT<br />- 44 City / 40 Highway MPG<br />- Rear Parking Camera<br />- Remote Keyless Entry<br />- Electronic Stability Control &amp; Traction Control<br />- Automatic Temperature Control<br />- Steering Wheel Mounted Audio &amp; A/C Controls<br />- Dual Front Airbags with Side Impact Protection<br />- Split Folding Rear Seat<br />- Alloy Wheels<br /><br />This Prius v arrives well-equipped with modern conveniences including power windows, power door mirrors with heating, and a trip computer to track fuel economy. The interior features front bucket seats with a center armrest, plus a rear seat center armrest for added comfort. Climate control is handled through automatic temperature management with steering wheel-mounted controls for convenience. Safety is prioritized with electronic stability control, traction control, brake assist, and a comprehensive airbag system including front, side, and knee protection.<br /><br />Whether you're navigating city streets or highway commutes, this Prius v Five offers the reliability Toyota is known for. Contact us today to schedule a test drive and experience the perfect balance of efficiency and functionality.","[PREMIUM]","[PREMIUM]",147.7,
"JF1GPAS63D2876417TWHXAETXOJ20260827","2026-09-04 08:19:31.275","2026-09-04 08:19:31.275","[PREMIUM]","[PREMIUM]","2413",2013,"Subaru","Impreza","Sport","Limited","Wagon","Red",,"4 Cyl","2.0 L","AWD","Automatic","Gasoline",124108,"[PREMIUM]","[PREMIUM]",8230,"GOOD","Used",,,27,35,30,,true,true,,"['{""ownerNumber"":1,""purchaseDate"":""08/08/13"",""endOwnershipDate"":""03/23/18"",""city"":""Cleveland"",""state"":""OH""}','{""ownerNumber"":2,""purchaseDate"":""06/08/18"",""endOwnershipDate"":""08/25/26"",""city"":""Cleveland"",""state"":""OH""}']",31,30,1,"2026-08-27","ENHANCED","USED",true,"[PREMIUM]","Willowick","OH","44095","[PREMIUM]",3.4,5,"TWHXAETXOJ","[PREMIUM]","[PREMIUM]","[PREMIUM]","[PREMIUM]","[PREMIUM]","ADVANTAGE",,,,,"[PREMIUM]","[PREMIUM]",30,"['Fog Lights','Cargo Cover','Roof Rails','Folding Mirrors','Heated Mirrors']",5,"['3-Point Seat Belts','AM/FM','Adjustable Headrests','Aluminum Dash Trim','Antenna','Armrest Storage','Automatic Headlights','Aux Audio Adapter','Body Colored Bumpers','Body Colored Door Handles','CD (Single Disc)','Cargo Area Light','Center Console','Child Safety Locks','Child Seat Anchors','Color Coded Mirrors','Cruise Control','Cup Holder','Daytime Running Lights','Floor Mats','Front Crumple Zones','Front Headrests','Handsfree/Bluetooth Integration','MP3','Radio Data System','Reading Lights','Rear Center Armrest','Safety Brake Pedal System','Telematics System']",29,"Always wear your seat belt. Customer is responsible to inspect vehicle for any damage or safety problems. All vehicles are sold AS/IS by Cleveland Auto Wholesale Inc. this includes rust, body damage, frame damage and any and all mechanical problems. At Cleveland Auto Wholesale Inc. (ClevelandAutoCars.com) we offer aggressive prices, rates and special Finance options to everyone regardless of credit history. Easily located near S.O.M. &amp; RTE. 2. Cleveland Auto has a wide variety of makes and models including Audi, Acura, BMW, Cadillac, Chevrolet, Chrysler, Dodge, Fiat, Ford, GMC, Infiniti, Jaguar, Jeep, Land Rover, Lexus, Mercedes, Range Rover, Saab, Volkswagen and Volvo. We are confident that we have what you are looking for or will be more then glad to find it. Cleveland Auto is staffed with over 25 years of knowledge and experience dealing with the Northern Ohio Auto Market with established business relations with all of the local and national lenders. We at Cleveland Auto know that you will drive home happy, if you are working full or part time, if you receive SSI or Disability, for those of you who are self-employed or need to prove employment by a job letter, bank statements and/or 1099's we will work with you to accomplish your goals . All of our vehicles have been through an inspection. We offer some of the best warranties in the industry and most of our inventory includes a standard power train warranty with purchase. We strongly believe in giving the customer what the","[PREMIUM]","[PREMIUM]",146.45,"Accident Reported: Minor to Moderate Damage"
"WA1VFAFL0DA188475KWRW9MVNRM20260827","2026-09-04 08:19:31.274","2026-09-04 08:19:31.274","[PREMIUM]","[PREMIUM]","H2073",2013,"Audi","Allroad","Prestige",,"Wagon","Gray","Gray","4 Cyl","2.0 L","AWD","Automatic","Gasoline",103173,"[PREMIUM]","[PREMIUM]",10420,"GOOD","Used",,,20,26,22,true,true,,,"['{""ownerNumber"":1,""purchaseDate"":""02/25/13"",""endOwnershipDate"":""07/24/13"",""city"":""Westerville"",""state"":""OH""}','{""ownerNumber"":2,""purchaseDate"":""11/20/13"",""endOwnershipDate"":""08/11/26"",""city"":""Minneapolis"",""state"":""MN""}']",27,46,2,"2026-08-27","ENHANCED","USED",true,"[PREMIUM]","Troy","MI","48084","[PREMIUM]",4.8,9,"KWRW9MVNRM","[PREMIUM]","[PREMIUM]","[PREMIUM]","[PREMIUM]","[PREMIUM]","ADVANTAGE",,,,,"[PREMIUM]","[PREMIUM]",46,"['Prestige Package','Roof Rack','Navigation System','Keyless Entry','Fog Lights','Heated Seats','Power Liftgate','Blind Spot Monitor','Alloy Wheels','Parking Sensors']",10,"['AM/FM','Adjustable Steering Wheel','Air Conditioning','Anti-Lock Brakes','Anti-Theft System','Audi Connect','Bang %26 Olufsen Sound System','CD (Single Disc)','Cruise Control','Daytime Running Lights','Dual Airbags','Dual-Zone Climate Control','Front Knee Airbags (Driver)','Front Knee Airbags (Passenger)','Handsfree/Bluetooth Integration','High Intensity Discharge Headlights','Keyless Ignition','Leather Trimmed Interior','MP3','Panorama Sunroof','Power Locks','Power Seat (Dual)','Power Steering','Power Windows','Rear Spoiler','Rear-View Camera','Satellite Radio','Side Airbags','Side Curtain Airbags','Stability Control','Telematics System','Traction Control']",32,"<p>Enjoy a first class experience in our temperature controlled warehouse! Complimentary CarFax with every vehicle. Finance options for all clients. Multiple warranty options that fit all driving styles.</p><p><strong>2013 Audi allroad Prestige Wagon 4D Clean CarFax, No Accidents</strong></p><p>A perfect blend of luxury, versatility, and Audi performance! This 2013 Audi allroad Prestige comes with a <strong>Clean CarFax showing no accidents</strong> and offers premium comfort, Quattro all-wheel drive confidence, and the practicality of a wagon. The top-of-the-line Prestige trim is loaded with upscale features and makes this allroad a great year-round vehicle.</p><p><strong>Features include:</strong></p><ul><li><p>2.0L Turbocharged 4-Cylinder Engine</p></li><li><p>Quattro All-Wheel Drive</p></li><li><p>Automatic Transmission</p></li><li><p>Prestige Package</p></li><li><p>Leather Interior</p></li><li><p>Heated Front Seats</p></li><li><p>Power Front Seats</p></li><li><p>Panoramic Sunroof</p></li><li><p>Navigation System</p></li><li><p>Premium Audio</p></li><li><p>Bluetooth Connectivity</p></li><li><p>Backup Camera</p></li><li><p>Dual-Zone Climate Control</p></li><li><p>Power Liftgate</p></li><li><p>Alloy Wheels</p></li><li><p>Keyless Entry &amp; Push-Button Start</p></li><li><p>Clean CarFax</p></li><li><p>No Accidents Reported</p></li></ul><p>The Audi allroad gives you SUV-like versatility without sacrificing the handling and comfort of a luxury car. A unique, practical wagon that's comfortable for everyday driving and ready for Michigan weather.</p><p>Proud CarFax Advantage Dealer offering a complimentary CarFax.</p><p>?? Call <strong>248-533-0030</strong><br />?? Text <strong>248-988-0018</strong></p><p><strong>Good Cars. Good People.</strong></p><p>?? <strong>Hale Automotive Team</strong></p><p></p><p></p><p>1694 Maxwell Dr, Troy, MI 48084</p><p>(248) 533-0030</p>","[PREMIUM]","[PREMIUM]",151.5,
"KNDJT2A50D7770259HEA3HUTFYY20260902","2026-09-04 08:19:31.271","2026-09-04 08:19:31.271","[PREMIUM]","[PREMIUM]","21H7043C",2013,"Kia","Soul","Base",,"Wagon","Black","Black","4 Cyl","1.6 L","FWD","Automatic","Gasoline",109753,"[PREMIUM]","[PREMIUM]",5960,,"Used",,,25,30,27,,true,true,true,"['{""ownerNumber"":1,""purchaseDate"":""07/30/13"",""endOwnershipDate"":""08/22/26"",""city"":""Jacksonville"",""state"":""NC""}']",31,27,0,"2026-09-02","ENHANCED","NEW",true,"[PREMIUM]","Jacksonville","NC","28546","[PREMIUM]",4.8,118,"HEA3HUTFYY","[PREMIUM]","[PREMIUM]","[PREMIUM]","[PREMIUM]","[PREMIUM]","TOPRATED",,,,,"[PREMIUM]","[PREMIUM]",27,"['Keyless Entry','Satellite Radio','15 Inch Wheels','Steel Wheels','Cloth Seats','Independent Suspension']",6,"['2nd Row Split/Folding Seats','4 Speakers','4-Wheel Disc Brakes','AM/FM','Adjustable Steering Wheel','Air Conditioning','Anti-Lock Brakes','Body Colored Bumpers','Body Side Moldings','Braking Assist','CD (Single Disc)','Cruise Control','Door Bin','Floor Mats','Front Airbags (Driver)','Front Airbags (Passenger)','Front Anti-Roll Bar','Front Bucket Seats','Front Side Airbags (Driver)','Front Side Airbags (Passenger)','Head Restraint Whiplash Protection','Illuminated Entry','Intermittent Wipers','MP3','Overhead Airbag','Panic Button','Passenger Sensing Airbag','Power Steering','Power Windows','Rear Window Defroster','Rear Window Wiper','Remote Keyless Entry','Speed-Sensing Steering','Stability Control','Steering Wheel Controls','Tachometer','Thermometer','Tire Pressure Monitoring System','Traction Control','Trip Computer','Wheel Covers']",41,"Odometer is 8149 miles below market average! Capital Hyundai of Jacksonville is pumped up to offer this attractive-looking 2013 Kia Soul Shadow Pearl Metallic with the following features:<br /><br />CARFAX One-Owner.<br /><br />Shadow Pearl Metallic 2013 Kia Soul FWD 1.6L I4 DGI Gamma 6-Speed Automatic<br /><br /><br />Awards:<br /> * JD Power APEAL Study, JD Power Initial Quality Study * 2013 IIHS Top Safety Pick * 2013 KBB.com 10 Coolest New Cars Under $18,000 * 2013 KBB.com 10 Best Used Cars Under $10,000 Reviews:<br /> * Loads of available features, user-friendly controls, ample passenger space, funky style, low price, long warranty. Source: Edmunds<br /> * If you’re looking for a stylish, youthful car that boasts good fuel economy, lots of versatility, and many features for a low price, the Soul could be your mate. Source: KBB.com<br /><br /><br />Price does not include licensing costs or registration fees. Out-of-state buyers are responsible for taxes and registration fees in their home state. Prices reflect all rebates and incentives available to all purchasers including any applicable Hyundai Certification Fees and the $899 dealer administration fee. Other Incentives may be available for qualified and applicable buyers. Vehicle inventory and offers are updated frequently and vehicles may be in transit, subject to prior sale or change without notice. Please confirm availability with the dealer. We make every effort to ensure accurate listings but are not responsible for errors or omissions. CONSENT TO CONTACT By submitting your contact information, you agree to be contacted by phone regarding vehicle purchases or financing. Clicking ""Submit"" serves as your electronic signature. You may withdraw consent by visiting the link to our privacy policy and request to be removed by submitting a personal data request.","[PREMIUM]","[PREMIUM]",153.5,"Accident Reported: Minor to Moderate Damage"
"KNDJT2A52D7617317RUMJ00PX1K20260902","2026-09-04 08:19:31.271","2026-09-04 08:19:31.271","[PREMIUM]","[PREMIUM]","Y67292B",2013,"Kia","Soul","Base",,"Wagon","Green","Black","4 Cyl","1.6 L","FWD","Manual","Gasoline",76111,"[PREMIUM]","[PREMIUM]",7110,,"Used",,,25,30,27,true,true,true,,"['{""ownerNumber"":1,""purchaseDate"":""07/27/13"",""endOwnershipDate"":""03/10/17"",""city"":""New Bedford"",""state"":""MA""}','{""ownerNumber"":2,""purchaseDate"":""05/24/17"",""endOwnershipDate"":""Present"",""city"":""Pawtucket"",""state"":""RI""}']",29,4,0,"2026-09-02","ENHANCED","NEW",true,"[PREMIUM]","Johnston","RI","02919","[PREMIUM]",,,"RUMJ00PX1K","[PREMIUM]","[PREMIUM]","[PREMIUM]","[PREMIUM]","[PREMIUM]","TOPRATED",,,,,"[PREMIUM]","[PREMIUM]",4,"['Satellite Radio','15 Inch Wheels','Steel Wheels','Cloth Seats','Independent Suspension']",5,"['2nd Row Split/Folding Seats','4 Speakers','4-Wheel Disc Brakes','AM/FM','Adjustable Steering Wheel','Air Conditioning','Anti-Lock Brakes','Body Colored Bumpers','Body Side Moldings','Braking Assist','CD (Single Disc)','Door Bin','Floor Mats','Front Airbags (Driver)','Front Airbags (Passenger)','Front Anti-Roll Bar','Front Bucket Seats','Front Side Airbags (Driver)','Front Side Airbags (Passenger)','Head Restraint Whiplash Protection','Intermittent Wipers','MP3','Overhead Airbag','Passenger Sensing Airbag','Power Steering','Power Windows','Rear Window Defroster','Rear Window Wiper','Speed-Sensing Steering','Stability Control','Steering Wheel Controls','Tachometer','Thermometer','Tire Pressure Monitoring System','Traction Control','Trip Computer','Wheel Covers']",37,"Recent Arrival! 2013 Kia Soul Base Alien Pearl Metallic<br />Odometer is 29001 miles below market average! 25/30 City/Highway MPG<br /><br /><br />Awards:<br /> * JD Power APEAL Study, JD Power Initial Quality Study * 2013 IIHS Top Safety Pick * 2013 KBB.com 10 Best Used Cars Under $10,000 * 2013 KBB.com 10 Coolest New Cars Under $18,000<br />Reviews:<br /> * Loads of available features, user-friendly controls, ample passenger space, funky style, low price, long warranty. Source: Edmunds<br /> * If you’re looking for a stylish, youthful car that boasts good fuel economy, lots of versatility, and many features for a low price, the Soul could be your mate. Source: KBB.com<br />Grieco One Price reflects vehicle being financed with dealer. See dealer for details.<br /><br />Equipped with 15"" x 6.0J Steel w/Full Wheel Covers Wheels, 4 Speakers, 4-Wheel Disc Brakes, ABS brakes, Air Conditioning, AM/FM radio: SiriusXM, AM/FM/CD/MP3 Audio System, Anti-whiplash front head restraints, Bodyside moldings, Brake assist, Bumpers: body-color, Carpeted Floor Mats, CD player, Driver door bin, Dual front impact airbags, Dual front side impact airbags, Electronic Stability Control, Front anti-roll bar, Front Bucket Seats, Front wheel independent suspension, Low tire pressure warning, Occupant sensing airbag, Outside temperature display, Overhead airbag, Passenger door bin, Power steering, Power windows, Rear Bumper Applique, Rear window defroster, Rear window wiper, Speed-sensing steering, Split folding rear seat, Steering wheel mounted audio controls, Tachometer, Telescoping steering wheel, Tilt steering wheel, Traction control, Trip computer, Variably intermittent wipers, and Woven Cloth Seat Trim.","[PREMIUM]","[PREMIUM]",146.75,
"YV4902BZXD1162357ZXFYJWKGU120260901","2026-09-04 08:19:31.271","2026-09-04 08:19:31.271","[PREMIUM]","[PREMIUM]","X078T",2013,"Volvo","XC70","T6",,"Wagon","White","Tan","6 Cyl","3.0 L","AWD","Automatic","Gasoline",122275,"[PREMIUM]","[PREMIUM]",9820,"FAIR","Used",,,17,23,20,,true,,,"['{""ownerNumber"":1,""purchaseDate"":""04/25/13"",""endOwnershipDate"":""07/21/14"",""city"":""Hanover"",""state"":""MD""}','{""ownerNumber"":2,""purchaseDate"":""09/26/16"",""endOwnershipDate"":""10/31/23"",""city"":""Jefferson"",""state"":""NH""}','{""ownerNumber"":3,""purchaseDate"":""11/20/23"",""endOwnershipDate"":""12/30/23"",""city"":""Rumney"",""state"":""NH""}','{""ownerNumber"":4,""purchaseDate"":""05/25/24"",""endOwnershipDate"":""Present"",""city"":""Keene"",""state"":""NH""}']",11,19,0,"2026-09-01","ENHANCED","NEW",true,"[PREMIUM]","Keene","NH","03431","[PREMIUM]",4.5,15,"ZXFYJWKGU1","[PREMIUM]","[PREMIUM]","[PREMIUM]","[PREMIUM]","[PREMIUM]","ADVANTAGE",,,,,"[PREMIUM]","[PREMIUM]",19,"['Keyless Entry','Fog Lights','Leather Seats','Roof Rails','18 Inch Wheels','Alloy Wheels','Heated Mirrors','Satellite Radio','Seat Memory','Premium Sound System']",10,"['2nd Row Split/Folding Seats','4-Wheel Disc Brakes','4-Wheel Independent Suspension','8 Speakers','AM/FM','Adjustable Steering Wheel','Air Conditioning','Anti-Lock Brakes','Anti-Theft System','Armrest Storage','Auto Climate Control','Auto-Dimming Mirror','Beverage Holder','Body Colored Bumpers','Braking Assist','CD (Single Disc)','Cruise Control','Delay-Off Headlights','Door Bin','Dual-Zone Climate Control','Front Airbags (Driver)','Front Airbags (Passenger)','Front Anti-Roll Bar','Front Bucket Seats','Front Center Armrest','Front Side Airbags (Driver)','Front Side Airbags (Passenger)','Head Restraint Whiplash Protection','Headlight Washers','Illuminated Entry','Leather Shift Knob Trim','Leather Trimmed Interior','MP3','Overhead Airbag','Panic Button','Passenger Sensing Airbag','Power Mirrors','Power Seat (Dual)','Power Steering','Power Sun/Moonroof','Power Windows','Radio Data System','Rain-Sensing Wipers','Reading Lights','Rear Anti-Roll Bar','Rear Center Armrest','Rear Window Defroster','Rear Window Wiper','Remote Keyless Entry','Stability Control','Steering Wheel Controls','Tachometer','Telematics System','Thermometer','Tire Pressure Monitoring System','Traction Control','Trip Computer','Turn Signal Mirrors','Vanity Mirror/Light','Volvo Sensus','Wood Dash Trim','Wood Door Trim']",62,"Ice White 2013 Volvo XC70 T6 AWD 3.0L I6 Turbocharged 6-Speed Automatic with Geartronic<br /><br />AWD.<br /><br />At Keene Chrysler Dodge Jeep Ram, we understand that buying or servicing a car is a big investment. That's why we strive to make the process as stress-free and enjoyable as possible! We've been providing trustworthy auto sales and service since 1971, so we know a thing or two about how to treat our customers to top-of-the-line experience. And because we have a long-tenured staff, you’ll find the same friendly faces year in and year out at our locally owned and operated Jeep dealership in Keene. Recent Arrival! Odometer is 16542 miles below market average!<br /><br /><br />Keene Chrysler Jeep Dodge is proud to present you with another True Market Priced Vehicle. This 2013 Volvo XC70 T6 is loaded with the following Factory Options: AWD AWD, 18"" x 7.5"" Zephyrus Alloy Wheels, 4-Wheel Disc Brakes, 8 Speakers, ABS brakes, Air Conditioning, Alloy wheels, AM/FM radio: SIRIUS, Anti-whiplash front head restraints, Auto-dimming Rear-View mirror, Automatic temperature control, Brake assist, Bumpers: body-color, CD player, Delay-off headlights, Driver door bin, Driver vanity mirror, Dual front impact airbags, Dual front side impact airbags, Electronic Stability Control, Four wheel independent suspension, Front anti-roll bar, Front Bucket Seats, Front Center Armrest w/Storage, Front dual zone A/C, Front fog lights, Front reading lights, Genuine wood console insert, Genuine wood dashboard insert, Genuine wood door panel insert, Headlight cleaning, Heated door mirrors, Illuminated entry, Leather Seating Surfaces, Leather Shift Knob, Low tire pressure warning, Memory seat, Occupant sensing airbag, Outside temperature display, Overhead airbag, Panic alarm, Passenger door bin, Passenger vanity mirror, Power door mirrors, Power driver seat, Power moonroof, Power passenger seat, Power steering, Power windows, Premium audio system: Volvo Sensus, Radio data system, Radio: AM/FM High Performance w/Single CD/MP3, Rain sensing wipers, Rear anti-roll bar, Rear fog lights, Rear reading lights, Rear seat center armrest, Rear window defroster, Rear window wiper, Remote keyless entry, Roof rack: rails only, Security system, Speed control, Split folding rear seat, Steering wheel mounted audio controls, Tachometer, Telescoping steering wheel, Tilt steering wheel, Traction control, Trip computer, Turn signal indicator mirrors, and Variably intermittent wipers!!","[PREMIUM]","[PREMIUM]",147.25,"Accident Reported"
"JF1GR7E66DG8801658TTSQE900120260825","2026-09-04 08:19:31.266","2026-09-04 08:19:31.266","[PREMIUM]","[PREMIUM]","11264",2013,"Subaru","Impreza","WRX",,"Wagon","Blue","Black","4 Cyl","2.5 L","AWD","Manual","Gasoline",120314,"[PREMIUM]","[PREMIUM]",14400,,"Used",,,19,25,21,true,true,true,,"['{""ownerNumber"":1,""purchaseDate"":""06/26/13"",""endOwnershipDate"":""03/16/15"",""city"":""Portland"",""state"":""OR""}','{""ownerNumber"":2,""purchaseDate"":""07/02/15"",""endOwnershipDate"":""07/13/23"",""city"":""Beaverton"",""state"":""OR""}','{""ownerNumber"":3,""purchaseDate"":""08/25/23"",""endOwnershipDate"":""07/12/26"",""city"":""Oregon City"",""state"":""OR""}']",15,19,2,"2026-08-25","ENHANCED","USED",true,"[PREMIUM]","Salem","OR","97317","[PREMIUM]",4,6,"8TTSQE9001","[PREMIUM]","[PREMIUM]","[PREMIUM]","[PREMIUM]","[PREMIUM]","ADVANTAGE",,,,,"[PREMIUM]","[PREMIUM]",19,"['Keyless Entry','Spoiler','Cargo Cover','Tinted Windows','Ambient Lighting','Folding Mirrors','Limited Slip Differential','Steel Wheels','Sport Suspension','Independent Suspension']",10,"['12V Power Outlet','3-Point Seat Belts','6 Speakers','AM/FM','Adjustable Headrests','Adjustable Seats','Adjustable Steering Wheel','Air Conditioning','Air Filtration','Airbag Deactivation (Passenger)','Antenna','Anti-Lock Brakes','Anti-Theft System','Armrest Storage','Auto Climate Control','Automatic Headlights','Aux Audio Adapter','Body Colored Bumpers','Body Colored Door Handles','Braking Assist','CD (Single Disc)','Cargo Area Light','Cargo Area Tie Downs','Center Console','Child Safety Locks','Child Seat Anchors','Clock','Cloth Upholstery','Color Coded Mirrors','Compact Spare Tire','Cruise Control','Cup Holder','Daytime Running Lights','Digital Instrument Cluster','Door Pockets','Electronic Brake Force Distribution','Engine Immobilizer','Floor Mats','Front Airbags (Driver)','Front Airbags (Passenger)','Front Bucket Seats','Front Center Armrest','Front Crumple Zones','Front Headrests','Front Side Airbags','Front Stabilizer Bar','Front Ventilated Disc Brakes','Fuel Data Display','Handsfree/Bluetooth Integration','Hill Assist System','Inside Rear-View Mirror - Manual Day/Night','Intermittent Wipers','LED Tail Lights','Leather Shift Knob Trim','Leather Steering Wheel','Low Fuel Level Indicator','MP3','MacPherson Front Suspension','Metal-Look Dash Trim','One-Touch Power Windows','Passenger Sensing Airbag','Power Locks','Power Steering','Power Sun/Moonroof','Radio Data System','Reading Lights','Rear Air Ducts','Rear Bench Seat','Rear Disc Brakes','Rear Headrests','Rear Spoiler','Rear Stabilizer Bar','Rear Window Defroster','Rear Window Wiper','Remote Trunk Release','Safety Brake Pedal System','Seat Belt Pretensioners','Side Curtain Airbags','Speed Sensitive Volume Control','Split/Folding Seats','Stability Control','Steering Wheel Controls','Tachometer','Thermometer','Tire Pressure Monitoring System','Traction Control','Trip Odometer','Vanity Mirror/Light','Window Lockout Button']",89,"**2013 Subaru Impreza WRX Wagon – $13,995** Here’s one you don’t see come through very often! **2013 Subaru Impreza WRX Wagon** with **120,314 miles**, priced at **$12,995**. If you know WRXs, you already know why these have such a following. Turbocharged power, Subaru AWD, plenty of room in the hatch, and just an all-around fun car to drive. This is the kind of car that can be your daily driver and still put a smile on your face every time you get into the boost. **120,314 miles** **$13,995** **Turbocharged Boxer engine** **Subaru All-Wheel Drive** **WRX performance** **5-door wagon/hatchback** **Manual transmission** **Room for passengers and cargo** These WRX wagons are getting harder and harder to find, especially in this price range. If you’ve been waiting for the right one, I wouldn’t sit on this one too long. **Easy &amp; affordable financing available OAC. All credit types welcome.** Come check it out and take it for a drive! **Stock #11264** **VIN: JF1GR7E66DG880165**","[PREMIUM]","[PREMIUM]",142.75,
"WA1UFAFL4DA1924302EGLEEHIOJ20260825","2026-09-04 08:19:31.263","2026-09-04 08:19:31.263","[PREMIUM]","[PREMIUM]","ATDA192430",2013,"Audi","Allroad","Premium Plus",,"Wagon","White","Brown","4 Cyl","2.0 L","AWD","Automatic","Gasoline",117329,"[PREMIUM]","[PREMIUM]",9920,"GOOD","Used",,,20,26,22,,true,true,,"['{""ownerNumber"":1,""purchaseDate"":""04/15/13"",""endOwnershipDate"":""04/05/16"",""city"":""Leawood"",""state"":""KS""}','{""ownerNumber"":2,""purchaseDate"":""04/08/16"",""endOwnershipDate"":""08/25/26"",""city"":""Boulder"",""state"":""CO""}']",30,26,2,"2026-08-25","ENHANCED","NEW",true,"[PREMIUM]","Littleton","CO","80121","[PREMIUM]",4.5,1230,"2EGLEEHIOJ","[PREMIUM]","[PREMIUM]","[PREMIUM]","[PREMIUM]","[PREMIUM]","TOPRATED",,,,,"[PREMIUM]","[PREMIUM]",26,"['Convenience Package','Premium Plus Package','Lighting Package','Navigation System','Keyless Entry','Fog Lights','Spoiler','Leather Seats','Heated Seats','Roof Rails']",10,"['10 Speakers','18 Inch Wheels','2nd Row Split/Folding Seats','4-Wheel Disc Brakes','4-Wheel Independent Suspension','AM/FM','Adjustable Steering Wheel','Air Conditioning','Alloy Wheels','Anti-Lock Brakes','Anti-Theft System','Auto Climate Control','Auto-Dimming Mirror','Body Colored Bumpers','Braking Assist','CD (Single Disc)','Compass','Cruise Control','Delay-Off Headlights','Door Bin','Front Airbags (Driver)','Front Airbags (Passenger)','Front Anti-Roll Bar','Front Bucket Seats','Front Center Armrest','Front Knee Airbags (Driver)','Front Side Airbags (Driver)','Front Side Airbags (Passenger)','Head Restraint Whiplash Protection','Headlight Washers','Heated Mirrors','Illuminated Entry','Keyless Ignition','Leather Shift Knob Trim','Leather Steering Wheel','MMI Navigation Plus Package','Memorized Settings','Overhead Airbag','Overhead Console','Panic Button','Passenger Sensing Airbag','Passive Keyless Entry','Power Mirrors','Power Seat (Dual)','Power Steering','Power Sun/Moonroof','Power Tailgate','Power Windows','Premium Sound System','Radio Data System','Rain-Sensing Wipers','Reading Lights','Rear Anti-Roll Bar','Rear Center Armrest','Rear Window Defroster','Rear Window Wiper','Remote Keyless Entry','Satellite Radio','Speed-Sensing Steering','Stability Control','Steering Wheel Controls','Tachometer','Three-Zone Climate Control','Tire Pressure Monitoring System','Traction Control','Turn Signal Mirrors','Vanity Mirror/Light','Wood Trimmed Interior']",68,"This 2013 Audi allroad 2.0T Premium Plus quattro blends upscale comfort with practical versatility in a sophisticated white exterior. Powered by a 2.0L 4-cylinder TFSI engine paired with an 8-speed automatic transmission and quattro all-wheel drive, this vehicle delivers capable performance while achieving 20 city and 27 highway mpg. The allroad's elevated ride height and premium appointments make it an ideal choice for those seeking wagon practicality with luxury refinement.<br /><br />**Key Features:**<br />- Audi Advanced Key with power tailgate<br />- MMI Navigation Plus Package<br />- 3-zone climate control with 3-step heated front seats<br />- Leather seating surfaces and leather steering wheel<br />- Premium audio with SiriusXM and 10 speakers<br />- Power moonroof with auto-dimming heated exterior mirrors<br />- Convenience and Lighting packages included<br />- Fine grain ash natural interior wood trim<br />- Electronic Stability Control with four-wheel disc brakes<br /><br />This allroad presents an exceptional opportunity to own a sophisticated Audi with comprehensive premium features and a reputation for reliability. Its refined interior, advanced technology, and versatile design make it equally at home during a weekend getaway or daily commuting. Visit us today to experience the allroad's unique combination of elegance and practicality.","[PREMIUM]","[PREMIUM]",154.75,
"4T3BA3BB7DU0398685HQROUIPA120260825","2026-09-04 08:19:31.259","2026-09-04 08:19:31.259","[PREMIUM]","[PREMIUM]","P9599",2013,"Toyota","Venza","LE",,"Wagon","Gray","Black","4 Cyl","2.7 L","AWD","Automatic","Gasoline",68870,"[PREMIUM]","[PREMIUM]",13220,,"Used",,,20,26,22,,true,true,,"['{""ownerNumber"":1,""purchaseDate"":""01/26/13"",""endOwnershipDate"":""04/12/13"",""state"":""MA""}','{""ownerNumber"":2,""purchaseDate"":""02/12/16"",""endOwnershipDate"":""04/21/23"",""city"":""Medford"",""state"":""MA""}','{""ownerNumber"":3,""purchaseDate"":""06/27/23"",""endOwnershipDate"":""08/25/26"",""city"":""Junction City"",""state"":""KS""}']",37,29,0,"2026-08-25","ENHANCED","NEW",true,"[PREMIUM]","Manhattan","KS","66502","[PREMIUM]",4.6,421,"5HQROUIPA1","[PREMIUM]","[PREMIUM]","[PREMIUM]","[PREMIUM]","[PREMIUM]","TOPRATED",,,,,"[PREMIUM]","[PREMIUM]",29,"['Navigation System','Keyless Entry','Fog Lights','Spoiler','Power Liftgate','19 Inch Wheels','Alloy Wheels','Heated Mirrors','Cloth Seats','Toyota Entune']",10,"['2nd Row Split/Folding Seats','4-Wheel Disc Brakes','4-Wheel Independent Suspension','6 Speakers','AM/FM','Adjustable Steering Wheel','Air Conditioning','Anti-Lock Brakes','Auto Climate Control','Auto-Dimming Mirror','Automatic Headlights','Body Colored Bumpers','Braking Assist','CD (Single Disc)','Cloth Upholstery','Compass','Cruise Control','Delay-Off Headlights','Door Bin','Dual-Zone Climate Control','Front Airbags (Driver)','Front Airbags (Passenger)','Front Anti-Roll Bar','Front Bucket Seats','Front Center Armrest','Front Knee Airbags (Driver)','Front Side Airbags (Driver)','Front Side Airbags (Passenger)','Head Restraint Whiplash Protection','Illuminated Entry','Integrated Garage Door Opener','Intermittent Wipers','MP3','Overhead Airbag','Overhead Console','Panic Button','Passenger Sensing Airbag','Power Mirrors','Power Seat (Dual)','Power Steering','Power Windows','Reading Lights','Rear Anti-Roll Bar','Rear Center Armrest','Rear Window Defroster','Rear Window Wiper','Rear-View Camera','Remote Keyless Entry','Speed-Sensing Steering','Stability Control','Steering Wheel Controls','Tachometer','Telematics System','Thermometer','Tire Pressure Monitoring System','Traction Control','Trip Computer','Turn Signal Mirrors','Vanity Mirror/Light','Wheel Locks']",60,"This 2013 Toyota Venza LE is a reliable, locally traded crossover that delivers practicality and comfort for everyday driving. With a 2.7L four-cylinder engine, six-speed automatic transmission, and all-wheel drive, this Venza balances efficiency with capability. At 68,867 miles, this vehicle represents excellent value and strong potential for years of dependable service ahead.<br /><br />Key Features:<br />- Local trade-in<br />- AWD with 2.7L I4 engine and six-speed automatic<br />- Back-up camera<br />- Display audio with navigation and Entune<br />- Front dual zone automatic temperature control<br />- Alloy wheel locks<br />- Power lift-gate with jam protection<br />- Four-wheel independent suspension<br />- Electronic stability control and traction control<br />- Remote keyless entry and power door mirrors<br /><br />This vehicle runs and drives well and was originally designated for auction.<br />We've made it available directly to the public at a wholesale value.<br />It has passed a 23-point pass/fail inspection.<br />As with any wholesale vehicle, we recommend an independent inspection by your mechanic prior to purchase.","[PREMIUM]","[PREMIUM]",144.75,"Accident Reported: Moderate to Severe Damage"
"JTDZN3EU6D3232290NDJXQDP00120260901","2026-09-04 08:19:31.259","2026-09-04 08:19:31.259","[PREMIUM]","[PREMIUM]","2013",2013,"Toyota","Prius v","Five",,"Wagon","White","Gray","4 Cyl","1.8 L","FWD","Automatic","Hybrid",236105,"[PREMIUM]","[PREMIUM]",7410,"FAIR","Used",,,,,,,true,true,,"['{""ownerNumber"":1,""purchaseDate"":""03/18/13"",""endOwnershipDate"":""08/16/23"",""city"":""San Diego"",""state"":""CA""}','{""ownerNumber"":2,""purchaseDate"":""10/03/23"",""endOwnershipDate"":""10/04/25"",""city"":""Encino"",""state"":""CA""}']",27,8,0,"2026-09-01","ENHANCED","USED",true,"[PREMIUM]","Bakersfield","CA","93308","[PREMIUM]",5,1,"NDJXQDP001","[PREMIUM]","[PREMIUM]","[PREMIUM]","[PREMIUM]","[PREMIUM]","ADVANTAGE",,,,,"[PREMIUM]","[PREMIUM]",8,"['Navigation System','Keyless Entry','Fog Lights','Cargo Cover','Led Lights','Satellite Radio','Black Grille','Keyless Ignition','USB Audio Interface','Independent Suspension']",10,"['12V Power Outlet','6 Speakers','AM/FM','Adjustable Headrests','Adjustable Steering Wheel','Advanced Front-Lighting System','Air Conditioning','Air Filtration','Airbag Deactivation (Passenger)','All-Season Tires','Antenna','Anti-Lock Brakes','Anti-Theft System','Armrest Storage','Auto Climate Control','Auto-Dimming Mirror','Automatic Headlights','Aux Audio Adapter','Body Colored Bumpers','Body Colored Door Handles','Braking Assist','CD (Single Disc)','Cargo Area Light','Center Console','Child Safety Locks','Child Seat Anchors','Clock','Color Coded Mirrors','Compact Spare Tire','Cruise Control','Cup Holder','Door Pockets','Electronic Brake Force Distribution','Engine Immobilizer','Front Airbags (Driver)','Front Airbags (Passenger)','Front Crumple Zones','Front Headrests','Front Knee Airbags (Driver)','Front Side Airbags (Driver)','Front Side Airbags (Passenger)','Front Stabilizer Bar','Front Ventilated Disc Brakes','Fuel Data Display','HD Radio','Handsfree/Bluetooth Integration','Headlight Washers','Hill Assist System','Illuminated Entry','Integrated Cell Phone','Integrated Garage Door Opener','Intermittent Wipers','LED Tail Lights','Low Fuel Level Indicator','MP3','MacPherson Front Suspension','One-Touch Power Windows','Panic Button','Passenger Sensing Airbag','Power Locks','Power Steering','Reading Lights','Real-Time Traffic','Rear Center Armrest','Rear Crumple Zones','Rear Disc Brakes','Rear Spoiler','Rear Stabilizer Bar','Rear Window Defroster','Rear Window Wiper','Rear-View Camera','Regenerative Braking System','Remote Trunk Release','Safety Brake Pedal System','Semi-Independent Suspension','Side Curtain Airbags','Stability Control','Start-Stop System','Steering Wheel Controls','Telematics System','Tire Pressure Monitoring System','Torsion Bar Suspension','Touch-Screen Display','Traction Control','Trip Odometer','Vanity Mirror/Light','Voice-Activated Command System','Window Lockout Button']",88,,"[PREMIUM]","[PREMIUM]",150.75,
"4S4BRCAC0D3273805VCJWWAFM1O20260902","2026-09-04 08:19:31.249","2026-09-04 08:19:31.249","[PREMIUM]","[PREMIUM]","10859",2013,"Subaru","Outback","2.5i",,"Wagon","Blue","Black","4 Cyl","2.5 L","AWD","Automatic","Gasoline",137264,"[PREMIUM]","[PREMIUM]",8940,"FAIR","Used",,,24,30,26,true,true,true,true,"['{""ownerNumber"":1,""purchaseDate"":""04/19/13"",""endOwnershipDate"":""09/01/26"",""city"":""Chippewa Falls"",""state"":""WI""}']",17,1,0,"2026-09-02","ENHANCED","USED",true,"[PREMIUM]","Bayport","MN","55003","[PREMIUM]",4,2,"VCJWWAFM1O","[PREMIUM]","[PREMIUM]","[PREMIUM]","[PREMIUM]","[PREMIUM]","ADVANTAGE",,,,,"[PREMIUM]","[PREMIUM]",1,"['Keyless Entry','Side Airbags']",2,"['3-Point Seat Belts','AM/FM','Adjustable Steering Wheel','Air Conditioning','Anti-Lock Brakes','Anti-Theft System','CD (Single Disc)','Daytime Running Lights','Engine Immobilizer','Front Airbags (Driver)','Front Airbags (Passenger)','Head Airbags','MP3','Power Locks','Power Steering','Power Windows','Rear Head Airbags']",17,"Step into the sleek and stylish world of this BLUE 2013 Subaru Outback. This beauty is not just a car, it's a statement piece on wheels. With its spacious interior, you can comfortably invite your friends and family along for the ride of a lifetime. The smooth drive and reliable performance make every journey a joyride. But wait, the fun doesn't stop there! This BLUE 2013 Subaru Outback comes with a Carfax report ready to share its history, giving you peace of mind as you hit the road. So buckle up, because this car is ready to take you on countless adventures. It's not just a car, it's a trusted companion that will never let you down. So why wait? Come test drive this BLUE 2013 Subaru Outback today and get ready to experience the road like never before. Visit Royal Auto LLC online at royalautomn.com to see more pictures of this vehicle or call us at 952-288-1444 today to schedule your test drive.","[PREMIUM]","[PREMIUM]",154.75,
"4S4BRCCC6D32923410ED7V5MBWK20260804","2026-09-04 08:19:31.083","2026-09-04 08:19:31.083","[PREMIUM]","[PREMIUM]","E5699P1",2013,"Subaru","Outback","2.5i","Premium","Wagon","Black","White","4 Cyl","2.5 L","AWD","Automatic","Gasoline",130000,"[PREMIUM]","[PREMIUM]",8070,,"Used",,,24,30,26,,true,true,,"['{""ownerNumber"":1,""purchaseDate"":""05/27/13"",""endOwnershipDate"":""01/30/23"",""city"":""Orlando"",""state"":""FL""}','{""ownerNumber"":2,""purchaseDate"":""05/03/24"",""endOwnershipDate"":""08/04/26"",""city"":""Osceola"",""state"":""IN""}']",23,13,0,"2026-08-04","ENHANCED","USED",true,"[PREMIUM]","Elkhart","IN","46514","[PREMIUM]",4.7,46,"0ED7V5MBWK","[PREMIUM]","[PREMIUM]","[PREMIUM]","[PREMIUM]","[PREMIUM]","TOPRATED",,,,,"[PREMIUM]","[PREMIUM]",13,"['Popular Package','All Weather Package','Roof Rack','Keyless Entry','Fog Lights','Spoiler','Heated Seats','Alloy Wheels','Splash Guards','17 Inch Wheels']",10,"['2nd Row Split/Folding Seats','4-Wheel Disc Brakes','4-Wheel Independent Suspension','6 Speakers','AM/FM','Adjustable Seats','Adjustable Steering Wheel','Air Conditioning','All-Weather Floor Mats','Anti-Lock Brakes','Anti-Theft System','Armrest Storage','Auto-Dimming Mirror','Automatic Headlights','Body Colored Bumpers','Braking Assist','CD (Single Disc)','Cloth Seats','Cloth Upholstery','Color Coded Mirrors','Compass','Cruise Control','Door Bin','Front Airbags (Driver)','Front Airbags (Passenger)','Front Anti-Roll Bar','Front Bucket Seats','Front Center Armrest','Front Side Airbags (Driver)','Front Side Airbags (Passenger)','Head Restraint Whiplash Protection','Heated Mirrors','Illuminated Entry','Integrated Garage Door Opener','Intermittent Wipers','Leather Shift Knob Trim','Overhead Airbag','Overhead Console','Panic Button','Passenger Sensing Airbag','Power Mirrors','Power Seat (Dual)','Power Steering','Power Windows','Radio Data System','Reading Lights','Rear Anti-Roll Bar','Rear Center Armrest','Rear Window Defroster','Rear Window Wiper','Remote Keyless Entry','Speed-Sensing Steering','Stability Control','Steering Wheel Controls','Tachometer','Thermometer','Tire Pressure Monitoring System','Traction Control','Trip Computer','Vanity Mirror/Light','Windshield Wiper Heater']",61,"2013 Subaru Outback 2.5i Premium 24/30 City/Highway MPG 24/30 City/Highway MPG This Vehicle is Located at Gates of Elkhart 2405 Cassopolis St Elkhart, IN ...Text us at (574) 303-8580 for more information!!! GOOD CREDIT, BAD CREDIT, NO CREDIT AT ALL!!! EVERYONE RIDES AT GATES OF ELKHART!!! Odometer is 13797 miles below market average!","[PREMIUM]","[PREMIUM]",152.75,
"4S4BRBCC5D32517740EQXZ6EBE120260825","2026-09-04 08:19:31.002","2026-09-04 08:19:31.002","[PREMIUM]","[PREMIUM]","9251774",2013,"Subaru","Outback","2.5i","Premium","Wagon","Red","White","4 Cyl","2.5 L","AWD","Automatic","Gasoline",141944,"[PREMIUM]","[PREMIUM]",8430,"FAIR","Used",,,24,30,26,,true,,,"['{""ownerNumber"":1,""purchaseDate"":""11/16/12"",""endOwnershipDate"":""03/25/13"",""state"":""ND""}','{""ownerNumber"":2,""purchaseDate"":""08/21/13"",""endOwnershipDate"":""10/09/18"",""city"":""Longville"",""state"":""MN""}','{""ownerNumber"":3,""purchaseDate"":""10/09/18"",""endOwnershipDate"":""01/10/20"",""city"":""Moorhead"",""state"":""MN""}','{""ownerNumber"":4,""purchaseDate"":""01/10/20"",""endOwnershipDate"":""08/25/26"",""city"":""Moorhead"",""state"":""MN""}']",19,37,1,"2026-08-25","ENHANCED","NEW",true,"[PREMIUM]","Fargo","ND","58103","[PREMIUM]",4.3,414,"0EQXZ6EBE1","[PREMIUM]","[PREMIUM]","[PREMIUM]","[PREMIUM]","[PREMIUM]","TOPRATED",,,,,"[PREMIUM]","[PREMIUM]",37,"['All Weather Package','Roof Rack','Navigation System','Keyless Entry','Fog Lights','Spoiler','Heated Seats','Alloy Wheels','17 Inch Wheels','Heated Mirrors']",10,"['2nd Row Split/Folding Seats','4-Wheel Disc Brakes','4-Wheel Independent Suspension','6 Speakers','AM/FM','Adjustable Seats','Adjustable Steering Wheel','Air Conditioning','Anti-Lock Brakes','Anti-Theft System','Armrest Storage','Automatic Headlights','Body Colored Bumpers','Braking Assist','CD (Single Disc)','Cloth Upholstery','Color Coded Mirrors','Cruise Control','Door Bin','Front Airbags (Driver)','Front Airbags (Passenger)','Front Anti-Roll Bar','Front Bucket Seats','Front Center Armrest','Front Side Airbags (Driver)','Front Side Airbags (Passenger)','Handsfree/Bluetooth Integration','Head Restraint Whiplash Protection','Illuminated Entry','Intermittent Wipers','Leather Shift Knob Trim','Overhead Airbag','Overhead Console','Panic Button','Passenger Sensing Airbag','Power Mirrors','Power Seat (Dual)','Power Steering','Power Windows','Premium Sound System','Radio Data System','Reading Lights','Rear Anti-Roll Bar','Rear Center Armrest','Rear Window Defroster','Rear Window Wiper','Remote Keyless Entry','Speed-Sensing Steering','Split/Folding Seats','Stability Control','Steering Wheel Controls','Tachometer','Thermometer','Tire Pressure Monitoring System','Traction Control','Trip Computer','Vanity Mirror/Light','Windshield Wiper Heater']",58,"This 2013 Subaru Outback 2.5i Premium is a versatile all-wheel-drive wagon built for adventure and everyday reliability. With its proven 2.5L 4-cylinder engine paired with CVT Lineartronic transmission, this red beauty delivers respectable fuel economy at 24 city and 30 highway miles per gallon. As a local trade, it arrives ready for its next chapter with thoughtful premium features designed for comfort and convenience.<br /><br />Key Features:<br />- All-Wheel Drive with all-weather capability<br />- Heated front seats and heated exterior mirrors<br />- Windshield wiper de-icer<br />- Bluetooth connectivity<br />- Premium audio system with single-disc CD player<br />- All-Weather Package<br />- Power-adjustable driver seat and remote keyless entry<br />- Electronic stability control and traction control<br />- Four-wheel independent suspension<br />- Roof rack for expanded cargo versatility<br /><br />This Outback arrives well-appointed with technology and safety essentials. The cabin offers comfortable cloth upholstery with split-folding rear seating to accommodate passengers and cargo with flexibility. Electronic stability control, traction control, dual front airbags, and anti-lock braking provide confidence on any road. Navigation features include a trip computer and outside temperature display.<br /><br />Come see this dependable Subaru Outback today and experience the blend of practicality and premium comfort it delivers. Its spacious cargo area, all-weather readiness, and trusted Subaru engineering make it an excellent choice for drivers seeking capability without compromise.","[PREMIUM]","[PREMIUM]",154.45,"Accident Reported"
"4S4BRCKC7D3285917UV0LJEHG1E20260902","2026-09-04 08:19:30.996","2026-09-04 08:19:30.996","[PREMIUM]","[PREMIUM]","285917",2013,"Subaru","Outback","2.5i Limited",,"Wagon","Blue","Black","4 Cyl","2.5 L","AWD","Automatic","Gasoline",120613,"[PREMIUM]","[PREMIUM]",9650,,"Used",,,24,30,26,true,true,true,,"['{""ownerNumber"":1,""purchaseDate"":""07/12/13"",""endOwnershipDate"":""12/08/21"",""city"":""Cincinnati"",""state"":""OH""}','{""ownerNumber"":2,""purchaseDate"":""12/08/21"",""endOwnershipDate"":""07/02/26"",""city"":""Seattle"",""state"":""WA""}']",30,15,0,"2026-09-02","ENHANCED","USED",true,"[PREMIUM]","Auburn","WA","98002","[PREMIUM]",,,"UV0LJEHG1E","[PREMIUM]","[PREMIUM]","[PREMIUM]","[PREMIUM]","[PREMIUM]","ADVANTAGE",,,,,"[PREMIUM]","[PREMIUM]",15,"['Roof Rack','Keyless Entry','Fog Lights','Leather Seats','Heated Seats','Cargo Cover','Ambient Lighting','Limited Slip Differential','USB Audio Interface','Heated Windshield']",10,"['12V Power Outlet','3-Point Seat Belts','AM/FM','Adjustable Headrests','Adjustable Seats','Air Conditioning','Air Filtration','Airbag Deactivation (Passenger)','Aluminum Door Trim','Antenna','Anti-Lock Brakes','Anti-Theft System','Armrest Storage','Auto Climate Control','Automatic Headlights','Aux Audio Adapter','Body Colored Bumpers','Body Colored Door Handles','Braking Assist','CD (Single Disc)','Cargo Area Light','Center Console','Child Safety Locks','Child Seat Anchors','Clock','Color Coded Mirrors','Cruise Control','Cup Holder','Daytime Running Lights','Delay-Off Headlights','Digital Instrument Cluster','Double Wishbone Rear Suspension','Driver Adjustable Lumbar','Dual-Zone Climate Control','Electric Parking Brake','Electronic Brake Force Distribution','Engine Immobilizer','Floor Mats','Front Airbags (Driver)','Front Airbags (Passenger)','Front Bucket Seats','Front Crumple Zones','Front Headrests','Front Stabilizer Bar','Front Ventilated Disc Brakes','Fuel Cut-Off Impact Sensor','Fuel Data Display','HD Radio','Halogen Headlights','Handsfree/Bluetooth Integration','Harman/Kardon Sound System','Hill Assist System','Independent Suspension','Intermittent Wipers','Leather Dash Trim','Leather Door Trim','MP3','MacPherson Front Suspension','One-Touch Power Windows','Overhead Console','Panic Button','Passenger Sensing Airbag','Power Locks','Power Seat (Dual)','Power Steering','Power Sun/Moonroof','Radio Data System','Reading Lights','Rear Air Ducts','Rear Bench Seat','Rear Center Armrest','Rear Crumple Zones','Rear Disc Brakes','Rear Headrests','Rear Privacy Glass','Rear Spoiler','Rear Stabilizer Bar','Rear Window Wiper','Remote Trunk Release','Seat Belt Pretensioners','Simulated Aluminum Dash Trim','Simulated Wood Dash Trim','Simulated Wood Door Trim','Split/Folding Seats','Tachometer','Telematics System','Thermometer','Touch-Screen Display','Trip Odometer','Window Lockout Button','Wood Trimmed Interior']",91,"Introducing the 2013 Subaru Outback 2.5i Limited - the perfect combination of style, performance, and versatility. This rugged wagon boasts a spacious interior, impressive fuel efficiency, and a powerful 2.5L H4 engine with 173 horsepower and 174 foot-pounds of torque. Equipped with a smooth CVT transmission, this Outback is ready to take on any road or terrain with ease. The Limited trim adds luxurious features such as leather seats, a power sunroof, and a premium sound system, making every journey a comfortable and enjoyable one. Don't miss out on the opportunity to own this exceptional 2013 Subaru Outback 2.5i Limited. Visit our showroom today and experience it for yourself!","[PREMIUM]","[PREMIUM]",154.75,
"4S4BRCKCXD3278069E1GGGHSRAX20260827","2026-09-04 08:19:30.991","2026-09-04 08:19:30.991","[PREMIUM]","[PREMIUM]","D3278069P",2013,"Subaru","Outback","2.5i Limited",,"Wagon","Blue","Black","4 Cyl","2.5 L","AWD","Automatic","Gasoline",117431,"[PREMIUM]","[PREMIUM]",10350,"FAIR","Used",,,24,30,26,true,true,true,,"['{""ownerNumber"":1,""purchaseDate"":""02/16/13"",""endOwnershipDate"":""02/28/20"",""city"":""Loveland"",""state"":""CO""}','{""ownerNumber"":2,""purchaseDate"":""05/01/20"",""endOwnershipDate"":""06/09/24"",""city"":""Loveland"",""state"":""CO""}','{""ownerNumber"":3,""purchaseDate"":""08/13/24"",""endOwnershipDate"":""08/25/26"",""city"":""Midland"",""state"":""TX""}']",42,3,1,"2026-08-27","ENHANCED","NEW",true,"[PREMIUM]","Fort Collins","CO","80525","[PREMIUM]",4.5,680,"E1GGGHSRAX","[PREMIUM]","[PREMIUM]","[PREMIUM]","[PREMIUM]","[PREMIUM]","TOPRATED",,,,,"[PREMIUM]","[PREMIUM]",3,"['Moonroof Package','Roof Rack','Keyless Entry','Fog Lights','Spoiler','Leather Seats','Heated Seats','Alloy Wheels','Paddle Shifter','Splash Guards']",10,"['17 Inch Wheels','2nd Row Split/Folding Seats','4-Wheel Disc Brakes','4-Wheel Independent Suspension','9 Speakers','AM/FM','Adjustable Seats','Adjustable Steering Wheel','Air Conditioning','All-Weather Floor Mats','Anti-Lock Brakes','Anti-Theft System','Armrest Storage','Auto Climate Control','Auto-Dimming Mirror','Automatic Headlights','Body Colored Bumpers','Braking Assist','CD (Single Disc)','Cruise Control','Door Bin','Dual-Zone Climate Control','Front Airbags (Driver)','Front Airbags (Passenger)','Front Anti-Roll Bar','Front Bucket Seats','Front Center Armrest','Front Side Airbags (Driver)','Front Side Airbags (Passenger)','HD Radio','Harman/Kardon Sound System','Head Restraint Whiplash Protection','Heated Mirrors','Illuminated Entry','Integrated Garage Door Opener','Intermittent Wipers','Leather Trimmed Interior','Leather Trimmed Seats','Overhead Airbag','Overhead Console','Panic Button','Passenger Sensing Airbag','Perforated Seats','Power Mirrors','Power Seat (Dual)','Power Steering','Power Windows','Radio Data System','Reading Lights','Rear Anti-Roll Bar','Rear Center Armrest','Rear Window Defroster','Rear Window Wiper','Rear-View Camera','Remote Keyless Entry','Satellite Radio','Speed-Sensing Steering','Stability Control','Steering Wheel Controls','Sun/Moonroof','Tachometer','Thermometer','Tire Pressure Monitoring System','Traction Control','Trip Computer','Vanity Mirror/Light','Wheel Locks']",67,"2013 Subaru Outback Limited 2.5L 4-Cylinder DOHC 16V AWD<br />COMES WITH 3-MONTH/ 3,000-MILE LIMITED WARRANTY.<br /><br />Twighlight Blue Metallic 2.5i CVT Lineartronic Odometer is 13224 miles below market average! 24/30 City/Highway MPG<br /><br />Serving the greater Northern Colorado and Denver area, including Fort Collins, Greeley, Loveland, Highlands Ranch, Broomfield, Longmont, Boulder, Parker, and Thornton.<br /><br />Awards:<br /> * 2013 IIHS Top Safety Pick (built after August 2012)<br /><br />Reviews:<br /> * Spacious interior, comfortable ride, excellent visibility, generous cargo volume, clever roof rails, confident off-road ability. Source: Edmunds<br /> * Few vehicles on the market can equal the Subaru Outback’s ability to conquer tough terrain while simultaneously delivering carlike fuel economy. Safety buffs will appreciate its perfect crash test marks and the availability of the segment-exclusive EyeSight driver assistance system. Source: KBB.com","[PREMIUM]","[PREMIUM]",165.2,
"4T3ZK3BB1DU056550UVGQOAYGQC20260828","2026-09-04 08:19:30.985","2026-09-04 08:19:30.985","[PREMIUM]","[PREMIUM]","TDU056550",2013,"Toyota","Venza","LE",,"Wagon","Gray","Gray","6 Cyl","3.5 L","FWD","Automatic","Gasoline",179491,"[PREMIUM]","[PREMIUM]",9080,,"Used",,,19,26,21,true,true,true,true,"['{""ownerNumber"":1,""purchaseDate"":""11/28/12"",""endOwnershipDate"":""08/28/26"",""city"":""Huntersville"",""state"":""NC""}']",7,42,0,"2026-08-28","ENHANCED","NEW",true,"[PREMIUM]","Huntersville","NC","28078","[PREMIUM]",4.7,397,"UVGQOAYGQC","[PREMIUM]","[PREMIUM]","[PREMIUM]","[PREMIUM]","[PREMIUM]","TOPRATED",,,,,"[PREMIUM]","[PREMIUM]",42,"['Convenience Package','Keyless Entry','Fog Lights','Spoiler','Power Liftgate','Alloy Wheels','20 Inch Wheels','Heated Mirrors','Side Airbags','Cloth Seats']",10,"['2nd Row Split/Folding Seats','4-Wheel Disc Brakes','4-Wheel Independent Suspension','Adjustable Seats','Adjustable Steering Wheel','Air Conditioning','Anti-Lock Brakes','Auto Climate Control','Auto-Dimming Mirror','Automatic Headlights','Body Colored Bumpers','Braking Assist','CD (Single Disc)','Compass','Cruise Control','Delay-Off Headlights','Digital Instrument Cluster','Door Bin','Dual-Zone Climate Control','Front Airbags (Driver)','Front Airbags (Passenger)','Front Anti-Roll Bar','Front Bucket Seats','Front Center Armrest','Front Knee Airbags (Driver)','Front Side Airbags (Driver)','Front Side Airbags (Passenger)','Head Restraint Whiplash Protection','High-Beam Assist','Illuminated Entry','Integrated Garage Door Opener','Intermittent Wipers','Overhead Airbag','Overhead Console','Panic Button','Passenger Sensing Airbag','Power Mirrors','Power Seat (Dual)','Power Steering','Power Sun/Moonroof','Power Windows','Reading Lights','Rear Anti-Roll Bar','Rear Center Armrest','Rear Window Defroster','Rear Window Wiper','Rear-View Camera','Remote Keyless Entry','Speed-Sensing Steering','Stability Control','Steering Wheel Controls','Tachometer','Thermometer','Tire Pressure Monitoring System','Traction Control','Trip Computer','Turn Signal Mirrors','Vanity Mirror/Light']",58,"This 2013 Toyota Venza LE in Gray combines practical crossover design with a spacious interior perfect for families and everyday driving. Powered by a 3.5L V6 engine with six-speed automatic transmission, it delivers a balanced blend of capability and efficiency. With the LE Convenience Package and an impressive array of features, this Venza offers outstanding value and comfort for your next vehicle.<br /><br />Key Features:<br />- LE Convenience Package<br />- Back-Up Camera<br />- Panoramic Tilt &amp; Slide Sun Roof with Power Moon Roof<br />- Power Lift-Gate with Jam Protection<br />- Auto High-beam Headlights with Delay-off and Fully Automatic Function<br />- Front Fog Lights<br />- 20"" Aluminum Alloy Wheels<br />- 3.5"" TFT Multi-Information Display<br />- CD Player<br />- Brake Assist<br /><br />This crossover comes equipped with modern conveniences designed to enhance your driving experience. Front-wheel drive and four-wheel independent suspension provide confident handling, while electronic stability control and traction control ensure reliable performance in various conditions. The automatic climate control with dual front zones keeps passengers comfortable, and the power-adjustable driver's seat allows you to find your ideal driving position. Inside, you'll find remote keyless entry, steering wheel-mounted audio controls, and cruise control for added convenience on longer drives.<br /><br />The Venza excels as a family-friendly vehicle with split-folding rear seats offering flexible cargo space and seating configurations. Dual front airbags, side-impact airbags, and a comprehensive safety suite provide confidence on the road. Visit our showroom today to experience the comfort and reliability this Toyota Venza has to offer.","[PREMIUM]","[PREMIUM]",152.5,
"4T3ZK3BB7DU059257UV6DDCIDS420260826","2026-09-04 08:19:30.981","2026-09-04 08:19:30.981","[PREMIUM]","[PREMIUM]","059257",2013,"Toyota","Venza","LE",,"Wagon","Unspecified",,"6 Cyl","3.5 L","FWD","Automatic","Gasoline",109148,"[PREMIUM]","[PREMIUM]",11370,"FAIR","Used",,,19,26,21,,true,true,,"['{""ownerNumber"":1,""purchaseDate"":""09/23/13"",""endOwnershipDate"":""02/23/16"",""city"":""Mesa"",""state"":""AZ""}','{""ownerNumber"":2,""purchaseDate"":""02/25/16"",""endOwnershipDate"":""06/05/20"",""city"":""Scottsdale"",""state"":""AZ""}','{""ownerNumber"":3,""purchaseDate"":""07/28/20"",""endOwnershipDate"":""07/22/26"",""city"":""Chandler"",""state"":""AZ""}']",8,27,2,"2026-08-26","ENHANCED","USED",true,"[PREMIUM]","Chantilly","VA","20152","[PREMIUM]",4.2,11,"UV6DDCIDS4","[PREMIUM]","[PREMIUM]","[PREMIUM]","[PREMIUM]","[PREMIUM]","ADVANTAGE","GOOD","AVERAGE","AVERAGE",420,"[PREMIUM]","[PREMIUM]",27,"['Keyless Entry','Fog Lights','Alloy Wheels','Side Airbags']",4,"['AM/FM','Adjustable Steering Wheel','Air Conditioning','Anti-Lock Brakes','CD (Single Disc)','Cruise Control','Daytime Running Lights','Dual Airbags','Front Knee Airbags (Driver)','Front Knee Airbags (Passenger)','Handsfree/Bluetooth Integration','Hill Assist System','MP3','Power Locks','Power Seat (Dual)','Power Steering','Power Windows','Rear-View Camera','Side Curtain Airbags','Stability Control','Traction Control']",21,,"[PREMIUM]","[PREMIUM]",155,
"4S4BRCKC0D3310396AB03K8G58120260830","2026-09-04 08:19:30.980","2026-09-04 08:19:30.980","[PREMIUM]","[PREMIUM]","D3310396T",2013,"Subaru","Outback","2.5i Limited",,"Wagon","Green","Tan","4 Cyl","2.5 L","AWD","Automatic","Gasoline",134410,"[PREMIUM]","[PREMIUM]",8470,,"Used",,,24,30,26,true,true,true,,"['{""ownerNumber"":1,""purchaseDate"":""05/31/13"",""endOwnershipDate"":""10/23/15"",""city"":""Salt Lake City"",""state"":""UT""}','{""ownerNumber"":2,""purchaseDate"":""10/23/15"",""endOwnershipDate"":""08/30/26"",""city"":""Sandy"",""state"":""UT""}']",38,2,1,"2026-08-30","ENHANCED","NEW",true,"[PREMIUM]","Salt Lake City","UT","84111","[PREMIUM]",4.7,530,"AB03K8G581","[PREMIUM]","[PREMIUM]","[PREMIUM]","[PREMIUM]","[PREMIUM]","TOPRATED",,,,,"[PREMIUM]","[PREMIUM]",2,"['Moonroof Package','Spare Tire','Keyless Entry','Fog Lights','Leather Seats','Heated Seats','Cargo Cover','Bucket Seats','Alloy Wheels','Luggage Rack']",10,"['12V Power Outlet','4-Wheel Disc Brakes','5-Passenger Seating','AM/FM','Adjustable Steering Wheel','Air Conditioning','All-Season Tires','All-Weather Floor Mats','Anti-Lock Brakes','Anti-Theft System','Auto-Dimming Mirror','Automatic Headlights','Aux Audio Adapter','Body Side Moldings','Braking Assist','CD (Single Disc)','Cargo Net','Child Safety Locks','Cruise Control','Daytime Running Lights','Driver Adjustable Lumbar','Engine Immobilizer','Floor Mats','Front Airbags (Driver)','Front Airbags (Passenger)','Front Head Airbag','Front Side Airbags (Driver)','HD Radio','Handsfree/Bluetooth Integration','Heated Mirrors','Integrated Garage Door Opener','Intermittent Wipers','Leather Steering Wheel','Leather Trimmed Seats','Multi-Zone Climate Control','Pass-Through Rear Seat','Passenger Sensing Airbag','Power Locks','Power Mirrors','Power Seat (Dual)','Power Steering','Power Sun/Moonroof','Power Windows','Premium Sound System','Privacy Glass','Rear Air Conditioning','Rear Bench Seat','Rear Head Airbags','Rear Spoiler','Rear Window Defroster','Rear-View Camera','Satellite Radio','Splash Guards','Stability Control','Steering Wheel Controls','Tire Pressure Monitoring System','Traction Control','Trip Computer','Vanity Mirror/Light','Wood Trimmed Interior']",60,"AS-IS. This vehicle has not been shopped. Purchase before it goes to the auction. AS-IS no warranty implied.","[PREMIUM]","[PREMIUM]",163.95,
"4S4BRBJC0D3224937I36T9RAPI920260901","2026-09-04 08:19:30.978","2026-09-04 08:19:30.978","[PREMIUM]","[PREMIUM]","46344P",2013,"Subaru","Outback","2.5i Limited",,"Wagon","Gray","Black","4 Cyl","2.5 L","AWD","Automatic","Gasoline",143908,"[PREMIUM]","[PREMIUM]",8040,"FAIR","Used",,,24,30,26,true,true,true,,"['{""ownerNumber"":1,""purchaseDate"":""11/21/12"",""endOwnershipDate"":""08/10/17"",""city"":""Los Angeles"",""state"":""CA""}','{""ownerNumber"":2,""purchaseDate"":""08/10/17"",""endOwnershipDate"":""01/05/19"",""city"":""Los Angeles"",""state"":""CA""}','{""ownerNumber"":3,""purchaseDate"":""05/23/19"",""endOwnershipDate"":""12/21/21"",""city"":""Fountain Valley"",""state"":""CA""}','{""ownerNumber"":4,""purchaseDate"":""02/11/22"",""endOwnershipDate"":""04/16/23"",""city"":""Bellevue"",""state"":""WA""}','{""ownerNumber"":5,""purchaseDate"":""06/27/23"",""endOwnershipDate"":""09/01/26"",""city"":""Columbia Falls"",""state"":""MT""}']",38,31,0,"2026-09-01","ENHANCED","NEW",true,"[PREMIUM]","Utica","NY","13502","[PREMIUM]",4,170,"I36T9RAPI9","[PREMIUM]","[PREMIUM]","[PREMIUM]","[PREMIUM]","[PREMIUM]","TOPRATED",,,,,"[PREMIUM]","[PREMIUM]",31,"['Spare Tire','Roof Rack','Keyless Entry','Fog Lights','Leather Seats','Heated Seats','Bucket Seats','Alloy Wheels','Luggage Rack','17 Inch Wheels']",10,"['12V Power Outlet','2nd Row Split/Folding Seats','4-Wheel Disc Brakes','4-Wheel Independent Suspension','9 Speakers','AM/FM','Adjustable Seats','Adjustable Steering Wheel','Air Conditioning','All-Season Tires','All-Weather Floor Mats','Anti-Lock Brakes','Anti-Theft System','Auto Climate Control','Auto-Dimming Mirror','Automatic Headlights','Aux Audio Adapter','Braking Assist','CD (Single Disc)','Child Safety Locks','Compass','Cruise Control','Daytime Running Lights','Driver Adjustable Lumbar','Dual-Zone Climate Control','Engine Immobilizer','Floor Mats','Front Airbags (Driver)','Front Airbags (Passenger)','Front Bucket Seats','Front Head Airbag','Front Side Airbags (Driver)','HD Radio','Handsfree/Bluetooth Integration','Harman/Kardon Sound System','Heated Mirrors','Integrated Garage Door Opener','Intermittent Wipers','Leather Steering Wheel','MP3','Multi-Zone Climate Control','Pass-Through Rear Seat','Power Locks','Power Mirrors','Power Seat (Dual)','Power Steering','Power Windows','Privacy Glass','Rear Air Conditioning','Rear Head Airbags','Rear Spoiler','Rear Window Defroster','Satellite Radio','Stability Control','Steering Wheel Controls','Tire Pressure Monitoring System','Traction Control','Trip Computer','Vanity Mirror/Light','Wood Trimmed Interior']",60,"This 2013 Subaru Outback 2.5i Limited delivers the reliability and versatility you need for any adventure. Finished in gray with all-wheel drive, this capable wagon combines practicality with driver comfort. The 2.5L four-cylinder engine paired with CVT Lineartronic transmission provides smooth, efficient performance with an EPA rating of 24 city and 30 highway miles per gallon.<br /><br />- Front and rear all-weather floor mats<br />- Auto-dimming mirror with compass and HomeLink<br />- Reclining heated front bucket seats with perforated leather<br />- Harman/Kardon speaker system with nine speakers<br />- XM and HD radio with CD player<br />- Roof rack for additional cargo capacity<br />- Dual-zone automatic temperature control<br />- Electronic stability control and traction control<br />- Four-wheel independent suspension<br />- 17-inch alloy wheels<br /><br />This Outback has been well-maintained and is ready for your next journey. With its spacious interior, roof rack, and split-folding rear seat, youll have plenty of room for gear, pets, or passengers. The thoughtful features like heated seats, power windows, and steering-wheel-mounted audio controls make every drive enjoyable.<br /><br />Come experience the capability and comfort this Outback offers. Contact us today to schedule your test drive and see why Subaru owners keep coming back.<br /><br />Dont hesitate...call Dons Ford at 315-797-1520 and speak with a member of our sales team to schedule the test drive of your next NEW or PRE-OWNED vehicle! Plus tax, title &amp; license with approved credit. Prices include $175 dealer doc fee.","[PREMIUM]","[PREMIUM]",168,
"4S4BRDPC0D2236708BLWC9YGL9120260813","2026-09-04 08:19:30.978","2026-09-04 08:19:30.978","[PREMIUM]","[PREMIUM]","NT236708",2013,"Subaru","Outback","3.6R Limited",,"Wagon","Silver","Black","6 Cyl","3.6 L","AWD","Automatic","Gasoline",92587,"[PREMIUM]","[PREMIUM]",11400,,"Used",,,18,24,20,true,true,true,,"['{""ownerNumber"":1,""purchaseDate"":""10/06/12"",""endOwnershipDate"":""11/07/17"",""city"":""Alexandria"",""state"":""VA""}','{""ownerNumber"":2,""purchaseDate"":""01/30/19"",""endOwnershipDate"":""12/20/21"",""city"":""Alexandria"",""state"":""VA""}','{""ownerNumber"":3,""purchaseDate"":""12/20/21"",""endOwnershipDate"":""08/13/26"",""city"":""Pinellas Park"",""state"":""FL""}']",20,4,2,"2026-08-13","ENHANCED","NEW",true,"[PREMIUM]","Clearwater","FL","33761","[PREMIUM]",4.6,2988,"BLWC9YGL91","[PREMIUM]","[PREMIUM]","[PREMIUM]","[PREMIUM]","[PREMIUM]","TOPRATED",,,,,"[PREMIUM]","[PREMIUM]",4,"['Moonroof Package','Roof Rack','Navigation System','Keyless Entry','Fog Lights','Spoiler','Leather Seats','Heated Seats','Alloy Wheels','Paddle Shifter']",10,"['17 Inch Wheels','2nd Row Split/Folding Seats','4-Wheel Disc Brakes','4-Wheel Independent Suspension','9 Speakers','AM/FM','Adaptive Cruise Control','Adjustable Seats','Adjustable Steering Wheel','Air Conditioning','Anti-Lock Brakes','Anti-Theft System','Armrest Storage','Auto Climate Control','Auto-Dimming Mirror','Automatic Headlights','Body Colored Bumpers','Braking Assist','CD (Single Disc)','Collision Warning System','Door Bin','Dual-Zone Climate Control','EyeSight','Front Airbags (Driver)','Front Airbags (Passenger)','Front Anti-Roll Bar','Front Bucket Seats','Front Center Armrest','Front Side Airbags (Driver)','Front Side Airbags (Passenger)','HD Radio','Harman/Kardon Sound System','Head Restraint Whiplash Protection','Heated Mirrors','Illuminated Entry','Integrated Garage Door Opener','Intermittent Wipers','Lane Departure Warning','Leather Trimmed Interior','Leather Trimmed Seats','Overhead Airbag','Overhead Console','Panic Button','Passenger Sensing Airbag','Perforated Seats','Power Mirrors','Power Seat (Dual)','Power Steering','Power Windows','Radio Data System','Reading Lights','Rear Anti-Roll Bar','Rear Center Armrest','Rear Window Defroster','Rear Window Wiper','Rear-View Camera','Remote Keyless Entry','Satellite Radio','Speed-Sensing Steering','Stability Control','Steering Wheel Controls','Sun/Moonroof','Tachometer','Thermometer','Tire Pressure Monitoring System','Traction Control','Trip Computer','Vanity Mirror/Light']",68,"Priced below KBB Fair Purchase Price! Clean CARFAX. *PRICED BELOW WHOLESALE*, LOCAL TRADE IN, ASE CERTIFIED TECHNICIAN INSPECTED, FREE OIL CHANGES FOR LIFE, CARFAX TOP-RATED LIFETIME DEALER, FAMILY OWNED AND OPERATED OVER 70 YEARS!!, SE HABLA ESPANOL, SERVING CLEARWATER COMMUNITY OVER 70 YEARS, CALL, EMAIL, OR CHAT WITH US AND SCHEDULE VIP TEST DRIVE!, Top Dollar Paid for Trade-Ins. WE WANT YOUR TRADE!!!, AM/FM Stereo w/Single Disc CD Player, Auto-Dimming Rear View Mirror w/Homelink, harman/kardon Speaker System, Moonroof &amp; Navigation &amp; EyeSight System Pkg (DISC), Moonroof Package, Navigation System, Rear Vision Camera In Audio Display.<br />Ice Silver Metallic 2013 Subaru Outback 3.6R Limited AWD 5-Speed Automatic 3.6L Boxer H6 DOHC 24V<br /><br />We want your trade in and we are willing to pay top dollar to get it!!!Home of the Lifetime Free Oil Changes! Family owned for over 70 years we are your volume dealer in Clearwater Florida. With over 600 used vehicles in stock, why shop anywhere else? Call now and ask to speak with our Award Winning Sales Team for more information on the vehicle shown in this listing.<br /><br /><br />Awards:<br /> * 2013 IIHS Top Safety Pick (built after August 2012)<br /><br />Save THOUSANDS in our Lokey Advantage offering free LIFETIME oil changes, plus more!! Lokey has been Family Owned since 1952. Lokey Nissan serves The Greater Tampa Bay of New Port Richey, New Port Richey, Port Richey, Trinity, Elfers, Holiday, Hudson, Tarpon Springs, Odessa, Keystone, Land O’Lakes, Wesley Chapel, Tampa, Lutz, Clearwater, Palm Harbor, Dunedin, Oldsmar, Safety Harbor, Westchase, Seven Springs, Starkey, Spring Hill, Crystal River, Brandon, Brooksville and nationwide delivery!!<br /><br />Reviews:<br /> * Spacious interior, comfortable ride, excellent visibility, generous cargo volume, clever roof rails, confident off-road ability. Source: Edmunds<br /> * Few vehicles on the market can equal the Subaru Outback’s ability to conquer tough terrain while simultaneously delivering carlike fuel economy. Safety buffs will appreciate its perfect crash test marks and the availability of the segment-exclusive EyeSight driver assistance system. Source: KBB.com","[PREMIUM]","[PREMIUM]",160.75,
"JF1GPAL6XD2892614XJZJDX200120260902","2026-09-04 08:19:30.978","2026-09-04 08:19:30.978","[PREMIUM]","[PREMIUM]","7629",2013,"Subaru","Impreza","Sport","Premium","Wagon","Red","Black","4 Cyl","2.0 L","AWD","Automatic","Gasoline",118883,"[PREMIUM]","[PREMIUM]",8620,"GREAT","Used",,,27,35,30,true,true,true,,"['{""ownerNumber"":1,""purchaseDate"":""10/16/13"",""endOwnershipDate"":""03/13/14"",""city"":""Grass Valley"",""state"":""CA""}','{""ownerNumber"":2,""purchaseDate"":""03/13/14"",""endOwnershipDate"":""09/12/16"",""city"":""Crestview"",""state"":""FL""}','{""ownerNumber"":3,""purchaseDate"":""09/17/16"",""endOwnershipDate"":""05/05/17"",""city"":""Destin"",""state"":""FL""}','{""ownerNumber"":4,""purchaseDate"":""05/05/17"",""endOwnershipDate"":""Present"",""city"":""Melbourne"",""state"":""FL""}']",16,32,0,"2026-09-02","ENHANCED","USED",true,"[PREMIUM]","Glen Allen","VA","23060","[PREMIUM]",3.9,27,"XJZJDX2001","[PREMIUM]","[PREMIUM]","[PREMIUM]","[PREMIUM]","[PREMIUM]","ADVANTAGE",,,,,"[PREMIUM]","[PREMIUM]",32,"['Spare Tire','Fog Lights','Spoiler','Heated Seats','Cargo Cover','Roof Rails','Folding Mirrors','Alloy Wheels','Paddle Shifter','17 Inch Wheels']",10,"['16 Inch Wheels','2nd Row Split/Folding Seats','3-Point Seat Belts','4-Wheel Disc Brakes','4-Wheel Independent Suspension','Adjustable Headrests','Adjustable Seats','Adjustable Steering Wheel','Advanced Front Airbags','Air Conditioning','Air Filtration','Airbags','All-Season Tires','Antenna','Anti-Lock Brakes','Anti-Theft System','Armrest','Automatic Headlights','Body Colored Door Handles','Braking Assist','Cargo Area Light','Cargo Area Tie Downs','Center Console','Child Safety Locks','Child Seat Anchors','Chrome Door Handles','Clock','Cruise Control','Cup Holder','Daytime Running Lights','Digital Instrument Cluster','Double Wishbone Front Suspension','Double Wishbone Rear Suspension','Electronic Brake Force Distribution','Energy Absorbing Steering Column','Engine Immobilizer','Front Airbags (Driver)','Front Bucket Seats','Front Headrests','Front Knee Airbags (Driver)','Front Side Airbags','Front Side Airbags (Driver)','Front Side Airbags (Passenger)','Front Stabilizer Bar','Front Ventilated Disc Brakes','Heated Mirrors','Hill Assist System','Illuminated Glove Box','Intermittent Wipers','Leather Shift Knob Trim','Leather Steering Wheel','Locking Glove Box','One-Touch Power Windows','Power Mirrors','Power Steering','Radio Data System','Reading Lights','Rear Headrests','Rear Stabilizer Bar','Rear Window Defroster','Rear Window Wiper','Seat Belt Pretensioners','Side Curtain Airbags','Side Impact Door Beam','Split/Folding Seats','Steering Wheel Controls','Thermometer','Tire Pressure Monitoring System','Traction Control','Trip Computer','Vanity Mirror/Light','Windshield Wiper Heater']",72,"Hop into this zippy Burgundy 2013 Subaru Impreza Wagon and get ready for an adventure! With its mighty 2.0L DOHC 16-valve 4-cyl boxer engine under the hood, this car is ready to take you wherever you want to go. Thanks to the Symmetrical all-wheel drive and Incline start assist, you can confidently tackle any terrain with ease. The Lineartronic continuously variable transmission with paddle-shifters makes for a smooth ride, while the 4-wheel independent suspension ensures a comfortable journey.In addition to its impressive performance capabilities, this Impreza Wagon is loaded with convenient features like heated front seats, a multi-function display to keep you informed, and a cargo area cover for extra storage options. Safety is a top priority with features such as the Vehicle dynamics control, 4-wheel anti-lock braking system, and multiple airbags all around.To top it off, a carfax report is available for this car, providing you with peace of mind that this Subaru has been well taken care of. So what are you waiting for? Take this stylish and reliable Impreza out for a spin and make every drive an exciting one! Visit NorthBrook Auto Sales Inc. online at www.northbrookauto.com to see more pictures of this vehicle or call us at 804-266-2611 today to schedule your test drive. All prices reflect our current cash pricing for the vehicle only and are subject to change at anytime for any reason. Advertised pricing does not reflect or include Northbrook Auto Sales, Inc.'s Dealer Processing Fee of $399.00, nor does it reflect or include Sales Tax, Title, or Tag Fees for VA, or any other state.","[PREMIUM]","[PREMIUM]",162.5,
"JTDZN3EU2D3258515Q0AASQQQZ020260828","2026-09-04 08:19:30.971","2026-09-04 08:19:30.971","[PREMIUM]","[PREMIUM]","W2601623A",2013,"Toyota","Prius v","Two",,"Wagon","White","Gray","4 Cyl","1.8 L","FWD","Automatic","Hybrid",179178,"[PREMIUM]","[PREMIUM]",9040,"GOOD","Used",,,43,39,41,,true,true,true,"['{""ownerNumber"":1,""purchaseDate"":""05/30/13"",""endOwnershipDate"":""08/28/26"",""city"":""Somerville"",""state"":""NJ""}']",48,,0,"2026-08-28","ENHANCED","NEW",true,"[PREMIUM]","Saint Louis","MO","63127","[PREMIUM]",4.7,421,"Q0AASQQQZ0","[PREMIUM]","[PREMIUM]","[PREMIUM]","[PREMIUM]","[PREMIUM]","TOPRATED",,,,,"[PREMIUM]","[PREMIUM]",,"['Keyless Entry','Spoiler','Alloy Wheels','Heated Mirrors','16 Inch Wheels','Cloth Seats','Independent Suspension']",7,"['2nd Row Split/Folding Seats','4-Wheel Disc Brakes','6 Speakers','AM/FM','Adjustable Steering Wheel','Air Conditioning','Anti-Lock Brakes','Auto Climate Control','Body Colored Bumpers','Braking Assist','CD (Single Disc)','Cloth Upholstery','Cruise Control','Delay-Off Headlights','Door Bin','Front Airbags (Driver)','Front Airbags (Passenger)','Front Anti-Roll Bar','Front Bucket Seats','Front Center Armrest','Front Knee Airbags (Driver)','Front Side Airbags (Driver)','Front Side Airbags (Passenger)','Head Restraint Whiplash Protection','Illuminated Entry','Intermittent Wipers','MP3','Overhead Airbag','Overhead Console','Panic Button','Passenger Sensing Airbag','Power Mirrors','Power Steering','Power Windows','Reading Lights','Rear Center Armrest','Rear Window Defroster','Rear Window Wiper','Rear-View Camera','Remote Keyless Entry','Stability Control','Steering Wheel Controls','Thermometer','Tire Pressure Monitoring System','Traction Control','Trip Computer','Vanity Mirror/Light','Wheel Locks']",48,"Blizzard Pearl 2013 Toyota Prius v Two FWD CVT 1.8L 4-Cylinder DOHC 16V VVT-i Aluminum<br /><br />Recent Arrival! 44/40 City/Highway MPG<br /><br />Learn more about us here at Sunset Hills Subaru - Your trusted, local Subaru dealer for over 40 years! From all of us here at Sunset Hills Subaru, we want to thank you for taking time out of your car shopping to explore our website. We've come a long way in our time as a part of the local business community in Webster Groves, Missouri to our new, spacious facility as Sunset Hills Subaru. We're committed to being the premier resource for Subaru sales and service to drivers all over Jefferson County, MO. And with so many drivers from all over nearby cities like St. Louis, Webster Groves, Kirkwood, Arnold MO and Metro East IL shopping with us year after year, we remain as confident as ever in our ability to deliver the best Subaru shopping and service experience in St. Louis for years to come. Awards:<br /> * 2013 KBB.com Best Resale Value Awards * 2013 KBB.com Brand Image Awards<br /><br />Reviews:<br /> * Excellent fuel economy, generous cargo capacity, quiet and comfy ride, roomy cabin. Source: Edmunds","[PREMIUM]","[PREMIUM]",152.75,
"KNDJT2A59D7765187MFMMNLF00120260830","2026-09-04 08:19:30.970","2026-09-04 08:19:30.970","[PREMIUM]","[PREMIUM]","WEB480823",2013,"Kia","Soul","Base",,"Wagon","White","Gray","4 Cyl","1.6 L","FWD","Automatic","Gasoline",165000,"[PREMIUM]","[PREMIUM]",3570,,"Used",,,25,30,27,true,true,true,,"['{""ownerNumber"":1,""purchaseDate"":""07/12/13"",""endOwnershipDate"":""07/05/14"",""city"":""Carteret"",""state"":""NJ""}','{""ownerNumber"":2,""purchaseDate"":""10/03/14"",""endOwnershipDate"":""10/28/15"",""city"":""Harrisville"",""state"":""RI""}','{""ownerNumber"":3,""purchaseDate"":""01/19/16"",""endOwnershipDate"":""02/23/22"",""city"":""Providence"",""state"":""RI""}','{""ownerNumber"":4,""purchaseDate"":""03/03/22"",""endOwnershipDate"":""08/30/26"",""city"":""Coventry"",""state"":""RI""}']",24,11,5,"2026-08-30","ENHANCED","USED",true,"[PREMIUM]","Linden","NJ","07036","[PREMIUM]",,,"MFMMNLF001","[PREMIUM]","[PREMIUM]","[PREMIUM]","[PREMIUM]","[PREMIUM]","ADVANTAGE",,,,,"[PREMIUM]","[PREMIUM]",11,"[]",,"['']",1,"perfect truck engine and transmission Perfect no issues ready to hit the road if you have any questions call Sunny nine one seven six two six thirteen thirteen","[PREMIUM]","[PREMIUM]",152.15,
"3VWPP7AJ8DM669966EQRIMBPQMO20260902","2026-09-04 08:19:30.968","2026-09-04 08:19:30.968","[PREMIUM]","[PREMIUM]",,2013,"Volkswagen","Jetta","SE",,"Wagon","Beige","Black","5 Cyl","2.5 L","FWD","Automatic","Gasoline",115874,"[PREMIUM]","[PREMIUM]",7600,"GREAT","Used",,,24,31,26,true,true,true,true,"['{""ownerNumber"":1,""purchaseDate"":""04/30/13"",""endOwnershipDate"":""07/17/26"",""city"":""Nolensville"",""state"":""TN""}']",26,24,0,"2026-09-02","ENHANCED","USED",true,"[PREMIUM]","Jacksonville","FL","32256","[PREMIUM]",,,"EQRIMBPQMO","[PREMIUM]","[PREMIUM]","[PREMIUM]","[PREMIUM]","[PREMIUM]","ADVANTAGE","GOOD","AVERAGE","AVERAGE",260,"[PREMIUM]","[PREMIUM]",24,"['Keyless Entry','Cargo Cover','Roof Rails','Tinted Windows','Ambient Lighting','Folding Mirrors','Dual Exhaust','Satellite Radio','Black Grille','Independent Suspension']",10,"['10 Speakers','12V Power Outlet','AM/FM','Adjustable Headrests','Adjustable Steering Wheel','Air Conditioning','Air Filtration','Airbag Deactivation (Passenger)','Alert System Impact Sensor','All-Season Tires','Antenna','Anti-Lock Brakes','Anti-Theft System','Armrest Storage','Automatic Hazard Warning Lights','Aux Audio Adapter','Body Colored Bumpers','Body Colored Door Handles','Braking Assist','CD (Multi Disc)','Cargo Area Light','Cargo Area Tie Downs','Center Console','Child Safety Locks','Child Seat Anchors','Clock','Color Coded Mirrors','Compact Spare Tire','Compass','Cruise Control','Cup Holder','Daytime Running Lights','Digital Instrument Cluster','Door Pockets','Door Unlock Impact Sensor','Electronic Brake Force Distribution','Engine Immobilizer','Floor Mats','Front Airbags (Driver)','Front Airbags (Passenger)','Front Crumple Zones','Front Headrests','Front Side Airbags (Driver)','Front Side Airbags (Passenger)','Front Stabilizer Bar','Front Ventilated Disc Brakes','Fuel Cut-Off Impact Sensor','Fuel Data Display','HD Radio','Halogen Headlights','Handsfree/Bluetooth Integration','Intermittent Wipers','Leather Shift Knob Trim','Leather Steering Wheel','Low Fuel Level Indicator','MP3','MacPherson Front Suspension','Metal-Look Dash Trim','Multi-Link Suspension','One-Touch Power Windows','Overhead Console','Panic Button','Partial Zero Emissions Vehicle','Passenger Sensing Airbag','Post-Collision Safety System','Power Locks','Power Steering','Reading Lights','Rear Air Ducts','Rear Center Armrest','Rear Crumple Zones','Rear Disc Brakes','Rear Stabilizer Bar','Rear Window Defroster','Rear Window Wiper','Remote Trunk Release','Safety Brake Pedal System','Side Curtain Airbags','Stability Control','Steering Wheel Controls','Tachometer','Telematics System','Thermometer','Tire Pressure Monitoring System','Touch-Screen Display','Traction Control','Trip Odometer','Vanity Mirror/Light','Wheel Locks','Window Lockout Button','Windshield Wiper Heater']",91,,"[PREMIUM]","[PREMIUM]",197.25,
"KNDJT2A66D7533350PI7AJNOEWY20260901","2026-09-04 08:19:30.966","2026-09-04 08:19:30.966","[PREMIUM]","[PREMIUM]","HYNTD7533350",2013,"Kia","Soul","Soul+",,"Wagon","White","Black","4 Cyl","2.0 L","FWD","Automatic","Gasoline",68147,"[PREMIUM]","[PREMIUM]",8950,"FAIR","Used",,,23,28,25,true,true,true,true,"['{""ownerNumber"":1,""purchaseDate"":""12/14/12"",""endOwnershipDate"":""09/01/26"",""city"":""Peoria"",""state"":""AZ""}']",6,11,0,"2026-09-01","ENHANCED","NEW",true,"[PREMIUM]","Peoria","AZ","85382","[PREMIUM]",4.7,1308,"PI7AJNOEWY","[PREMIUM]","[PREMIUM]","[PREMIUM]","[PREMIUM]","[PREMIUM]","TOPRATED",,,,,"[PREMIUM]","[PREMIUM]",11,"['Keyless Entry','Fog Lights','Cargo Cover','Subwoofer','Bucket Seats','Alloy Wheels','Infinity Sound System','Heated Mirrors','Satellite Radio','16 Inch Wheels']",10,"['12V Power Outlet','2nd Row Split/Folding Seats','4-Wheel Disc Brakes','5-Passenger Seating','6 Speakers','AM/FM','Adjustable Headrests','Adjustable Steering Wheel','Air Conditioning','Anti-Lock Brakes','Automatic Headlights','Aux Audio Adapter','Body Colored Bumpers','Body Side Moldings','Braking Assist','CD (Single Disc)','Cargo Net','Child Safety Locks','Cloth Seats','Cruise Control','Door Bin','Floor Mats','Front Airbags (Driver)','Front Airbags (Passenger)','Front Anti-Roll Bar','Front Bucket Seats','Front Center Armrest','Front Head Airbag','Front Headrests','Front Side Airbags (Driver)','Front Side Airbags (Passenger)','HD Radio','Handsfree/Bluetooth Integration','Head Restraint Whiplash Protection','High Performance Tires','Illuminated Entry','Independent Suspension','Intermittent Wipers','Kia UVO','Leather Steering Wheel','MP3','Overhead Airbag','Panic Button','Pass-Through Rear Seat','Passenger Sensing Airbag','Power Locks','Power Mirrors','Power Steering','Power Sun/Moonroof','Power Windows','Premium Audio Package','Privacy Glass','Reading Lights','Rear Bench Seat','Rear Head Airbags','Rear Window Defroster','Rear Window Wiper','Rear-View Camera','Remote Keyless Entry','Speed-Sensing Steering','Stability Control','Steering Wheel Controls','Tachometer','Telematics System','Thermometer','Tire Pressure Monitoring System','Traction Control','Trip Computer','Turn Signal Mirrors','Vanity Mirror/Light','Wheel Locks']",71,"This 2013 Clear White Kia Soul Plus FWD is well equipped and includes these features and benefits: Audio Upgrade Package (Auto On/Off Headlights and Rear-Camera Display), 16 x 6.5J Alloy Wheels, 4-Wheel Disc Brakes, 6 Speakers, ABS brakes, Air Conditioning, Alloy wheels, AM/FM radio: SiriusXM, AM/FM/CD/MP3 Audio System, Anti-whiplash front head restraints, Bodyside moldings, Brake assist, Bumpers: body-color, Cargo Cover, Cargo Net, Carpeted Floor Mats, CD player, Cloth Seat Trim, Driver door bin, Driver vanity mirror, Dual front impact airbags, Dual front side impact airbags, Electronic Stability Control, Front anti-roll bar, Front Bucket Seats, Front Center Armrest, Front Fog Lights, Front reading lights, Front wheel independent suspension, Heated door mirrors, Illuminated entry, Low tire pressure warning, Occupant sensing airbag, Outside temperature display, Overhead airbag, Panic alarm, Passenger door bin, Passenger vanity mirror, Power door mirrors, Power steering, Power Tilt/Slide Sunroof, Power windows, Rear Bumper Applique, Rear window defroster, Rear window wiper, Remote keyless entry, Speed control, Speed-sensing steering, Split folding rear seat, Steering wheel mounted audio controls, Tachometer, Telescoping steering wheel, Tilt steering wheel, Traction control, Trip computer, Turn signal indicator mirrors, Variably intermittent wipers, and Wheel Locks. 16 x 6.5J Alloy Wheels, 4-Wheel Disc Brakes, 6 Speakers, ABS brakes, Air Conditioning, Alloy wheels, AM/FM radio: SiriusXM, AM/FM/CD/MP3 Audio System, Anti-whiplash front head restraints, Audio Upgrade Package, Auto On/Off Headlights, Bodyside moldings, Brake assist, Bumpers: body-color, Cargo Cover, Cargo Net, Carpeted Floor Mats, CD player, Cloth Seat Trim, Driver door bin, Driver vanity mirror, Dual front impact airbags, Dual front side impact airbags, Electronic Stability Control, Front anti-roll bar, Front Bucket Seats, Front Center Armrest, Front Fog Lights, Front reading lights, Front wheel independent suspension, Heated door mirrors, Illuminated entry, Low tire pressure warning, Occupant sensing airbag, Outside temperature display, Overhead airbag, Panic alarm, Passenger door bin, Passenger vanity mirror, Power door mirrors, Power steering, Power Tilt/Slide Sunroof, Power windows, Rear Bumper Applique, Rear window defroster, Rear window wiper, Rear-Camera Display, Remote keyless entry, Speed control, Speed-sensing steering, Split folding rear seat, Steering wheel mounted audio controls, Tachometer, Telescoping steering wheel, Tilt steering wheel, Traction control, Trip computer, Turn signal indicator mirrors, Variably intermittent wipers, Wheel Locks.Recent Arrival! Odometer is 34839 miles below market average! 23/28 City/Highway MPGAwards:* JD Power APEAL Study, JD Power Initial Quality Study * 2013 KBB.com 10 Coolest New Cars Under $18,000 * 2013 IIHS Top Safety Pick * 2013 KBB.com 10 Best Used Cars Under $10,000Reviews:* Loads of available features, user-friendly controls, ample passenger space, funky style, low price, long warranty. Source: Edmunds","[PREMIUM]","[PREMIUM]",163.75,
"KNDJT2A67D7552568HEBIXEQJFS20260828","2026-09-04 08:19:30.952","2026-09-04 08:19:30.952","[PREMIUM]","[PREMIUM]","552568",2013,"Kia","Soul","Soul+",,"Wagon","White","Black","4 Cyl","2.0 L","FWD","Automatic","Gasoline",52881,"[PREMIUM]","[PREMIUM]",9870,,"Used",,,23,28,25,true,true,true,true,"['{""ownerNumber"":1,""purchaseDate"":""02/02/13"",""endOwnershipDate"":""08/28/26"",""state"":""CA""}']",24,26,3,"2026-08-28","ENHANCED","USED",,"[PREMIUM]","Placentia","CA","92870","[PREMIUM]",,,"HEBIXEQJFS","[PREMIUM]","[PREMIUM]","[PREMIUM]","[PREMIUM]","[PREMIUM]","ADVANTAGE","GOOD","AVERAGE","AVERAGE",370,"[PREMIUM]","[PREMIUM]",26,"['Keyless Entry','Fog Lights','Bucket Seats','18 Inch Wheels','Alloy Wheels','Led Lights','Heated Mirrors','Satellite Radio','16 Inch Wheels','Cloth Seats']",10,"['12V Power Outlet','2nd Row Split/Folding Seats','3-Point Seat Belts','4-Wheel Disc Brakes','AM/FM','Adjustable Headrests','Adjustable Seats','Adjustable Steering Wheel','Advanced Front Airbags','Air Conditioning','Airbag Deactivation','Anti-Lock Brakes','Automatic Headlights','Aux Audio Adapter','Body Colored Bumpers','Body Colored Door Handles','CD (Single Disc)','Cargo Area Light','Child Safety Locks','Child Seat Anchors','Chrome Front Grill','Cloth Door Trim','Color Coded Mirrors','Cruise Control','Cup Holder','Door Pockets','Electronic Brake Force Distribution','Floor Mats','Front Airbags (Driver)','Front Airbags (Passenger)','Front Bucket Seats','Front Crumple Zones','Front Head Airbag','Front Side Airbags','Front Side Airbags (Driver)','Front Ventilated Disc Brakes','Front and Rear Stabilizer Bar','Handsfree/Bluetooth Integration','High Performance Tires','Hill Assist System','Illuminated Glove Box','Intermittent Wipers','LED Tail Lights','Leather Shift Knob Trim','Leather Steering Wheel','MP3','MacPherson Front Suspension','Panic Button','Pass-Through Rear Seat','Passenger Sensing Airbag','Power Folding Mirrors','Power Locks','Power Mirrors','Power Steering','Power Sun/Moonroof','Power Windows','Privacy Glass','Reading Lights','Rear Bench Seat','Rear Crumple Zones','Rear Head Airbags','Rear Headrests','Rear Privacy Glass','Rear Side Airbags','Rear Window Defroster','Rear Window Wiper','Rear-View Camera','Remote Keyless Entry','Seat Belt Pretensioners','Side Curtain Airbags','Side Impact Door Beam','Stability Control','Steering Wheel Controls','Tachometer','Thermometer','Tire Pressure Monitoring System','Torsion Bar Suspension','Traction Control','Trip Computer','Turn Signal Mirrors','Vanity Mirror/Light']",81,"4 Cylinder Engine,ABS,4-Wheel Disc Brakes,A/C,Adjustable Steering Wheel,Aluminum Wheels,AM/FM Stereo,Auxiliary Audio Input,Power Outlet,Bucket Seats,CD Player,Child Safety Locks,Cruise Control,Driver Air Bag,Driver Illuminated Vanity Mirror,Driver Vanity Mirror,Stability Control,Front Wheel Drive,Gasoline Fuel,Heated Mirrors,Integrated Turn Signal Mirrors,Intermittent Wipers,Keyless Entry,Leather Steering Wheel,MP3 Player,Pass-Through Rear Seat,Passenger Air Bag,Passenger Air Bag Sensor,Passenger Illuminated Visor Mirror,Passenger Vanity Mirror,Power Door Locks,Power Mirror(s),Power Steering,Power Windows,Privacy Glass,Rear Bench Seat,Rear Side Air Bag,Rear Defrost,Rear Head Air Bag,Satellite Radio,Front Side Air Bag,Front Head Air Bag,Steering Wheel Audio Controls,Tire Pressure Monitor,Tires - Front Performance,Tires - Rear Performance,Traction Control,Trip Computer,Variable Speed Intermittent Wipers,Bluetooth Connection,16"" x 6.5"" alloy wheels,18"" x 7.5"" alloy wheels,205/55R16 tires,235/45R18 tires,Body-colored bumpers &amp; tusks,Body-colored bumpers w/black tusks,Body-colored door handles,Body-colored heated pwr folding mirrors w/integrated turn signals,Body-colored heated pwr mirrors w/integrated turn signals,Chrome-accented front grille,Clear-lens multi-reflector headlamps,Front fog lamps,LED positioning lights,LED rear high center stop lamp,Projection headlamps w/auto-on/off,Pwr tilt/slide sunroof,Rear LED combination lamps,Rear privacy glass,Rear windshield wiper w/washer,Variable intermittent windshield wipers w/washers,Waistline molding w/fender garnish -inc: rear body-colored garnish,(3) 12V pwr outlets -inc: (2) front, (1) rear,60/40 split-folding rear seat -inc: adjustable head restraints for all positions,Carpeted floor mats (PIO),Cloth door panel trim,Cloth seat trim -inc: ""Soul"" fabric pattern,Cloth seat trim -inc: houndstooth fabric pattern,Cruise control,Dual front cup holders,Dual rear door map pockets,Dual sunvisors w/illuminated covered vanity mirrors &amp; extensions,Front bucket seats -inc: active adjustable headrests, 4-way driver seat adjustment, driver height adjustment,Front seatback pockets,Illuminated glove box,Instrument panel storage bin w/lid,Instrumentation -inc: tachometer, outside temp display,Leather-wrapped shift knob,Leather-wrapped tilt/telescopic steering wheel w/cruise &amp; audio controls -inc: illuminated ignition ring,Lighting -inc: cargo lamp, front &amp; center dome lamps, delay-out,Locking fuel door w/remote cable release,Manual air conditioning,Metal-finish trim w/chrome accents,Pwr door locks -inc: driver 2-turn unlock, central locking, impact-sensing auto-unlock,Pwr windows -inc: driver 1-touch auto-down,Rear window defroster,Remote keyless entry -inc: folding key w/panic button,Sand/black interior accents,Trip computer,Under-floor luggage tray,2.0L DOHC MPI dual-CVVT 16-valve I4 engine -inc: variable intake system (VIS), aluminum block &amp; head,6-speed automatic transmission -inc: active eco system,6-speed manual transmission,Battery saver,Electric motor-driven pwr steering,Front vented/rear solid pwr disc brakes,Front wheel drive,Hood insulation,McPherson strut front suspension -inc: coil springs, gas shock absorbers, stabilizer bar,Tire mobility kit,Torsion beam axle rear suspension -inc: monotube shock absorbers,3-point seat belts -inc: emergency locking retractors, front height-adjustable anchors, front electric pretensioners, front belt reminder, front buckle sensor airbag switch, front anchor pretensioners,4-channel anti-lock brakes (ABS) -inc: electronic brake-force distribution (EBD),Backup camera,Dual front advanced airbags,Electronic stability control (ESC) w/vehicle stability management (VSM),Front seat-mounted side airbags,Front/rear crumple zones,Front/rear side curtain airbags,Hill-start assist control (HAC),Lower anchors &amp; tethers for children (LATCH),Rear child safety door locks,Side-impact door beams,Tire pressure monitoring system (TPMS)","[PREMIUM]","[PREMIUM]",163.9,
"4S4BRBCC7D3299194CEISXU800120260827","2026-09-04 08:19:30.946","2026-09-04 08:19:30.946","[PREMIUM]","[PREMIUM]","SAS6102",2013,"Subaru","Outback","2.5i","Premium","Wagon","Silver","Black","4 Cyl","2.5 L","AWD","Automatic","Gasoline",109272,"[PREMIUM]","[PREMIUM]",9150,"FAIR","Used",,,24,30,26,,true,true,,"['{""ownerNumber"":1,""purchaseDate"":""09/06/13"",""endOwnershipDate"":""06/02/16"",""city"":""Kennett Square"",""state"":""PA""}','{""ownerNumber"":2,""purchaseDate"":""09/16/16"",""endOwnershipDate"":""11/03/20"",""city"":""Clifton Heights"",""state"":""PA""}','{""ownerNumber"":3,""purchaseDate"":""11/13/20"",""endOwnershipDate"":""10/14/25"",""city"":""Philadelphia"",""state"":""PA""}']",23,43,1,"2026-08-27","ENHANCED","USED",true,"[PREMIUM]","Colorado Springs","CO","80909","[PREMIUM]",3.7,9,"CEISXU8001","[PREMIUM]","[PREMIUM]","[PREMIUM]","[PREMIUM]","[PREMIUM]","ADVANTAGE",,,,,"[PREMIUM]","[PREMIUM]",43,"['All Weather Package','Roof Rack','Keyless Entry','Fog Lights','Heated Seats','Roof Rails','Alloy Wheels','Satellite Radio','Side Airbags']",9,"['AM/FM','Adjustable Steering Wheel','Air Conditioning','Anti-Lock Brakes','Anti-Theft System','CD (Single Disc)','Cruise Control','Daytime Running Lights','Dual Airbags','Handsfree/Bluetooth Integration','Hill Assist System','MP3','Partial Zero Emissions Vehicle','Power Locks','Power Seat (Dual)','Power Steering','Power Windows','Side Curtain Airbags','Split/Folding Seats','Traction Control']",20,"<p>Experience the perfect combination of all-weather capability, versatility, comfort, and legendary Subaru engineering with this exceptional 2013 Subaru Outback 2.5i Premium. Built for drivers who want the practicality of an SUV with the efficiency and driving characteristics of a wagon, the Outback has earned a loyal following among outdoor enthusiasts, families, commuters, and Colorado drivers alike.</p><p>Powered by Subaru's proven 2.5L 4-cylinder BOXER engine and equipped with Subaru Symmetrical All-Wheel Drive, this Outback delivers confident traction and balanced handling in rain, snow, and changing road conditions. Whether you're commuting through Colorado Springs, heading into the mountains, or loading up for a weekend camping adventure, the Outback is built to take you there with confidence.</p><p>The Premium trim adds desirable comfort and convenience features while maintaining the rugged practicality that makes the Outback so popular. Inside, you'll find a spacious cabin with comfortable seating, thoughtful storage, excellent visibility, and flexible cargo space. Fold down the rear seats and you'll have plenty of room for camping equipment, skis, bicycles, luggage, groceries, or outdoor gear.</p><p>The exterior combines Subaru's distinctive styling with a rugged, adventure-ready stance. Generous ground clearance, roof rails, and standard all-wheel drive give the Outback genuine versatility, while its comfortable ride makes it equally enjoyable as an everyday commuter.</p><p>Key Highlights:</p><ul><li><p>2013 Subaru Outback 2.5i Premium</p></li><li><p>Proven 2.5L 4-cylinder BOXER engine</p></li><li><p>Subaru Symmetrical All-Wheel Drive</p></li><li><p>Excellent all-weather and winter capability</p></li><li><p>Spacious and versatile wagon-style SUV</p></li><li><p>Premium trim with upgraded comfort features</p></li><li><p>Generous cargo capacity with folding rear seats</p></li><li><p>Excellent ground clearance for outdoor adventures</p></li><li><p>Roof rails for bikes, skis, kayaks, and cargo</p></li><li><p>Comfortable ride and confident handling</p></li><li><p>Excellent family, commuter, and adventure vehicle</p></li><li><p>Proven Subaru reliability and long-term value</p></li></ul><p>If you're searching for a <strong>used Subaru Outback for sale</strong>, a <strong>2013 Subaru Outback 2.5i Premium</strong>, an <strong>AWD SUV</strong>, or a <strong>reliable Colorado winter vehicle</strong>, this Outback is an exceptional choice. Combining Subaru's legendary all-wheel-drive system with impressive versatility, practical cargo space, and excellent fuel economy, the Outback is built for both everyday life and weekend adventures.</p><p>Whether you're commuting to work, heading into the mountains, navigating snowy Colorado roads, or planning your next camping trip, this Subaru Outback delivers the capability and confidence you need. Its unique combination of wagon practicality and SUV versatility makes it one of the most useful vehicles in its class.</p><p>Don't miss your opportunity to own this capable and versatile 2013 Subaru Outback 2.5i Premium. Contact us today to schedule a test drive and experience the all-weather capability, comfort, and adventure-ready versatility that have made the Outback a longtime favorite.</p><p>At Springs Auto Sales, we carefully inspect and hand-select our vehicles with quality, value, and customer confidence in mind. We invite you to visit us and experience the difference for yourself.</p>","[PREMIUM]","[PREMIUM]",154.95,
"4S4BRDKC7D2282785YE4PGRVGJ920260825","2026-09-04 08:19:30.946","2026-09-04 08:19:30.946","[PREMIUM]","[PREMIUM]","1957",2013,"Subaru","Outback","3.6R Limited",,"Wagon","Silver","Black","6 Cyl","3.6 L","AWD","Automatic","Gasoline",115986,"[PREMIUM]","[PREMIUM]",10980,,"Used",,,18,24,20,true,true,true,true,"['{""ownerNumber"":1,""purchaseDate"":""07/25/13"",""endOwnershipDate"":""08/12/26"",""city"":""Gig Harbor"",""state"":""WA""}']",27,19,3,"2026-08-25","ENHANCED","USED",true,"[PREMIUM]","Auburn","WA","98001","[PREMIUM]",5,3,"YE4PGRVGJ9","[PREMIUM]","[PREMIUM]","[PREMIUM]","[PREMIUM]","[PREMIUM]","ADVANTAGE",,,,,"[PREMIUM]","[PREMIUM]",19,"['All Weather Package','Roof Rack','Keyless Entry','Fog Lights','Heated Seats','Alloy Wheels','Satellite Radio','Side Airbags']",8,"['AM/FM','Adjustable Steering Wheel','Air Conditioning','Anti-Lock Brakes','Anti-Theft System','CD (Single Disc)','Cruise Control','Daytime Running Lights','Dual Airbags','Handsfree/Bluetooth Integration','Harman/Kardon Sound System','Hill Assist System','MP3','Power Locks','Power Seat (Dual)','Power Steering','Power Windows','Side Curtain Airbags','Sun/Moonroof','Traction Control']",20,"<p>** 1-OWNER **</p><p></p><p>For faster response call 253-948-0101</p><p>GQ Motorsports is a family owned &amp; operated dealership!</p><p>Come in as a customer &amp; leave as family!</p><p>We accept trades &amp; offer financing for all credit types!</p><p>Check us out on Facebook &amp; Google our reviews are awesome!</p>","[PREMIUM]","[PREMIUM]",152.9,
"4T3BK3BB2DU08530150DG5TS1J120260901","2026-09-04 08:19:30.846","2026-09-04 08:19:30.846","[PREMIUM]","[PREMIUM]","TDU085301",2013,"Toyota","Venza","Limited",,"Wagon","Black","Gray","6 Cyl","3.5 L","AWD","Automatic","Gasoline",91343,"[PREMIUM]","[PREMIUM]",14190,"FAIR","Used",,,18,25,21,,true,true,true,"['{""ownerNumber"":1,""purchaseDate"":""08/24/13"",""endOwnershipDate"":""08/11/25"",""city"":""Fairfax"",""state"":""VA""}']",15,1,0,"2026-09-01","ENHANCED","NEW",true,"[PREMIUM]","Fort Mill","SC","29708","[PREMIUM]",4.4,179,"50DG5TS1J1","[PREMIUM]","[PREMIUM]","[PREMIUM]","[PREMIUM]","[PREMIUM]","TOPRATED","GOOD","AVERAGE","AVERAGE",390,"[PREMIUM]","[PREMIUM]",1,"['Navigation System','Keyless Entry','Fog Lights','Leather Seats','Heated Seats','Cargo Cover','Bucket Seats','Power Liftgate','Alloy Wheels','Heated Mirrors']",10,"['12V Power Outlet','4-Wheel Disc Brakes','5-Passenger Seating','AM/FM','Adjustable Steering Wheel','Air Conditioning','Anti-Lock Brakes','Anti-Theft System','Auto-Dimming Mirror','Automatic Headlights','Aux Audio Adapter','Braking Assist','CD (Single Disc)','Child Safety Locks','Compact Spare Tire','Cruise Control','Daytime Running Lights','Driver Adjustable Lumbar','Engine Immobilizer','Front Airbags (Driver)','Front Airbags (Passenger)','Front Head Airbag','Front Knee Airbags (Driver)','Front Side Airbags (Driver)','HD Radio','Handsfree/Bluetooth Integration','High Intensity Discharge Headlights','High Performance Tires','Integrated Garage Door Opener','Intermittent Wipers','Keyless Ignition','Leather Steering Wheel','MP3','Memory Mirrors','Multi-Zone Climate Control','Panorama Sunroof','Pass-Through Rear Seat','Passenger Sensing Airbag','Power Locks','Power Mirrors','Power Seat (Dual)','Power Steering','Power Windows','Premium Sound System','Privacy Glass','Reading Lights','Rear Bench Seat','Rear Head Airbags','Rear Spoiler','Rear Window Defroster','Rear-View Camera','Remote Trunk Release','Satellite Radio','Seat Memory','Smart Device Integration','Stability Control','Steering Wheel Controls','Tire Pressure Monitoring System','Traction Control','Trip Computer','Turn Signal Mirrors','Vanity Mirror/Light']",62,"2013 Toyota Venza LE. Black exterior with Gray interior. Key features include Bluetooth Connection, Auxiliary Audio Input, Universal Garage Door Opener, Multi-Zone A/C, Integrated Turn Signal Mirrors, Steering Wheel Audio Controls, Auto-Dimming Rearview Mirror, Keyless Entry, Power Driver Seat, MP3/CD Player, Aluminum Wheels, Power Mirrors, Adjustable Steering Wheel, Automatic Headlights, Tire Pressure Monitor. AWD. Powered by a Gas V6 3.5L/211 paired with a 6-Speed Automatic.Our highly trained technicians inspected this vehicle and reconditioned it to Sonic Safety Standards. All recommended services are complete. Please verify any information in question with Fort Mill Ford. Chat, email, or call 803-948-8204 to schedule your VIP test drive and experience the difference for yourself at Fort Mill Ford, 801 Gold Hill Rd, Fort Mill, SC 29708!Price excludes required taxes, tag, other governmental fees and includes a $640 closing fee.We have taken reasonable efforts to ensure display of accurate data, however, the information shown may contain errors and omissions, may not reflect all vehicle items and accessories, and errors with regard to pricing may occur. All displayed inventory is subject to prior sale and all prices expire at midnight on the date displayed. Price shown is for the state in which Dealer is physically located and if transferred to another state, the price may change. Dealer is not responsible for any errors but should be consulted in person to confirm the information on this page.PRE-OWNED VEHICLES MAY BE SUBJECT TO UNREPAIRED MANUFACTURER RECALLS. PLEASE CONTACT THE MANUFACTURER OR A DEALER FOR THAT LINE MAKE FOR RECALL ASSISTANCE/QUESTIONS OR CHECK THE NATIONAL HIGHWAY TRAFFIC SAFETY ADMINISTRATION WEBSITE FOR CURRENT RECALL INFORMATION BEFORE PURCHASING.","[PREMIUM]","[PREMIUM]",154.75,
"JTDZN3EU9D3225219AU4HUVA8Q120260829","2026-09-04 08:19:30.840","2026-09-04 08:19:30.840","[PREMIUM]","[PREMIUM]","261082B",2013,"Toyota","Prius v","Two",,"Wagon","Unspecified",,"4 Cyl","1.8 L","FWD","Automatic","Hybrid",95219,"[PREMIUM]","[PREMIUM]",12710,"GOOD","Used",,,43,39,41,,true,true,,"['{""ownerNumber"":1,""purchaseDate"":""04/12/13"",""endOwnershipDate"":""08/29/15"",""city"":""Louisville"",""state"":""KY""}','{""ownerNumber"":2,""purchaseDate"":""09/18/15"",""endOwnershipDate"":""01/18/24"",""city"":""Louisville"",""state"":""KY""}','{""ownerNumber"":3,""purchaseDate"":""01/18/24"",""endOwnershipDate"":""08/29/26"",""city"":""Peru"",""state"":""IN""}']",28,25,0,"2026-08-29","ENHANCED","NEW",true,"[PREMIUM]","Kokomo","IN","46902","[PREMIUM]",4.7,422,"AU4HUVA8Q1","[PREMIUM]","[PREMIUM]","[PREMIUM]","[PREMIUM]","[PREMIUM]","TOPRATED",,,,,"[PREMIUM]","[PREMIUM]",25,"['Keyless Entry','Bucket Seats','Alloy Wheels','Heated Mirrors','Keyless Ignition','Cloth Seats','Rear Bench Seat','Compact Spare Tire']",8,"['12V Power Outlet','4-Wheel Disc Brakes','AM/FM','Adjustable Steering Wheel','Air Conditioning','All-Season Tires','Anti-Lock Brakes','Automatic Headlights','Aux Audio Adapter','Braking Assist','CD (Single Disc)','Child Safety Locks','Cruise Control','Driver Adjustable Lumbar','Engine Immobilizer','Front Airbags (Driver)','Front Airbags (Passenger)','Front Head Airbag','Front Knee Airbags (Driver)','Front Side Airbags (Driver)','Handsfree/Bluetooth Integration','Intermittent Wipers','Pass-Through Rear Seat','Passenger Sensing Airbag','Power Locks','Power Mirrors','Power Steering','Power Windows','Reading Lights','Rear Head Airbags','Rear Side Airbags','Rear Spoiler','Rear Window Defroster','Rear-View Camera','Stability Control','Steering Wheel Controls','Tire Pressure Monitoring System','Traction Control','Trip Computer','Vanity Mirror/Light','Wheel Covers']",41,,"[PREMIUM]","[PREMIUM]",172.25,
"KNDJT2A52D75077079KQVESMDPZ20260831","2026-09-04 08:19:30.836","2026-09-04 08:19:30.836","[PREMIUM]","[PREMIUM]","1283",2013,"Kia","Soul","Base",,"Wagon","White","Black","4 Cyl","1.6 L","FWD","Automatic","Gasoline",98684,"[PREMIUM]","[PREMIUM]",7480,"GREAT","Used",,,25,30,27,true,true,true,,"['{""ownerNumber"":1,""purchaseDate"":""09/14/12"",""endOwnershipDate"":""08/10/15"",""city"":""Glendale"",""state"":""CA""}','{""ownerNumber"":2,""purchaseDate"":""10/26/15"",""endOwnershipDate"":""08/25/26"",""city"":""Morgan Hill"",""state"":""CA""}']",28,22,0,"2026-08-31","ENHANCED","USED",true,"[PREMIUM]","Eugene","OR","97402","[PREMIUM]",,,"9KQVESMDPZ","[PREMIUM]","[PREMIUM]","[PREMIUM]","[PREMIUM]","[PREMIUM]","ADVANTAGE",,,,,"[PREMIUM]","[PREMIUM]",22,"['Keyless Entry','Satellite Radio','Black Grille','Steel Wheels','Independent Suspension','Rear Bench Seat','Front Stabilizer Bar']",7,"['12V Power Outlet','3-Point Seat Belts','4 Speakers','AM/FM','Adjustable Headrests','Adjustable Seats','Adjustable Steering Wheel','Air Conditioning','Airbag Deactivation (Passenger)','Antenna','Anti-Lock Brakes','Armrest Storage','Aux Audio Adapter','Body Colored Bumpers','Body Colored Door Handles','Body Side Moldings','CD (Single Disc)','Cargo Area Light','Center Console','Child Safety Locks','Child Seat Anchors','Clock','Cloth Upholstery','Color Coded Mirrors','Cruise Control','Cup Holder','Door Pockets','Electronic Brake Force Distribution','Front Airbags (Driver)','Front Airbags (Passenger)','Front Bucket Seats','Front Center Armrest','Front Crumple Zones','Front Headrests','Front Side Airbags','Front Ventilated Disc Brakes','Fuel Data Display','Halogen Headlights','Handsfree/Bluetooth Integration','Hill Assist System','Inside Rear-View Mirror - Manual Day/Night','Intermittent Wipers','Low Fuel Level Indicator','MP3','MacPherson Front Suspension','One-Touch Power Windows','Panic Button','Passenger Sensing Airbag','Power Locks','Power Steering','Reading Lights','Rear Disc Brakes','Rear Headrests','Rear Privacy Glass','Rear Stabilizer Bar','Rear Window Defroster','Rear Window Wiper','Remote Trunk Release','Seat Belt Pretensioners','Seat Belt Warning System','Side Curtain Airbags','Speed Sensitive Volume Control','Split/Folding Seats','Stability Control','Steering Wheel Controls','Tachometer','Thermometer','Tire Pressure Monitoring System','Torsion Bar Suspension','Traction Control','Urethane Shift Knob Trim','Urethane Steering Wheel Trim','Wheel Covers','Window Lockout Button','iPod Adapter']",75,"Check out this 2013 Kia Soul in eye-catching Clear White with a sleek Black interior! Powered by a peppy 1.6L I4 engine delivering 138hp and 123 ft-lbs of torque, it offers a fun and efficient ride. With less than 99,000 miles—averaging under 8,000 miles per year—you'll enjoy great mileage, boasting 25 MPG in the city and 30 MPG on the highway. This Soul comes equipped with factory favorites like air conditioning, power windows and locks, Bluetooth connectivity, and a quality sound system. Plus, it has a clean CARFAX report for your peace of mind. Perfect for daily drives and adventures alike! Ashley Auto Sales 539 HWY 99 North EUGENE, OR 97402 (458) 265-1420","[PREMIUM]","[PREMIUM]",170.5,
"JF1GPAD61D2806251B4REHN3NJ120260827","2026-09-04 08:19:30.532","2026-09-04 08:19:30.532","[PREMIUM]","[PREMIUM]","806251",2013,"Subaru","Impreza","2.0i","Premium","Wagon","Silver","Black","4 Cyl","2.0 L","AWD","Automatic","Gasoline",84363,"[PREMIUM]","[PREMIUM]",9800,"FAIR","Used",,,27,35,30,,true,true,true,"['{""ownerNumber"":1,""purchaseDate"":""02/28/13"",""endOwnershipDate"":""06/13/26"",""city"":""Wexford"",""state"":""PA""}']",27,22,2,"2026-08-27","ENHANCED","USED",true,"[PREMIUM]","Pitcairn","PA","15140","[PREMIUM]",5,2,"B4REHN3NJ1","[PREMIUM]","[PREMIUM]","[PREMIUM]","[PREMIUM]","[PREMIUM]","ADVANTAGE",,,,,"[PREMIUM]","[PREMIUM]",22,"['Keyless Entry','Heated Seats','Tinted Windows','Alloy Wheels','Side Airbags']",5,"['Adjustable Steering Wheel','Air Conditioning','Anti-Lock Brakes','Power Locks','Power Mirrors','Power Windows','Rear Window Defroster','Rear-View Camera','Sun/Moonroof']",9,"LOCAL ONE OWNER!!! BRAND NEW BRAKE PADS AND BRAKE ROTORS IN THE FRONT AND REAR, LIKE NEW TIRES, FRESH OIL AND FILTER CHANGE, NEW PA INSPECTION AND MORE. SUPER NICE!!! To view more photos of this vehicle visit us at: www.golickmotors.com or call 412-372-7420 to schedule your test drive today.","[PREMIUM]","[PREMIUM]",157.5,
"JF1GPAL66D2830238DVFBW1ALZ720260902","2026-09-04 08:19:30.519","2026-09-04 08:19:30.519","[PREMIUM]","[PREMIUM]","77731",2013,"Subaru","Impreza","Sport","Premium","Wagon","Blue","Black","4 Cyl","2.0 L","AWD","Automatic","Gasoline",113517,"[PREMIUM]","[PREMIUM]",10520,"GOOD","Used",,,27,35,30,true,true,true,,"['{""ownerNumber"":1,""purchaseDate"":""04/15/13"",""endOwnershipDate"":""06/07/15"",""city"":""Oceanside"",""state"":""CA""}','{""ownerNumber"":2,""purchaseDate"":""08/26/15"",""endOwnershipDate"":""07/16/19"",""city"":""Grants Pass"",""state"":""OR""}','{""ownerNumber"":3,""purchaseDate"":""09/04/19"",""endOwnershipDate"":""Present"",""city"":""Reno"",""state"":""NV""}']",14,23,0,"2026-09-02","ENHANCED","USED",true,"[PREMIUM]","Boise","ID","83706","[PREMIUM]",,,"DVFBW1ALZ7","[PREMIUM]","[PREMIUM]","[PREMIUM]","[PREMIUM]","[PREMIUM]","ADVANTAGE",,,,,"[PREMIUM]","[PREMIUM]",23,"['Fog Lights','Heated Seats','Cargo Cover','Roof Rails','Heated Mirrors','USB Audio Interface','Heated Windshield','Independent Suspension','Rear Bench Seat','Front Stabilizer Bar']",10,"['12V Power Outlet','2nd Row Split/Folding Seats','3-Point Seat Belts','6 Speakers','AM/FM','Adjustable Headrests','Adjustable Seats','Adjustable Steering Wheel','Air Conditioning','Air Filtration','Airbag Deactivation (Passenger)','All-Season Tires','Aluminum Dash Trim','Aluminum Interior Accents','Antenna','Anti-Lock Brakes','Anti-Theft System','Aux Audio Adapter','Body Colored Bumpers','Body Colored Door Handles','Braking Assist','CD (Single Disc)','Cargo Area Light','Center Console','Child Safety Locks','Child Seat Anchors','Clock','Cloth Upholstery','Color Coded Mirrors','Compact Spare Tire','Cruise Control','Cup Holder','Daytime Running Lights','Digital Instrument Cluster','Electronic Brake Force Distribution','Engine Immobilizer','Floor Mats','Front Airbags (Driver)','Front Airbags (Passenger)','Front Bucket Seats','Front Headrests','Front Knee Airbags (Driver)','Front Side Airbags (Driver)','Front Side Airbags (Passenger)','Front Ventilated Disc Brakes','Fuel Data Display','Halogen Headlights','Handsfree/Bluetooth Integration','Hill Assist System','Integrated Cell Phone','Intermittent Wipers','Leather Shift Knob Trim','Leather Steering Wheel','MacPherson Front Suspension','One-Touch Power Windows','Passenger Sensing Airbag','Power Locks','Power Mirrors','Power Steering','Radio Data System','Reading Lights','Rear Air Ducts','Rear Crumple Zones','Rear Disc Brakes','Rear Headrests','Rear Spoiler','Rear Stabilizer Bar','Rear Window Defroster','Rear Window Wiper','Rear-View Camera','Remote Trunk Release','Safety Brake Pedal System','Seat Belt Pretensioners','Seat Belt Warning System','Side Curtain Airbags','Split/Folding Seats','Stability Control','Steering Wheel Controls','Tachometer','Telematics System','Thermometer','Tire Pressure Monitoring System','Touch-Screen Display','Traction Control','Trip Odometer','Vanity Mirror/Light','Window Lockout Button']",87,"Introducing the sleek and stylish 2013 Subaru Impreza 2.0i Sport Premium! This versatile and reliable vehicle is perfect for those seeking a combination of performance and practicality. With its spacious interior and all-wheel drive capabilities, this Impreza is ready for any adventure.<br /><br />Under the hood, you'll find a powerful 2.0-liter engine, delivering an impressive 148 horsepower and 145 lb-ft of torque. Plus, with its Continuously Variable Transmission (CVT), you'll experience smooth and efficient driving on any terrain.<br /><br />Step inside the Impreza and you'll be greeted with a comfortable and well-equipped cabin. The Sport Premium trim level comes with heated front seats and a leather-wrapped steering wheel for added luxury. The 60/40 split-folding rear seats also provide ample space for all your cargo needs.<br /><br />But that's not all, this Impreza also comes with a range of advanced features including a 6.2-inch touchscreen display, Bluetooth connectivity, and a rearview camera for added convenience and safety.<br /><br />With its low mileage and excellent condition, this 2013 Subaru Impreza 2.0i Sport Premium is a steal of a deal. Don't miss your chance to own this impressive vehicle. Visit our dealership today and take it for a test drive!","[PREMIUM]","[PREMIUM]",161.25,
"W1W4EBVYXMT071924MBWP7DF00120260830","2026-09-04 08:19:30.514","2026-09-04 08:19:30.514","[PREMIUM]","[PREMIUM]","260711",2021,"Mercedes-Benz","Sprinter","2500",,"Van","Gray","Black","6 Cyl","3.0 L","4WD","Automatic","Diesel",37338,"[PREMIUM]","[PREMIUM]",,,"Used",,,,,,true,true,true,true,"['{""ownerNumber"":1,""purchaseDate"":""12/12/22"",""endOwnershipDate"":""08/30/26"",""city"":""Calabasas"",""state"":""CA""}']",1,47,0,"2026-08-30","BASIC","USED",,"[PREMIUM]","Thousand Oaks","CA","91360","[PREMIUM]",,,"MBWP7DF001","[PREMIUM]","[PREMIUM]","[PREMIUM]","[PREMIUM]","[PREMIUM]","ADVANTAGE",,,,,"[PREMIUM]","[PREMIUM]",47,"['Towing Package','Spare Tire','Roof Rack','Navigation System','Trailer Hitch']",5,"['Compass','Floor Mats','Overland Vehicle']",3,"2022 Storyteller Overland Stealth Mode OG 4X4 Volta Lithium System Mercedes Turbo Diesel CUSTOM UPGRADES 37K Miles *** Only 159,990*** Storyteller Overland Stealth Mode OG, Selenite Gray, One Owner, 37k Miles, Agile Off Road RIP Kit with 5400# Leaf Springs and Front Coil Overs, Van Compass Adjustable Front and Rear Shocks, Venture True Beadlock Wheels with 285/70-17 Tires, Apex Rapid Deflators, Matching Spare, Agile/ARB Onboard Compressor, S&amp;B 45 Gallon Fuel Tank, Flarespace Front Bumper with Baja Design LP9 Pro Lights, Flarespace NVader Rear Molle Panels with Owl Boxes, Spare Tire, Shovel, and 1Up Bike Rack, Owl Rear Step, Baja Designs Full Perimeter Roof Rack Lights including 50” Forward Light Bar, Inhabit Floormats, CA Vans Mattress, Window Covers, Table, Showtime Curtain, Series 67 Device Holders, Garmin Navigation, Air Horn and More, Well Taken Care of and Shows Pride of Ownership, Only $159,990*** We have some fantastic financing and take trades also! It is our #1 goal that your experience with our company is an enjoyable one with our staff of industry professionals, Conejo Wholesale Auto &amp; RV, Exclusive Ventura County Dealer For Winnebago Navion, Revel, Solis, Ekko, and Travato, All Storyteller Products, Outside Van Syncline and Approach, Tiffin GH1, All Roadtrek Products, We Also Carry Some Quality Pre-Owned Motorhomes which come with Our 45 Day/1000 Mile In-House Warranty at No Charge, Conejo RV, 661 E. Thousand Oaks Blvd, Thousand Oaks, CA 91360, 805-496-8700, www.ConejoRV.com Open 7 Days, 9am to 6pm, All Coaches Fully Inspected, Serviced and Detailed, Come Experience the No Pressure No Haggle Sales Approach at Conejo RV, We Also Buy Clean Late Model Coaches, 1 Year Free Camping Membership Included Ask For Details! (***plus tax &amp; license fees***)","[PREMIUM]","[PREMIUM]",77,
"JTDZN3EU0D3265933WA66AW400120260827","2026-09-04 08:19:30.511","2026-09-04 08:19:30.511","[PREMIUM]","[PREMIUM]","40415",2013,"Toyota","Prius v","Three",,"Wagon","Blue","Gray","4 Cyl","1.8 L","FWD","Automatic","Hybrid",151279,"[PREMIUM]","[PREMIUM]",9000,"GREAT","Used",,,43,39,41,,true,true,,"['{""ownerNumber"":1,""purchaseDate"":""10/16/13"",""endOwnershipDate"":""04/30/22"",""city"":""Hamilton"",""state"":""MI""}','{""ownerNumber"":2,""purchaseDate"":""05/06/22"",""endOwnershipDate"":""01/19/26"",""city"":""Grand Rapids"",""state"":""MI""}']",40,29,3,"2026-08-27","ENHANCED","USED",true,"[PREMIUM]","Chesaning","MI","48616","[PREMIUM]",3.4,63,"WA66AW4001","[PREMIUM]","[PREMIUM]","[PREMIUM]","[PREMIUM]","[PREMIUM]","ADVANTAGE",,,,,"[PREMIUM]","[PREMIUM]",29,"['Cargo Cover','Tinted Windows','Folding Mirrors','17 Inch Wheels','Heated Mirrors','Compact Spare Tire']",6,"['3-Point Seat Belts','4-Wheel Disc Brakes','Adjustable Headrests','Adjustable Lumbar Support','Adjustable Seats','Advanced Front Airbags','Anti-Lock Brakes','Armrest','Braking Assist','Cargo Area Light','Cargo Area Under Floor','Child Safety Locks','Child Seat Anchors','Color Coded Mirrors','Cruise Control','Cup Holder','Digital Instrument Cluster','Electronic Brake Force Distribution','Energy Absorbing Steering Column','Front Crumple Zones','Front Knee Airbags (Driver)','Front Side Airbags','Front Ventilated Disc Brakes','Front and Rear Stabilizer Bar','Glove Box','Hill Assist System','Illuminated Entry','Inside Hood Release','Intermittent Wipers','LED Tail Lights','MacPherson Suspension','One-Touch Power Windows','Passenger Sensing Airbag','Power Mirrors','Power Steering','Reading Lights','Rear Crumple Zones','Rear Power Windows','Rear Spoiler','Rear Window Defroster','Rear Window Wiper','Retained Accessory Power','Seat Belt Pretensioners','Seat Belt Warning System','Side Curtain Airbags','Side Impact Door Beam','Sliding Rear Seats','Smart Stop Technology','Split/Folding Seats','Tire Pressure Monitoring System','Torsion Bar Suspension','Vanity Mirror/Light','Vehicle Proximity Notification System']",53,"Visit Showcase Auto Sales online at www.showcaseautosalesllc.com to see more pictures of this vehicle or call us at 989-845-1091 today to schedule your test drive.","[PREMIUM]","[PREMIUM]",160.9,
"JF1GPAS60D2868548HVJG5OAPAX20260827","2026-09-04 08:19:30.427","2026-09-04 08:19:30.427","[PREMIUM]","[PREMIUM]","TN671817C",2013,"Subaru","Impreza","Sport","Limited","Wagon","Gray","Black","4 Cyl","2.0 L","AWD","Automatic","Gasoline",150535,"[PREMIUM]","[PREMIUM]",,"GREAT","Used",,,27,35,30,true,true,true,,"['{""ownerNumber"":1,""purchaseDate"":""06/14/13"",""endOwnershipDate"":""08/05/21"",""city"":""San Diego"",""state"":""CA""}','{""ownerNumber"":2,""purchaseDate"":""11/16/21"",""endOwnershipDate"":""08/27/26"",""city"":""Baytown"",""state"":""TX""}']",29,,0,"2026-08-27","ENHANCED","NEW",true,"[PREMIUM]","Baytown","TX","77521","[PREMIUM]",4.4,303,"HVJG5OAPAX","[PREMIUM]","[PREMIUM]","[PREMIUM]","[PREMIUM]","[PREMIUM]","TOPRATED",,,,,"[PREMIUM]","[PREMIUM]",,"['Protection Package','Keyless Entry','Fog Lights','Spoiler','Heated Seats','Roof Rails','Alloy Wheels','17 Inch Wheels','Heated Mirrors']",9,"['2nd Row Split/Folding Seats','4-Wheel Disc Brakes','4-Wheel Independent Suspension','6 Speakers','AM/FM','Adjustable Seats','Adjustable Steering Wheel','Air Conditioning','Anti-Lock Brakes','Anti-Theft System','Auto Climate Control','Auto-Dimming Mirror','Automatic Headlights','Body Colored Bumpers','Braking Assist','CD (Single Disc)','Compass','Cruise Control','Door Bin','Front Airbags (Driver)','Front Airbags (Passenger)','Front Anti-Roll Bar','Front Bucket Seats','Front Center Armrest','Front Knee Airbags (Driver)','Front Side Airbags (Driver)','Front Side Airbags (Passenger)','Illuminated Entry','Integrated Garage Door Opener','Intermittent Wipers','Leather Shift Knob Trim','Leather Steering Wheel','Leather Trimmed Interior','Overhead Airbag','Panic Button','Passenger Sensing Airbag','Power Mirrors','Power Steering','Power Windows','Radio Data System','Reading Lights','Rear Anti-Roll Bar','Rear Center Armrest','Rear Window Defroster','Rear Window Wiper','Remote Keyless Entry','Speed-Sensing Steering','Stability Control','Steering Wheel Controls','Tachometer','Thermometer','Tire Pressure Monitoring System','Traction Control','Trip Computer','Vanity Mirror/Light']",55,"Dark Gray Metallic 2013 Subaru Impreza 2.0i Sport Limited 2.0L 4-Cylinder SMPI DOHC 16V CVT Lineartronic<br /><br />AWD<br /><br />27/36 City/Highway MPG<br /><br /><br />The Bravo Protection Package $3,995, includes Assurant Appearance Paint &amp; Fabric Protection, RecovR Theft Protection, Lifetime Hand Car Wash service, and Value Shield Protection. These products and services are not pre-installed or active at the time of sale, they are optional. Coverage and benefits apply only after purchase and activation at the customer’s request. 17"" x 7.0JJ Gunmetal Aluminum-Alloy Wheels, 4-Wheel Disc Brakes, 6 Speakers, ABS brakes, Air Conditioning, Alloy wheels, AM/FM radio, Auto-Dimming Mirror w/Compass &amp; HomeLink, Automatic temperature control, Brake assist, Bumpers: body-color, CD player, Dark Gray Metallic Roof Spoiler, Driver door bin, Driver vanity mirror, Dual front impact airbags, Dual front side impact airbags, Electronic Stability Control, Four wheel independent suspension, Front anti-roll bar, Front Bucket Seats, Front Center Armrest, Front fog lights, Front reading lights, Fully automatic headlights, Heated door mirrors, Heated front seats, Heated Reclining Front Bucket Seats, Illuminated entry, Knee airbag, Leather Shift Knob, Leather steering wheel, Leather-Trimmed Upholstery, Low tire pressure warning, Occupant sensing airbag, Outside temperature display, Overhead airbag, Panic alarm, Passenger door bin, Passenger vanity mirror, Power door mirrors, Power steering, Power windows, Radio data system, Radio: AM/FM w/HD/Single Disc CD Player, Rear anti-roll bar, Rear Bumper Applique, Rear seat center armrest, Rear window defroster, Rear window wiper, Remote keyless entry, Roof rack: rails only, Security system, Speed control, Speed-sensing steering, Split folding rear seat, Spoiler, Steering wheel mounted audio controls, Tachometer, Telescoping steering wheel, Tilt steering wheel, Traction control, Trip computer, and Variably intermittent wipers.","[PREMIUM]","[PREMIUM]",155.5,
"4S4BRCKCXD3305321SDARKWYLLD20260902","2026-09-04 08:19:30.425","2026-09-04 08:19:30.425","[PREMIUM]","[PREMIUM]","4922",2013,"Subaru","Outback","2.5i Limited",,"Wagon","White","Tan","4 Cyl","2.5 L","AWD","Automatic","Gasoline",118505,"[PREMIUM]","[PREMIUM]",9500,"GREAT","Used",,,24,30,26,,true,true,,"['{""ownerNumber"":1,""purchaseDate"":""06/29/13"",""endOwnershipDate"":""05/31/23"",""city"":""Augusta"",""state"":""GA""}','{""ownerNumber"":2,""purchaseDate"":""05/31/23"",""endOwnershipDate"":""Present"",""city"":""Los Angeles"",""state"":""CA""}']",25,12,0,"2026-09-02","ENHANCED","USED",true,"[PREMIUM]","Costa Mesa","CA","92626","[PREMIUM]",,,"SDARKWYLLD","[PREMIUM]","[PREMIUM]","[PREMIUM]","[PREMIUM]","[PREMIUM]","TOPRATED",,,,,"[PREMIUM]","[PREMIUM]",12,"['All Weather Package','Roof Rack','Keyless Entry','Fog Lights','Spoiler','Heated Seats','Alloy Wheels','Satellite Radio','Side Airbags']",9,"['AM/FM','Adjustable Steering Wheel','Air Conditioning','Anti-Lock Brakes','Anti-Theft System','CD (Single Disc)','Cruise Control','Daytime Running Lights','Dual Airbags','Handsfree/Bluetooth Integration','Harman/Kardon Sound System','Hill Assist System','MP3','Partial Zero Emissions Vehicle','Power Locks','Power Seat (Dual)','Power Steering','Power Windows','Side Curtain Airbags','Sun/Moonroof','Traction Control']",21,"<p>Clean title, New Smog Done, Message me with any questions! Price is firm</p><p>949-506-0000</p><p>949-506-1111</p><p>BAD CREDIT OK!!</p><p>FINANCING AVAILABLE!!</p><p>Pricing does not include government fees and taxes, state and/or local taxes, smog fees, emission testing charge, registration or title fees.</p>","[PREMIUM]","[PREMIUM]",173.5,
"4S4BRCKC5D3286497EM7GE0E51120260828","2026-09-04 08:19:30.422","2026-09-04 08:19:30.422","[PREMIUM]","[PREMIUM]","23D3286497P",2013,"Subaru","Outback","2.5i Limited",,"Wagon","Blue","Tan","4 Cyl","2.5 L","AWD","Automatic","Gasoline",102540,"[PREMIUM]","[PREMIUM]",10160,"FAIR","Used",,,24,30,26,,true,true,,"['{""ownerNumber"":1,""purchaseDate"":""03/13/13"",""endOwnershipDate"":""07/14/26"",""city"":""Cincinnati"",""state"":""OH""}','{""ownerNumber"":2,""purchaseDate"":""07/14/26"",""endOwnershipDate"":""08/28/26"",""city"":""Cincinnati"",""state"":""OH""}']",21,33,2,"2026-08-28","ENHANCED","NEW",true,"[PREMIUM]","Fort Thomas","KY","41075","[PREMIUM]",4.5,716,"EM7GE0E511","[PREMIUM]","[PREMIUM]","[PREMIUM]","[PREMIUM]","[PREMIUM]","TOPRATED",,,,,"[PREMIUM]","[PREMIUM]",33,"['Driver Assistance Package','Popular Package','Moonroof Package','Spare Tire','Keyless Entry','Fog Lights','Leather Seats','Heated Seats','Cargo Cover','Bucket Seats']",10,"['12V Power Outlet','4-Wheel Disc Brakes','5-Passenger Seating','AM/FM','Adaptive Cruise Control','Adjustable Steering Wheel','Air Conditioning','All-Season Tires','All-Weather Floor Mats','Alloy Wheels','Anti-Lock Brakes','Anti-Theft System','Auto-Dimming Mirror','Automatic Headlights','Aux Audio Adapter','Body Side Moldings','Braking Assist','CD (Single Disc)','Child Safety Locks','Collision Warning System','Confidence Package','Daytime Running Lights','Driver Adjustable Lumbar','Engine Immobilizer','EyeSight','Floor Mats','Front Airbags (Driver)','Front Airbags (Passenger)','Front Head Airbag','Front Side Airbags (Driver)','Front Ventilated Disc Brakes','HD Radio','Handsfree/Bluetooth Integration','Heated Mirrors','Integrated Garage Door Opener','Intermittent Wipers','Lane Departure Warning','Leather Steering Wheel','Leather Trimmed Seats','Luggage Rack','Multi-Zone Climate Control','Pass-Through Rear Seat','Passenger Sensing Airbag','Popular Package 2','Power Locks','Power Mirrors','Power Seat (Dual)','Power Steering','Power Sun/Moonroof','Power Windows','Premium Sound System','Privacy Glass','Rear Air Conditioning','Rear Bench Seat','Rear Head Airbags','Rear Spoiler','Rear Window Defroster','Rear-View Camera','Satellite Radio','Splash Guards','Stability Control','Steering Wheel Controls','Tire Pressure Monitoring System','Traction Control','Trip Computer','USB Adapter','Vanity Mirror/Light','Wheel Locks','Windshield Wiper Heater','Wood Trimmed Interior','iPod Adapter']",71,"IIHS Top Safety Pick (built after August 2012). Only 102,540 Miles! Boasts 30 Highway MPG and 24 City MPG! This Subaru Outback delivers a Gas Flat 4 2.5L/152 engine powering this Variable transmission. WARM IVORY, LEATHER SEAT TRIM, MOONROOF PKG -inc: tilt-up pwr moonroof w/auto-open/close, rear vision camera, auto-dimming rearview mirror w/HomeLink, DEEP INDIGO PEARL BODY SIDE MOLDING KIT.* This Subaru Outback Features the Following Options *XM satellite radio (Subscription required), Woodgrain-patterned light matte finish interior trim accents, Windshield wiper de-icer, Ventilated front/solid rear disc brakes, Vehicle dynamics control (VDC), Variable intermittent windshield wipers w/washer, USB port w/iPod control capability, Traction control system (TCS) -inc: off switch, Tool kit -inc: lug wrench, 2-way screwdriver, Tire pressure monitoring system (TPMS).* Expert Reviews!*As reported by KBB.com: Few vehicles on the market can equal the Subaru Outback’s ability to conquer tough terrain while simultaneously delivering carlike fuel economy. Safety buffs will appreciate its perfect crash test marks and the availability of the segment-exclusive EyeSight driver assistance system.* Visit Us Today *Come in for a quick visit at Jeff Wyler Chrysler Jeep Dodge of Fort Thomas, 100 Alexandria Pike, Fort Thomas, KY 41075 to claim your Subaru Outback!","[PREMIUM]","[PREMIUM]",161.75,
"JF1GPAC63DG883997YG9REGEOU120260827","2026-09-04 08:19:30.419","2026-09-04 08:19:30.419","[PREMIUM]","[PREMIUM]","U9921",2013,"Subaru","Impreza","2.0i","Premium","Wagon","Gray","Black","4 Cyl","2.0 L","AWD","Manual","Gasoline",101300,"[PREMIUM]","[PREMIUM]",9010,,"Used",,,24,33,27,true,true,true,true,"['{""ownerNumber"":1,""purchaseDate"":""08/28/13"",""endOwnershipDate"":""07/27/26"",""city"":""Auburn Hills"",""state"":""MI""}']",35,,1,"2026-08-27","ENHANCED","NEW",true,"[PREMIUM]","Ferndale","MI","48220","[PREMIUM]",4.8,1859,"YG9REGEOU1","[PREMIUM]","[PREMIUM]","[PREMIUM]","[PREMIUM]","[PREMIUM]","TOPRATED",,,,,"[PREMIUM]","[PREMIUM]",,"['Popular Package','Keyless Entry','Spoiler','Heated Seats','Alloy Wheels','Heated Mirrors','16 Inch Wheels','Cloth Seats']",8,"['2nd Row Split/Folding Seats','4-Wheel Disc Brakes','4-Wheel Independent Suspension','6 Speakers','AM/FM','Adjustable Seats','Adjustable Steering Wheel','Air Conditioning','Airbags','All-Weather Floor Mats','Anti-Lock Brakes','Anti-Theft System','Auto-Dimming Mirror','Body Colored Bumpers','Braking Assist','CD (Single Disc)','Cargo Tray','Cloth Upholstery','Compass','Cruise Control','Door Bin','Front Airbags (Driver)','Front Airbags (Passenger)','Front Anti-Roll Bar','Front Bucket Seats','Front Center Armrest','Front Knee Airbags (Driver)','Front Side Airbags (Driver)','Front Side Airbags (Passenger)','Illuminated Entry','Integrated Garage Door Opener','Intermittent Wipers','Overhead Airbag','Panic Button','Passenger Sensing Airbag','Power Mirrors','Power Steering','Power Windows','Radio Data System','Reading Lights','Rear Anti-Roll Bar','Rear Window Defroster','Rear Window Wiper','Remote Keyless Entry','Speed-Sensing Steering','Stability Control','Steering Wheel Controls','Tachometer','Thermometer','Tire Pressure Monitoring System','Traction Control','Trip Computer','Vanity Mirror/Light']",53,"Come and see us at Hodges Subaru<br /><br />This 2013 Subaru Impreza 2.0i Premium delivers reliable performance with a 2.0L 4-cylinder engine paired with a 5-speed manual transmission and standard all-wheel drive. The gray exterior and well-maintained condition make this a practical choice for buyers seeking dependable everyday transportation. With solid fuel economy of 25 city and 33 highway MPG, this vehicle balances efficiency with capability.<br /><br />Key Features:<br />- 1-Owner vehicle with clean Carfax and no accidents<br />- New brakes for peace of mind<br />- Winter tires and wheels included<br />- All-wheel drive for confident handling<br />- 5-speed manual transmission<br />- Air conditioning and power steering<br />- Heated front seats and heated door mirrors<br />- Electronic stability control and traction control<br />- Anti-lock brakes and multiple airbags<br />- Remote keyless entry and steering wheel-mounted audio controls<br /><br />This Impreza has been well cared for and arrives with new brakes, ensuring reliable stopping power. The addition of winter tires and wheels demonstrates the previous owner's commitment to maintenance. The heated seats and mirrors provide comfort during colder months, while the practical 16-inch alloy wheels offer a balanced appearance.<br /><br />Recognized as a 2025 CARFAX Top-Rated Dealer with over 1,700 verified reviews, we stand behind every vehicle we sell. This Impreza represents an excellent value in the used compact sedan market. Stop by to test drive this capable all-wheel-drive sedan today.<br /><br />Here at Hodges we know cars, but most of all we know Subaru","[PREMIUM]","[PREMIUM]",157.7,
"JTDZN3EU3D3200218WYUXH6PHIM20260830","2026-09-04 08:19:30.417","2026-09-04 08:19:30.417","[PREMIUM]","[PREMIUM]","Mk-200218",2013,"Toyota","Prius v","Three",,"Wagon","Gray","Gray","4 Cyl","1.8 L","FWD","Automatic","Hybrid",118170,"[PREMIUM]","[PREMIUM]",11080,"GOOD","Used",,,43,39,41,,true,true,true,"['{""ownerNumber"":1,""purchaseDate"":""01/09/13"",""endOwnershipDate"":""08/12/26"",""city"":""Burlington"",""state"":""KY""}']",24,32,0,"2026-08-30","ENHANCED","USED",true,"[PREMIUM]","Wilmington","OH","45177","[PREMIUM]",,,"WYUXH6PHIM","[PREMIUM]","[PREMIUM]","[PREMIUM]","[PREMIUM]","[PREMIUM]","ADVANTAGE",,,,,"[PREMIUM]","[PREMIUM]",32,"['Navigation System','Keyless Entry','Alloy Wheels','Satellite Radio','Side Airbags','Keyless Ignition']",6,"['AM/FM','Adjustable Steering Wheel','Air Conditioning','Anti-Lock Brakes','Anti-Theft System','CD (Single Disc)','Cruise Control','Dual Airbags','Handsfree/Bluetooth Integration','Hill Assist System','MP3','Power Locks','Power Seat (Dual)','Power Steering','Power Windows','Rear Spoiler','Rear-View Camera','Side Curtain Airbags','Stability Control','Traction Control']",20,"<p>Toyota Prius v Three Wagon 4D 4-Cyl, Hybrid, 1.8 Liter 118,170 FWD <br /><strong>Call us today at 937-556-1882</strong> for more details or to schedule a test drive!</p><p><strong>MyKar Auto Group</strong><br />734 S South Street, Wilmington, OH 45177<br /><br />Finance through our local wright patt credit union with great rates<br />Call in or stop by to pick up a purchase order<br />No buy here pay here!<br /><br />Free carfax available on our website<br />Mykarautogroup.com</p>","[PREMIUM]","[PREMIUM]",170.75,
"JF1GR7E68DG206986IQTF5MZL2L20260829","2026-09-04 08:19:30.409","2026-09-04 08:19:30.409","[PREMIUM]","[PREMIUM]","10789",2013,"Subaru","Impreza","WRX",,"Wagon","Black",,"4 Cyl","2.5 L","AWD","Manual","Gasoline",97414,"[PREMIUM]","[PREMIUM]",15100,"GOOD","Used",,,19,25,21,true,true,true,true,"['{""ownerNumber"":1,""purchaseDate"":""10/11/12"",""endOwnershipDate"":""08/24/26"",""city"":""Milwaukee"",""state"":""WI""}']",6,,1,"2026-08-29","ENHANCED","USED",true,"[PREMIUM]","Brookfield","IL","60513","[PREMIUM]",4.5,2,"IQTF5MZL2L","[PREMIUM]","[PREMIUM]","[PREMIUM]","[PREMIUM]","[PREMIUM]","ADVANTAGE",,,,,"[PREMIUM]","[PREMIUM]",,"['Keyless Entry','Side Airbags']",2,"['3-Point Seat Belts','AM/FM','Adjustable Steering Wheel','Air Conditioning','Anti-Lock Brakes','Anti-Theft System','CD (Single Disc)','Daytime Running Lights','Engine Immobilizer','Front Airbags (Driver)','Front Airbags (Passenger)','Head Airbags','MP3','Power Locks','Power Steering','Power Windows','Rear Head Airbags']",17,,"[PREMIUM]","[PREMIUM]",168.2,
"JF1GR7E64DG8241445FKF08ARFR20260831","2026-09-04 08:19:30.403","2026-09-04 08:19:30.403","[PREMIUM]","[PREMIUM]","1813",2013,"Subaru","Impreza","WRX",,"Wagon","White","Black","4 Cyl","2.5 L","AWD","Manual","Gasoline",140171,"[PREMIUM]","[PREMIUM]",12340,"GREAT","Used",,,19,25,21,,true,true,,"['{""ownerNumber"":1,""purchaseDate"":""03/25/13"",""endOwnershipDate"":""12/08/14"",""city"":""Highland Lakes"",""state"":""NJ""}','{""ownerNumber"":2,""purchaseDate"":""02/02/15"",""endOwnershipDate"":""05/01/21"",""city"":""Plainfield"",""state"":""IL""}','{""ownerNumber"":3,""purchaseDate"":""05/26/21"",""endOwnershipDate"":""07/31/26"",""city"":""Antioch"",""state"":""IL""}']",15,18,0,"2026-08-31","ENHANCED","USED",true,"[PREMIUM]","Amelia","OH","45102","[PREMIUM]",3.3,3,"5FKF08ARFR","[PREMIUM]","[PREMIUM]","[PREMIUM]","[PREMIUM]","[PREMIUM]","ADVANTAGE",,,,,"[PREMIUM]","[PREMIUM]",18,"['Popular Package','Keyless Entry','Spoiler','Cargo Cover','Ambient Lighting','Folding Mirrors','Limited Slip Differential','Satellite Radio','Steel Wheels','USB Audio Interface']",10,"['110V Power Outlet','12V Power Outlet','3-Point Seat Belts','AM/FM','Adjustable Headrests','Adjustable Seats','Adjustable Steering Wheel','Air Conditioning','Air Filtration','Airbag Deactivation (Passenger)','All-Weather Floor Mats','Antenna','Anti-Lock Brakes','Anti-Theft System','Armrest Storage','Auto Climate Control','Auto-Dimming Mirror','Automatic Headlights','Aux Audio Adapter','Body Colored Bumpers','Body Colored Door Handles','Body Side Moldings','Braking Assist','CD (Single Disc)','Cargo Area Light','Center Console','Child Safety Locks','Child Seat Anchors','Clock','Color Coded Mirrors','Compact Spare Tire','Compass','Cruise Control','Cup Holder','Daytime Running Lights','Digital Instrument Cluster','Electronic Brake Force Distribution','Engine Immobilizer','Floor Mats','Front Airbags (Driver)','Front Airbags (Passenger)','Front Bucket Seats','Front Crumple Zones','Front Headrests','Front Side Airbags (Driver)','Front Side Airbags (Passenger)','Front Stabilizer Bar','Front Ventilated Disc Brakes','Fuel Data Display','Halogen Headlights','Handsfree/Bluetooth Integration','Hill Assist System','Independent Suspension','Integrated Garage Door Opener','Intermittent Wipers','Leather Shift Knob Trim','MP3','MacPherson Front Suspension','Metal-Look Dash Trim','One-Touch Power Windows','Passenger Sensing Airbag','Power Locks','Power Mirrors','Power Steering','Power Sun/Moonroof','Radio Data System','Reading Lights','Rear Air Ducts','Rear Bench Seat','Rear Crumple Zones','Rear Disc Brakes','Rear Headrests','Rear Spoiler','Rear Stabilizer Bar','Rear Window Wiper','Remote Trunk Release','Safety Brake Pedal System','Seat Belt Pretensioners','Side Curtain Airbags','Speed Sensitive Volume Control','Split/Folding Seats','Stability Control','Steering Wheel Controls','Tachometer','Thermometer','Traction Control','Trip Odometer','Window Lockout Button']",88,"3 Month /30000 Mile Powertrain Warranty on every vehicle * call for details* 513-718-0003 www.buyautovault.com Cincinnati's Wholesale to the public Dealer !!! Introducing the 2013 Subaru Impreza, a powerful and stylish vehicle perfect for any adventure. Equipped with a 2.5L Turbo H4 engine, this car boasts an impressive 265 horsepower and 244 ft. lbs. of torque, providing an exhilarating driving experience. And with a 5-speed manual transmission, you'll have complete control over every shift.<br /><br />But it's not just about power with this Impreza. Its sleek design and spacious interior make it the perfect combination of style and functionality. Whether you're cruising through the city or taking on rugged terrain, this Subaru will get you there in style.<br /><br />But the features don't stop there. With extra safety features such as all-wheel drive and traction control, you can feel confident on any road. And with its spacious trunk and versatile seating, you'll have plenty of room for all your gear.<br /><br />Don't miss out on the opportunity to own this 2013 Subaru Impreza. With its impressive performance and sleek design, it's sure to turn heads wherever you go. So come take a test drive and experience the thrill of driving a Subaru for yourself. Don't wait, this deal won't last long.","[PREMIUM]","[PREMIUM]",175.25,
"4S4BRBCC5D3304604FNB0UU000120260901","2026-09-04 08:19:30.399","2026-09-04 08:19:30.399","[PREMIUM]","[PREMIUM]","D3304604",2013,"Subaru","Outback","2.5i","Premium","Wagon","Blue","White","4 Cyl","2.5 L","AWD","Automatic","Gasoline",97713,"[PREMIUM]","[PREMIUM]",9840,"FAIR","Used",,,24,30,26,true,true,true,true,"['{""ownerNumber"":1,""purchaseDate"":""06/02/13"",""endOwnershipDate"":""Present"",""city"":""Medford"",""state"":""MA""}']",19,1,0,"2026-09-01","ENHANCED","NEW",true,"[PREMIUM]","Danvers","MA","01923","[PREMIUM]",4.4,424,"FNB0UU0001","[PREMIUM]","[PREMIUM]","[PREMIUM]","[PREMIUM]","[PREMIUM]","TOPRATED",,,,,"[PREMIUM]","[PREMIUM]",1,"['All Weather Package','Spare Tire','Keyless Entry','Fog Lights','Heated Seats','Bucket Seats','Alloy Wheels','Luggage Rack','Heated Mirrors','Cloth Seats']",10,"['12V Power Outlet','4-Wheel Disc Brakes','AM/FM','Adjustable Steering Wheel','Air Conditioning','All-Season Tires','Anti-Lock Brakes','Anti-Theft System','Automatic Headlights','Aux Audio Adapter','Braking Assist','CD (Single Disc)','Child Safety Locks','Cruise Control','Daytime Running Lights','Driver Adjustable Lumbar','Engine Immobilizer','Floor Mats','Front Airbags (Driver)','Front Airbags (Passenger)','Front Head Airbag','Front Side Airbags (Driver)','Handsfree/Bluetooth Integration','Intermittent Wipers','Leather Steering Wheel','MP3','Pass-Through Rear Seat','Power Locks','Power Mirrors','Power Seat (Dual)','Power Steering','Power Windows','Privacy Glass','Rear Head Airbags','Rear Spoiler','Rear Window Defroster','Stability Control','Steering Wheel Controls','Tire Pressure Monitoring System','Traction Control','Trip Computer','Vanity Mirror/Light','Windshield Wiper Heater','iPod Adapter']",44,"2.5i Premium trim, Deep Indigo Pearl exterior and Ivory Striated interior. EPA 30 MPG Hwy/24 MPG City! CARFAX 1-Owner. <br /><br />KEY FEATURES INCLUDE<br />All Wheel Drive, iPod/MP3 Input, Bluetooth®, CD Player, Aluminum Wheels <br /><br />OPTION PACKAGES<br />ALL-WEATHER PKG windshield wiper de-icer, heated front seats, heated exterior mirrors. <br /><br />WHY BUY FROM US<br />Buy with confidence at Group 1 where every pre-owned vehicle, up to 175,000 miles, comes with a one month 1,000-mile limited warranty along with a 3-day 250-mile exchange policy. Some exclusions may apply, see Buyers Guide for specifics. Every vehicle is priced to market and includes a Carfax History Report. <br /><br />MARKET-BASED PRICING<br />You expect fair &amp; competitive pricing. Thats why the price is based on current market data and is regularly compared to similar pre-owned vehicles in the region. <br /><br />QUALITY INSPECTIONS<br />Every vehicle is thoroughly inspected and comes with a complimentary vehicle history report. <br /><br />QUICK &amp; TRANSPARENT FINANCING<br />Need Financing? Apply in minutes with all terms and conditions clearly disclosed upfront. <br /><br />VEHICLE SERVICE CONTRACTS<br />Avoid bumps in the road! Adding a service contract can help prevent future unexpected expenses from arising. Available for most purchases. <br /><br />EXPERTS REPORT<br />Edmunds.coms review says A new, more efficient engine, high-tech safety features and commendable off-road performance make the 2013 Subaru Outback a top pick among utility crossovers, especially for those who frequently enjoy the great outdoors.. <br /><br />SHOP WITH CONFIDENCE<br />AutoCheck One Owner <br /><br />BUY FROM AN AWARD WINNING DEALER<br />You already know that Subarus are outstanding vehicles, but what about our Subaru dealership, in particular? At Ira Subaru, we like to live up to the Subaru name and make our car buying process fun, exciting, and stand out from the rest. <br /><br />Fuel economy calculations based on original manufacturer data for trim engine configuration. Please confirm the accuracy of the included equipment by calling us prior to purchase. <br />","[PREMIUM]","[PREMIUM]",156.75,
"4S4BRCKC9D3273252A8EZA9955120260901","2026-09-04 08:19:30.399","2026-09-04 08:19:30.399","[PREMIUM]","[PREMIUM]","H52603A",2013,"Subaru","Outback","2.5i Limited",,"Wagon","Blue","Black","4 Cyl","2.5 L","AWD","Automatic","Gasoline",94449,"[PREMIUM]","[PREMIUM]",10960,"GOOD","Used",,,24,30,26,true,true,true,true,"['{""ownerNumber"":1,""purchaseDate"":""02/16/13"",""endOwnershipDate"":""09/01/26"",""city"":""Winnetka"",""state"":""IL""}']",16,5,2,"2026-09-01","ENHANCED","NEW",true,"[PREMIUM]","Highland Park","IL","60035","[PREMIUM]",4.7,979,"A8EZA99551","[PREMIUM]","[PREMIUM]","[PREMIUM]","[PREMIUM]","[PREMIUM]","TOPRATED",,,,,"[PREMIUM]","[PREMIUM]",5,"['Moonroof Package','Spare Tire','Keyless Entry','Fog Lights','Leather Seats','Heated Seats','Cargo Cover','Bucket Seats','Alloy Wheels','Luggage Rack']",10,"['12V Power Outlet','4-Wheel Disc Brakes','5-Passenger Seating','AM/FM','Adjustable Steering Wheel','Air Conditioning','All-Season Tires','All-Weather Floor Mats','Anti-Lock Brakes','Anti-Theft System','Auto-Dimming Mirror','Automatic Headlights','Aux Audio Adapter','Braking Assist','CD (Single Disc)','Child Safety Locks','Cruise Control','Daytime Running Lights','Driver Adjustable Lumbar','Engine Immobilizer','Floor Mats','Front Airbags (Driver)','Front Airbags (Passenger)','Front Head Airbag','Front Side Airbags (Driver)','HD Radio','Handsfree/Bluetooth Integration','Heated Mirrors','Integrated Garage Door Opener','Intermittent Wipers','Leather Steering Wheel','Leather Trimmed Seats','Multi-Zone Climate Control','Pass-Through Rear Seat','Passenger Sensing Airbag','Power Locks','Power Mirrors','Power Seat (Dual)','Power Steering','Power Sun/Moonroof','Power Windows','Premium Sound System','Privacy Glass','Rear Air Conditioning','Rear Bench Seat','Rear Head Airbags','Rear Spoiler','Rear Window Defroster','Rear-View Camera','Satellite Radio','Splash Guards','Stability Control','Steering Wheel Controls','Tire Pressure Monitoring System','Traction Control','Trip Computer','Vanity Mirror/Light','Wood Trimmed Interior']",58,"Twighlight Blue Metallic 2013 Subaru Outback 2.5i Limited AWD CVT Lineartronic 2.5L 4-Cylinder DOHC 16VRecent Arrival! Estimated 24/30 City/Highway MPGCall Us @ 847-831-4100 for more information. Vehicle Location: Certified Center @ 150 Skokie Valley Road. Highland Park, IL 60035.","[PREMIUM]","[PREMIUM]",182,
"JF1GPAC65D2875946O60RG9HBDT20260902","2026-09-04 08:19:30.365","2026-09-04 08:19:30.365","[PREMIUM]","[PREMIUM]","11011",2013,"Subaru","Impreza","2.0i","Premium","Wagon","White","Tan","4 Cyl","2.0 L","AWD","Automatic","Gasoline",100011,"[PREMIUM]","[PREMIUM]",9730,"FAIR","Used",,,27,35,30,true,true,true,true,"['{""ownerNumber"":1,""purchaseDate"":""08/09/13"",""endOwnershipDate"":""Present"",""city"":""Parsippany"",""state"":""NJ""}']",22,22,0,"2026-09-02","ENHANCED","USED",true,"[PREMIUM]","Knoxville","TN","37922","[PREMIUM]",4.7,7,"O60RG9HBDT","[PREMIUM]","[PREMIUM]","[PREMIUM]","[PREMIUM]","[PREMIUM]","ADVANTAGE",,,,,"[PREMIUM]","[PREMIUM]",22,"['Heated Seats','Cloth Seats']",2,"['Cloth Upholstery','Handsfree/Bluetooth Integration']",2,"2013 Subaru Impreza 2.0I Sport AWD for sale! <br /> It has 100k miles. 1 Owner, Clean title, No accidents, Fully serviced.<br /> New brakes all around, New spark plugs <br /> Both differentials and transmission have been serviced <br /> Fresh engine oil and filters <br /> Runs great, no issues!<br /> Loaded with features: <br />• Clean cloth interior in great shape <br />• Heated seats <br />• Bluetoorh, hands free<br /> Visit Knox Auto House today! <br /> 10040 Parkside Drive, Knoxville TN 37922","[PREMIUM]","[PREMIUM]",171.75,
"JTJGB7CX9P4038871AVF5QATBMP20260830","2026-09-04 06:19:51.804","2026-09-04 06:19:51.804","[PREMIUM]","[PREMIUM]","HLSSP4038871",2023,"Lexus","LX","600","Luxury","SUV","Gray","Brown","6 Cyl","3.4 L","4WD","Automatic","Gasoline",45210,"[PREMIUM]","[PREMIUM]",87090,"GOOD","Used",,,17,22,19,,true,,true,"['{""ownerNumber"":1,""purchaseDate"":""12/26/23"",""endOwnershipDate"":""08/30/26"",""city"":""Andover"",""state"":""MA""}']",4,34,0,"2026-08-30","ENHANCED","NEW",true,"[PREMIUM]","Sharon","MA","02067","[PREMIUM]",4.7,73,"AVF5QATBMP","[PREMIUM]","[PREMIUM]","[PREMIUM]","[PREMIUM]","[PREMIUM]","TOPRATED",,,,,"[PREMIUM]","[PREMIUM]",34,"['Luxury Package','Appearance Package','Spare Tire','Navigation System','Keyless Entry','Fog Lights','Trailer Hitch','Leather Seats','Running Boards','Heated Seats']",10,"['4-Wheel Disc Brakes','AM/FM','Active Suspension','Adaptive Cruise Control','Adjustable Ride Control','Adjustable Steering Wheel','Advanced Front-Lighting System','Air Conditioning','Alloy Wheels','Anti-Lock Brakes','Apple Carplay','Auto-Dimming Mirror','Automatic Headlights','Aux Audio Adapter','Blind Spot Monitor','Braking Assist','Bucket Seats','Child Safety Locks','Cooled Seats','Cross Traffic Alert','Daytime Running Lights','Driver Adjustable Lumbar','Engine Immobilizer','Floor Mats','Front Airbags (Driver)','Front Airbags (Passenger)','Front Head Airbag','Handsfree Power Liftgate','Heated Mirrors','Heated Steering Wheel','High Performance Tires','Integrated Garage Door Opener','Keyless Ignition','Lane Departure Warning','Lane Keeping System','Leather Steering Wheel','MP3','Memory Mirrors','Multi-Zone Climate Control','Pass-Through Rear Seat','Passenger Adjustable Lumbar','Power Liftgate','Power Locks','Power Mirrors','Power Seat (Dual)','Power Steering','Power Windows','Premium Sound System','Privacy Glass','Rain-Sensing Wipers','Rear Air Conditioning','Rear Cooled Seats','Rear Head Airbags','Rear Heated Seats','Rear Side Airbags','Rear Spoiler','Rear Window Defroster','Rear-View Camera','Remote Trunk Release','Roof Rails','Satellite Radio','Seat Memory','Smart Device Integration','Stability Control','Steering Wheel Controls','Sun/Moonroof','Telematics System','Third Row Seating','Tire Pressure Monitoring System','Trip Computer','Turn Signal Mirrors','Vanity Mirror/Light','Wi-Fi Hotspot','Wood Trimmed Interior']",74,"INSPECTION COMPLETED<br />Every Herb Chambers pre-owned vehicle receives a complete multi-point inspection by factory trained technicians who inspect the tires, perform a brake inspection, battery voltage test as well as function test all lights. Additionally, we inspect the cooling system, transmission fluid, differential fluid as well as function test all options &amp; accessories. And for all non-Electric Vehicles we also check the Exhaust System and do a complete Oil &amp; Filter Change. We then professionally detail the vehicle inside and out. Non-Smoker vehicle, Serviced at Dealer, Navigation System, Third row seating <br /><br />BUY WITH CONFIDENCE<br />Only a Herb Chambers SMART Pricing Pre-Owned vehicle receives a Multi-Point Inspection 5-Day 100% Money Back Guarantee / 30-Day, 1,500 Mile Vehicle Exchange and a Portfolio &amp; CarFax. Visit www.herbchamberssmartpricing.com and https: //www.herbchambers.com/guarantee-details.htmfor for complete details. <br /><br />OPTION PACKAGES<br />Luxury Package. 22 Forged Alloy Wheels. Active Height Control. Appearance Package: Matte Gray Grille, Dark Gray Roof Rails, Black Door Handles and Outside Mirrors, Black Chrome Window and Bumper Trim. Premium Paint Charge. Walnut Brown Interior. Illuminated Cargo Sills.<br /><br />KEY FEATURES INCLUDE<br />Navigation, Leather Seats, Third Row Seat, Sunroof, 4x4, Power Liftgate, Rear Air, Heated Driver Seat, Heated Rear Seat, Cooled Driver Seat, Cooled Rear Seat, Back-Up Camera, Running Boards, Turbocharged, Premium Sound System Rear Spoiler, MP3 Player, Remote Trunk Release, Privacy Glass, Keyless Entry. Lexus LX 600 Luxury with Manganese Luster exterior and HARVEST BEIGE interior features a V6 Cylinder Engine with 409 HP at 5200 RPM*. CARFAX 1-Owner 5-Day 100% Money Back Guarantee / 30-Day 1,500 Mile Vehicle Exchange and, A complete Vehicle Portfolio &amp; CarFax. Visit www.herbchamberssmartpricing.com for complete details. Only a Herb Chambers SMART Pricing Pre-Owned vehicle receives a Multi-Point Inspection <br /><br />.<br />","[PREMIUM]","[PREMIUM]",159,
"1GYS4MKL4PR476540CZZIV4NPLV20260902","2026-09-04 06:19:51.761","2026-09-04 06:19:51.761","[PREMIUM]","[PREMIUM]","C3787",2023,"Cadillac","Escalade","ESV","Premium Luxury Platinum","SUV","Gray","Tan","8 Cyl","6.2 L","4WD","Automatic","Gasoline",15238,"[PREMIUM]","[PREMIUM]",80710,"GREAT","Used",,,14,18,16,true,true,,true,"['{""ownerNumber"":1,""purchaseDate"":""10/23/23"",""endOwnershipDate"":""Present"",""city"":""New York"",""state"":""NY""}']",3,1,0,"2026-09-02","ENHANCED","NEW",true,"[PREMIUM]","New York","NY","10036","[PREMIUM]",4.4,192,"CZZIV4NPLV","[PREMIUM]","[PREMIUM]","[PREMIUM]","[PREMIUM]","[PREMIUM]","TOPRATED",,,,,"[PREMIUM]","[PREMIUM]",1,"['Driver Assistance Package','Preferred Equipment Package','Remote Start','Navigation System','Keyless Entry','Air Suspension','Trailer Hitch','Leather Seats','Heated Seats','Heated Steering Wheel']",10,"['22 Inch Wheels','2nd Row Power Seats','4-Wheel Disc Brakes','7-Passenger Seating','AM/FM','Active Suspension','Adaptive Cruise Control','Adjustable Steering Wheel','Air Conditioning','All-Season Tires','Alloy Wheels','Anti-Lock Brakes','Anti-Theft System','Automatic Headlights','Aux Audio Adapter','Blind Spot Monitor','Braking Assist','Bucket Seats','Child Safety Locks','Collision Warning System','Confidence Package','Cooled Seats','Cross Traffic Alert','Digital Instrument Cluster','Driver Adjustable Lumbar','Engine Immobilizer','Floor Mats','Front Airbags (Driver)','Front Airbags (Passenger)','Front Bucket Seats','Front Head Airbag','Front Side Airbags (Driver)','HD Radio','Handsfree Power Liftgate','Handsfree/Bluetooth Integration','Head-Up Display','Heated Mirrors','High Performance Tires','Illuminated Entry','Integrated Cell Phone','Integrated Garage Door Opener','Intelligent Crash Response System','Keyless Ignition','Lane Departure Warning','Lane Keeping System','Leather Steering Wheel','Limited Slip Differential','Locking Differential','Luggage Rack','Massage Seats','Memory Mirrors','Multi-Zone Climate Control','OnStar Communication System','Panorama Sunroof','Parking Assist System','Pass-Through Rear Seat','Passenger Adjustable Lumbar','Passenger Sensing Airbag','Power Folding Mirrors','Power Liftgate','Power Locks','Power Mirrors','Power Running Boards','Power Seat (Dual)','Power Steering','Premium Sound System','Privacy Glass','Rain-Sensing Wipers','Rear Air Conditioning','Rear Bucket Seats','Rear Head Airbags','Rear Heated Seats','Rear Parking Sensors','Rear Window Defroster','Rear-View Camera','Remote Trunk Release','Satellite Radio','Seat Memory','Smart Device Integration','Stability Control','Steering Wheel Controls','Super Cruise','Teen Driver Mode','Telematics System','Third Row Seating','Tire Pressure Monitoring System','Tow/Haul Mode','Traction Control','Turn Signal Mirrors','Voice-Activated Command System','Warranty','Wheel Locks','Wi-Fi Hotspot','Wood Trimmed Interior']",94,"Galactic Gray 2023 Cadillac Escalade ESV Premium Luxury Platinum AWD 10-Speed Automatic 6.2L V8 AWD.Recent Arrival!","[PREMIUM]","[PREMIUM]",160.5,
"5UX43DP0XR9V23796I5VB0CNOE920260731","2026-09-04 04:19:45.687","2026-09-04 04:19:45.687","[PREMIUM]","[PREMIUM]","9V23796",2024,"BMW","X3","sDrive30i",,"SUV","White","Brown","4 Cyl","2.0 L","RWD","Automatic","Gasoline",19711,"[PREMIUM]","[PREMIUM]",36770,"GREAT","Used",,,23,29,25,,true,true,true,"['{""ownerNumber"":1,""purchaseDate"":""01/31/24"",""endOwnershipDate"":""07/10/26"",""city"":""Miami"",""state"":""FL""}']",7,33,0,"2026-07-31","ENHANCED","NEW",true,"[PREMIUM]","Palmetto Bay","FL","33157","[PREMIUM]",4.7,259,"I5VB0CNOE9","[PREMIUM]","[PREMIUM]","[PREMIUM]","[PREMIUM]","[PREMIUM]","TOPRATED",,,,,"[PREMIUM]","[PREMIUM]",33,"['Convenience Package','Navigation System','Keyless Entry','Cargo Cover','Bucket Seats','Power Liftgate','Blind Spot Monitor','19 Inch Wheels','Alloy Wheels','Led Lights']",10,"['12 Speakers','4-Wheel Disc Brakes','4-Wheel Independent Suspension','5-Passenger Seating','AM/FM','Adjustable Lumbar Support','Adjustable Steering Wheel','Advanced Front-Lighting System','Air Conditioning','All-Season Tires','Aluminum Dash Trim','Anti-Lock Brakes','Anti-Theft System','Auto-Dimming Mirror','Automatic Headlights','Aux Audio Adapter','BMW Assist','Braking Assist','Child Safety Locks','Collision Warning System','Connected Package Pro','ConnectedDrive','Cross Traffic Alert','Cruise Control','Daytime Running Lights','Engine Immobilizer','Floor Mats','Front Airbags (Driver)','Front Airbags (Passenger)','Front Head Airbag','Front Knee Airbags (Driver)','Front Knee Airbags (Passenger)','Front Side Airbags (Driver)','HD Radio','Handsfree/Bluetooth Integration','Heated Mirrors','High Performance Tires','High-Beam Assist','Integrated Garage Door Opener','Keyless Ignition','Lane Departure Warning','Leather Steering Wheel','Leatherette Seats','Memory Mirrors','Multi-Zone Climate Control','Overhead Airbag','Panorama Sunroof','Park Assistant Plus','Parking Assistance Package','Parking Sensors','Pass-Through Rear Seat','Passenger Sensing Airbag','Passive Keyless Entry','Perforated Seats','Power Folding Mirrors','Power Locks','Power Mirrors','Power Seat (Dual)','Power Steering','Power Windows','Premium Sound System','Privacy Glass','Rain-Sensing Wipers','Rear Air Conditioning','Rear Bench Seat','Rear Center Armrest','Rear Head Airbags','Rear Parking Sensors','Rear Spoiler','Rear Window Defroster','Rear-View Camera','Remote Trunk Release','Satellite Radio','Seat Memory','Side Airbags','Side and Top View Camera','Smart Device Integration','Split/Folding Seats','Sport Seats','Sport Suspension','Stability Control','Steering Wheel Controls','Telematics System','Tire Pressure Monitoring System','Traction Control','Trip Computer','Turn Signal Mirrors','Vanity Mirror/Light','Vinyl Seats','Wi-Fi Hotspot','Wood Trimmed Interior']",91,"This 2024 BMW X3 sDrive30i combines practicality with refined performance, delivering a vehicle that meets the demands of today's discerning driver. Finished in elegant white, this SUV presents a sophisticated presence on the road while offering the versatility you need for everyday journeys and weekend adventures alike.- Convenience Package with Comfort Access Keyless Entry, Lumbar Support, and Panoramic Moonroof- Parking Assistance Package featuring Active Park Distance Control, Surround View with 3D View, and Parking Assistant Plus- Navigation System with Connected Package Pro- Premium Hi-Fi Sound System with 12 speakers and SiriusXM satellite radio- Apple CarPlay and Android Auto compatibility for seamless smartphone integration- Power front seats with memory and lumbar support adjustment- Auto-dimming rear-view mirror and heated door mirrors- Panoramic moonroof for enhanced cabin brightness- Four-wheel independent suspension with electronic stability control- Auto high-beam headlights with delay-off feature- Alloy wheels with all-season tire performance- Rear seat center armrest with split-folding capability- BMW Assist eCall emergency communication systemThe refined four-cylinder engine paired with an eight-speed automatic transmission delivers responsive performance while maintaining efficiency with 23 city MPG and 29 highway MPG. The rear-wheel-drive configuration provides composed handling, and the sport-tuned suspension strikes an excellent balance between comfort and control. Whether navigating city streets or cruising the highway, this X3 performs with confidence.Inside, the cabin reflects BMW's commitment to quality and comfort. Premium perforated SensaTec upholstery adorns the sport bucket seats, while genuine wood accents on the dashboard and door panels add warmth and sophistication. The leather-wrapped steering wheel feels substantial in your hands, and the intuitive controls put essential functions within easy reach. Climate control maintains separate temperature zones for front passengers, while rear air conditioning ensures everyone travels in comfort.Technology seamlessly integrates into your daily routine through the navigation system and ConnectedDrive Services. Stay connected with WiFi hotspot capability, access real-time information through BMW TeleServices, and enjoy peace of mind knowing BMW Assist eCall is available in emergencies. The surround-view camera system with 3D capability makes parking and maneuvering effortless, while the rear-view camera provides clear visibility behind you.Safety and convenience work together throughout this vehicle. The parking assistance package removes the stress from tight spaces, while stability control, traction control, and four-wheel disc brakes with ABS provide confidence in all driving conditions. Dual front and side airbags, knee airbags, and overhead airbags create multiple layers of protection for occupants.This X3 sDrive30i represents an opportunity to own a versatile luxury SUV that doesn't compromise on style, technology, or performance. Schedule your visit today to experience what this capable vehicle can offer.","[PREMIUM]","[PREMIUM]",190.75,
"WBX57DP00RN305175R0M2EFA0PG20260830","2026-09-04 04:19:45.641","2026-09-04 04:19:45.641","[PREMIUM]","[PREMIUM]","SPRN305175",2024,"BMW","X3","xDrive30i",,"SUV","White","Brown","4 Cyl","2.0 L","AWD","Automatic","Gasoline",10584,"[PREMIUM]","[PREMIUM]",43280,"GREAT","Used",,,21,28,24,true,true,true,true,"['{""ownerNumber"":1,""purchaseDate"":""05/17/25"",""endOwnershipDate"":""07/16/26"",""city"":""Deltona"",""state"":""FL""}']",5,28,0,"2026-08-30","ENHANCED","NEW",true,"[PREMIUM]","Florida City","FL","33034","[PREMIUM]",4.5,286,"R0M2EFA0PG","[PREMIUM]","[PREMIUM]","[PREMIUM]","[PREMIUM]","[PREMIUM]","TOPRATED",,,,,"[PREMIUM]","[PREMIUM]",28,"['Navigation System','Keyless Entry','Heated Seats','Bucket Seats','Power Liftgate','Blind Spot Monitor','Alloy Wheels','Heated Mirrors','Satellite Radio','Seat Memory']",10,"['4-Wheel Disc Brakes','AM/FM','Adjustable Steering Wheel','Advanced Front-Lighting System','Air Conditioning','Anti-Lock Brakes','Anti-Theft System','Apple Carplay','Auto-Dimming Mirror','Automatic Headlights','Aux Audio Adapter','Braking Assist','Child Safety Locks','Compact Spare Tire','Cross Traffic Alert','Cruise Control','Daytime Running Lights','Driver Adjustable Lumbar','Engine Immobilizer','Floor Mats','Front Airbags (Driver)','Front Airbags (Passenger)','Front Head Airbag','Front Side Airbags (Driver)','Handsfree Power Liftgate','Handsfree/Bluetooth Integration','High Performance Tires','Integrated Garage Door Opener','Keyless Ignition','Leather Steering Wheel','MP3','Memory Mirrors','Multi-Zone Climate Control','Pass-Through Rear Seat','Passenger Adjustable Lumbar','Power Locks','Power Mirrors','Power Seat (Dual)','Power Steering','Power Windows','Privacy Glass','Rain-Sensing Wipers','Rear Air Conditioning','Rear Head Airbags','Rear Parking Sensors','Rear Spoiler','Rear Window Defroster','Rear-View Camera','Remote Trunk Release','Smart Device Integration','Stability Control','Steering Wheel Controls','Telematics System','Tire Pressure Monitoring System','Traction Control','Trip Computer','Turn Signal Mirrors','Vanity Mirror/Light','Wi-Fi Hotspot','Wood Trimmed Interior']",60,"ALL INVENTORY IS IN MIAMI NOT TAMPA. BUY WITH CONFIDENCE! WE LOVE TRADES! HASSLE FREE FINANCE PLANS FOR EVERYONE! PLEASE CALL TO ENSURE AVAILABILITY AS OUR INVENTORY CHANGES BY THE HOUR. AFFORDABLE FINANCE PLANS! EASY FINANCE OPTIONS! ALL INVENTORY IS READY FOR INSTANT DELIVERY! *Price includes $1,199 predelivery service fee and $439 Electronic filing fee. Tax, title, or license must be paid by the purchaser. This charge represents costs and profit to the dealer for items such as inspecting, cleaning, and adjusting vehicles, and preparing documents related to the sale. Images used for illustration purposes only. While we make every effort to ensure the data listed here is correct, there may be instances where some of the pricing, options or vehicle features may be listed incorrectly as we get data from multiple data sources. Please confirm the details of this vehicle with the dealer to ensure its accuracy. Dealer cannot be held liable for data that is listed incorrectly. MPG Disclaimer Based on EPA mileage ratings. Use for comparison purposes only. Your mileage will vary depending on driving conditions, how you drive and maintain your vehicle, battery-package/condition, and other factors. Optional equipment and accessories available, see dealer for details. Civic Type R is excluded from invoice-based and select promotional pricing programs. See dealer for details. Present any Florida dealerâ??s unexpired new vehicle advertisement for verification. Other Lithia dealerships do not qualify. The competing offer must be available for immediate purchase at the advertised price. The competitorâ??s vehicle must be identically equipped as our in stock vehicle used for comparison. 2024 BMW X3 xDrive30i AWD I4 X3 xDrive30i, 4D Sport Utility, I4, 8-Speed Automatic Sport, AWD, Alpine White, Cognac Premium Synthetic.<br /><br />Odometer is 14763 miles below market average! 21/28 City/Highway MPG","[PREMIUM]","[PREMIUM]",194.25,
"1C4PJXDG9RW313554FRQYO4SFZK20260821","2026-09-04 04:19:45.578","2026-09-04 04:19:45.578","[PREMIUM]","[PREMIUM]","WF307409A",2024,"Jeep","Wrangler","Sport",,"SUV","Black","Black","6 Cyl","3.6 L","4WD","Automatic","Gasoline",20493,"[PREMIUM]","[PREMIUM]",36990,"GREAT","Used",,,18,23,20,true,true,true,true,"['{""ownerNumber"":1,""purchaseDate"":""06/19/24"",""endOwnershipDate"":""08/21/26"",""city"":""Fort Lauderdale"",""state"":""FL""}']",8,43,0,"2026-08-21","ENHANCED","NEW",true,"[PREMIUM]","Miami","FL","33130","[PREMIUM]",4.5,159,"FRQYO4SFZK","[PREMIUM]","[PREMIUM]","[PREMIUM]","[PREMIUM]","[PREMIUM]","TOPRATED","GOOD","AVERAGE","AVERAGE",260,"[PREMIUM]","[PREMIUM]",43,"['Technology Package','Convenience Package','Remote Start','Keyless Entry','Fog Lights','Trailer Hitch','Heated Seats','Trailer Wiring','Heated Steering Wheel','Bucket Seats']",10,"['17 Inch Wheels','2nd Row Split/Folding Seats','4-Wheel Disc Brakes','8 Speakers','AM/FM','Adaptive Cruise Control','Adjustable Steering Wheel','Air Conditioning','Air Filtration','All-Weather Floor Mats','Alpine Sound System','Android Auto','Anti-Lock Brakes','Anti-Theft System','Apple Carplay','Armrest Storage','Auto Climate Control','Automatic Headlights','Black Grille','Blind Spot Monitor','Braking Assist','Cloth Seats','Cloth Upholstery','Collision Warning System','Compass','Cross Traffic Alert','Daytime Running Lights','Delay-Off Headlights','Digital Instrument Cluster','Door Bin','Front Airbags (Driver)','Front Airbags (Passenger)','Front Anti-Roll Bar','Front Bucket Seats','Front Center Armrest','Front One-Touch Power Windows','Front Side Airbags (Driver)','Front Side Airbags (Passenger)','Heated Mirrors','High-Beam Assist','Integrated Garage Door Opener','Intermittent Wipers','LED Fog Lights','LED Headlight Accents','LED Lights','LED Tail Lights','Overhead Airbag','Parking Assist System','Passenger Sensing Airbag','Passive Keyless Entry','Power Locks','Power Mirrors','Power Steering','Power Top','Power Windows','Radio Data System','Reading Lights','Rear Anti-Roll Bar','Rear Window Defroster','Rear Window Wiper','Rear-View Camera','Remote Keyless Entry','Rollover Protection Bars','Safety Package','Side Airbags','Soft Top','Stability Control','Start-Stop System','Steel Wheels','Steering Wheel Controls','Tachometer','Telematics System','Thermometer','Tinted Windows','Tire Pressure Monitoring System','Traction Control','Trip Computer','Uconnect System','Vanity Mirror/Light','W Package']",80,"This 2024 Jeep Wrangler Sport combines legendary off-road capability with modern convenience features. Finished in Black Clearcoat, this 4WD machine delivers the performance and style that define the Wrangler nameplate. With a 3.6L V6 engine and 8-speed automatic transmission, you'll enjoy responsive power whether navigating city streets or venturing onto rugged terrain.<br /><br />**Key Features:**<br />- SKY 1-Touch Power Top<br />- Uconnect 5 with 12.3"" Display and Apple CarPlay/Android Auto<br />- Alpine Premium Audio System<br />- Enhanced Adaptive Cruise Control with Full Speed Forward Collision Warning Plus<br />- Blind Spot &amp; Cross Path Detection<br />- ParkView Rear Back-Up Camera with ParkSense Rear Park Assist<br />- Heated Front Seats and Heated Steering Wheel<br />- LED Headlamps and Daytime Running Lamps<br />- Off-Road Plus Mode with Willys Suspension<br />- Class II Receiver Hitch<br /><br />This Wrangler arrives equipped with the Quick Order Package 24W Willys, Safety Group, Convenience Group, and Technology Group—giving you comprehensive protection and connectivity. The removable rear quarter windows and power top offer flexibility for open-air adventures. LED fog lamps and automatic high beam headlamp control enhance visibility in all conditions. With dual front and side airbags, electronic stability control, and advanced brake assist, safety is paramount.<br /><br />Inside, you'll find cloth low-back bucket seats with heating capability, a telescoping steering wheel, and intuitive controls. The 7.0"" TFT color display cluster keeps vital information at your fingertips. Remote start, universal garage door opener, and security alarm add convenience to daily driving.<br /><br />This Wrangler Sport is ready for whatever road lies ahead. Come experience the perfect balance of capability and comfort today.<br /><br />At Brickell CDJR, we make buying a pre-owned vehicle easy and stress-free. Every pre-owned vehicle is thoroughly inspected to ensure quality and reliability. For added confidence, we include a **10-year/100,000-mile powertrain warranty on all non-European brands** at no additional cost. Our dealership offers one of the largest selections of pre-owned inventory in the region, so you can find the right car, truck, or SUV for your needs. Our state-of-the-art service department, the largest in the country, is open seven days a week from 7 AM to 9 PM, ensuring your vehicle stays in top condition. Visit us at 701 SW 8th St, Miami, FL 33130, or call 305-777-2800 to learn more and schedule a test drive. Taxes, title, registration, and dealer fees apply.","[PREMIUM]","[PREMIUM]",189.25,
"5FNYG1H80RB010928BHJOQ1LMC120260829","2026-09-04 04:19:45.570","2026-09-04 04:19:45.570","[PREMIUM]","[PREMIUM]","RB010928",2024,"Honda","Pilot","Elite",,"SUV","White","Black","6 Cyl","3.5 L","AWD","Automatic","Gasoline",41278,"[PREMIUM]","[PREMIUM]",40860,"GREAT","Used",,,19,25,21,true,true,true,true,"['{""ownerNumber"":1,""purchaseDate"":""11/14/23"",""endOwnershipDate"":""04/24/26"",""city"":""Fort Lauderdale"",""state"":""FL""}']",12,25,0,"2026-08-29","ENHANCED","NEW",true,"[PREMIUM]","Hollywood","FL","33021","[PREMIUM]",4.5,706,"BHJOQ1LMC1","[PREMIUM]","[PREMIUM]","[PREMIUM]","[PREMIUM]","[PREMIUM]","TOPRATED","GREAT","LOW","LOW",180,"[PREMIUM]","[PREMIUM]",25,"['Navigation System','Leather Seats','Third Row Seating','Cooled Seats','Lane Departure Warning','Keyless Ignition']",6,"['Head-Up Display','High Performance Tires','Lane Keeping System','Leather Trimmed Interior','Leather Trimmed Seats','Panorama Sunroof','Perforated Seats','Rear Spoiler','Warranty']",9,"The following items have been reconditioned on this vehicle: all new tires! <br /><br /><ul><li>Panoramic Roof</li><li>Leather Seats</li><li>Navigation System</li><li>3rd Row Seat</li><li>Lane Keeping Assist</li><li>Keyless Start</li><li>Rear Spoiler</li><li>Heads-Up Display</li><li>Cooled Front Seat(S)</li><li>Black, Perforated Leather Seat Trim</li><li>Crystal Black Pearl</li></ul><br /><br />This vehicle includes a Money-Back Guarantee* and passed our precise inspection process. Best of all the price you see is the price you pay. No haggling. No back and forth. No pressure. And this price is so good it is guaranteed. *Money-Back Guarantee is valid for 5 days or 250 miles, whichever comes first. Subject to certain terms and conditions. See store for details. Some restrictions apply. <br /><br />AutoNation Honda Hollywood is honored to present a wonderful example of pure vehicle design... this 2024 Honda Pilot Elite only has 41,278mi on it and could potentially be the vehicle of your dreams! Enjoy a higher level of satisfaction with a CARFAX one-owner vehicle. Treat yourself to an SUV that surrounds you with all the comfort and conveniences of a luxury sedan. Pull up in the vehicle and the valet will want to parked on the front row. This Honda Pilot Elite is the vehicle others dream to own. Don't miss your chance to make it your new ride. This Honda Pilot Elite is equipped with AWD for improved handling. Whether you're faced with inclement weather or just out enjoying the twisting back road, you'll have the grip of AWD on your side. Added comfort with contemporary style is the leather interior to heighten the quality and craftsmanship for the Honda Pilot Elite. Knowledge is power and with the complete records of this pre-owned vehicle, you'll have the power to make a wise purchase. This wonderfully maintained Honda Pilot is in the top 10% of its class when it comes to cleanliness and condition. Look good driving this beautiful vehicle and feel good knowing it comes with a factory warranty. High-performance tires are another option found on this vehicle. An outstanding paint finish rounds out the wonderful aspects of this car. A perfect find to complement any rare automotive collection. This beautiful lass will turn heads everywhere she goes. AUTONATION CERTIFIED PRE-OWNED WORRY FREE WARRANTY 90 DAYS-4000 MILE WARRANTY: COVERS 100% OF PARTS &amp; LABOR: 125 POINT DETAILED INSPECTION: ENGINE, TRANSMISSION, DRIVE AXLE, BRAKES, STEERING, ELECTRICAL, MECHANICAL: 5 DAY MONEY BACK GUARANTEE: CARFAX GUARANTEE TO NOT HAVE A SALVAGED TITLE OR FRAME DAMAGE: Call our internet department for an appointment! <br /><br />","[PREMIUM]","[PREMIUM]",189.25,
"1C4RJYE67R8539018V78S8PI00120260807","2026-09-04 04:19:45.565","2026-09-04 04:19:45.565","[PREMIUM]","[PREMIUM]","1P2475",2024,"Jeep","Grand Cherokee","Summit 4xe","Reserve","SUV","Red","Black","4 Cyl","2.0 L","4WD","Automatic","Hybrid",43798,"[PREMIUM]","[PREMIUM]",38800,"GREAT","Used",,,,,,true,true,true,true,"['{""ownerNumber"":1,""purchaseDate"":""04/02/24"",""endOwnershipDate"":""05/06/26"",""city"":""Queensbury"",""state"":""NY""}']",14,26,0,"2026-08-07","ENHANCED","NEW",true,"[PREMIUM]","Vero Beach","FL","32960","[PREMIUM]",4.5,394,"V78S8PI001","[PREMIUM]","[PREMIUM]","[PREMIUM]","[PREMIUM]","[PREMIUM]","TOPRATED",,,,,"[PREMIUM]","[PREMIUM]",26,"['Navigation System','Keyless Entry','Fog Lights','Spoiler','Leather Seats','Heated Seats','Heated Steering Wheel','Power Liftgate','Alloy Wheels','Splash Guards']",10,"['17.3 kWh battery','19 Speakers','20 Inch Wheels','21 Inch Wheels','2nd Row Split/Folding Seats','4-Wheel Disc Brakes','4-Wheel Independent Suspension','AM/FM','Adaptive Suspension','Adjustable Steering Wheel','Advanced ProTech Group IV','Air Conditioning','Anti-Lock Brakes','Anti-Theft System','Armrest Storage','Auto Climate Control','Auto Load Leveling','Auto-Dimming Mirror','Automatic Headlights','Body Colored Bumpers','Braking Assist','Compass','Cruise Control','Delay-Off Headlights','Digital Instrument Cluster','Door Bin','Dual-Zone Climate Control','Front Airbags (Driver)','Front Airbags (Passenger)','Front Anti-Roll Bar','Front Bucket Seats','Front Center Armrest','Front Knee Airbags (Driver)','Front Side Airbags (Driver)','Front Side Airbags (Passenger)','HD Suspension','Head Restraint Whiplash Protection','Head-Up Display','Heated Mirrors','High-Beam Assist','Illuminated Entry','Integrated Garage Door Opener','Leather Door Trim','Leather Steering Wheel','Luxury Tech Group V Package','Mopar Finishing Package','Night Vision Assistant','Overhead Airbag','Overhead Console','Panic Button','Passenger Sensing Airbag','Pedestrian Alert System','Power Mirrors','Power Seat (Dual)','Power Steering','Power Sun/Moonroof','Power Windows','Radio Data System','Rain-Sensing Wipers','Reading Lights','Rear Air Conditioning','Rear Anti-Roll Bar','Rear Center Armrest','Rear Heated Seats','Rear Power Seats','Rear Ventilated Seats','Rear Window Defroster','Rear Window Wiper','Remote Keyless Entry','Satellite Radio','Seat Memory','Stability Control','Steering Wheel Controls','Steering Wheel Memory','Tachometer','Telematics System','Thermometer','Tire Pressure Monitoring System','Traction Control','Trip Computer','Turn Signal Mirrors','Two-Tone Paint','Uconnect System','Vanity Mirror/Light','Ventilated Seats','Warranty','Wireless Phone Charger','Wood Dash Trim','Wood Door Trim']",89,"2024 Jeep Grand Cherokee Velvet Red Pearlcoat Summit Reserve 4xe 2.0L I4 DOHC 4WD 8-Speed Automatic Grand Cherokee Summit Reserve 4xe, 4D Sport Utility, 2.0L I4 DOHC, 8-Speed Automatic, 4WD, Velvet Red Pearlcoat, Global Black w/Nappa Leather Seats or Nappa Leather Seats (TL), 2nd-Row Manual Window Shades, Advanced Protech Group IV, Deluxe Headliner, Front Passenger Interactive Display, Heads-Up Display, Luxury Tech Group V, MOPAR Finishing Package, MOPAR Front Splash Guards, MOPAR Paint Protection Film, MOPAR Rear Splash Guards w/Jeep Logo, Navigation System, Night Vision/Pedestrian-Animal Detection, Palermo Leather Door Trim, Palermo Leather Seats, Power moonroof, Quick Order Package 27U Summit Reserve, Rearview Autodim Digital Display Mirror, Summit Reserve, Summit Reserve Badge, Two Tone Paint Group, Ventilated Rear Seats, Wheels: 21"" x 9"" Machined Face/Painted Aluminum, Wireless Charging Pad. CARFAX One-Owner. Certified.<br /><br />OVER 250 USED TRUCKS, CARS &amp; SUVS IN STOCK NOW! Check out the AWESOME DEALS on all of our vehicles! Your Vero Beach Destination for Affordable Used, Pre-Owned &amp; Certified Pre Owned Vehicles - All Makes &amp; models, Including Honda, Ford &amp; Toyota! Dyer Chevrolet Vero Beach | Experience the Dyer Difference! Dyerchevy.com.<br /><br /><br />The advertised price does not include sales tax, vehicle registration fees, finance charges, documentation charges, dealer fees, and any other fees required by law.","[PREMIUM]","[PREMIUM]",189.25,
"YV4L12PEXR1193091CTXECBP00120260806","2026-09-04 04:19:45.564","2026-09-04 04:19:45.564","[PREMIUM]","[PREMIUM]","A193091",2024,"Volvo","XC90","B5 Plus","Bright Theme","SUV","Blue","Black","4 Cyl","2.0 L","AWD","Automatic","Gasoline",51738,"[PREMIUM]","[PREMIUM]",38300,"GREAT","Used",,,20,26,23,true,true,true,true,"['{""ownerNumber"":1,""purchaseDate"":""12/20/23"",""endOwnershipDate"":""08/05/26"",""city"":""Needham Heights"",""state"":""MA""}']",6,24,1,"2026-08-06","ENHANCED","NEW",true,"[PREMIUM]","Miami","FL","33169","[PREMIUM]",4.7,309,"CTXECBP001","[PREMIUM]","[PREMIUM]","[PREMIUM]","[PREMIUM]","[PREMIUM]","TOPRATED","GOOD","AVERAGE","AVERAGE",310,"[PREMIUM]","[PREMIUM]",24,"['Navigation System','Keyless Entry','Fog Lights','Spoiler','Leather Seats','Heated Seats','Heated Steering Wheel','Power Liftgate','Alloy Wheels','20 Inch Wheels']",10,"['10 Speakers','2nd Row Split/Folding Seats','4-Wheel Disc Brakes','4-Wheel Independent Suspension','7-Passenger Seating','AM/FM','Adjustable Steering Wheel','Air Conditioning','Anti-Lock Brakes','Anti-Theft System','Apple Carplay','Armrest Storage','Auto Climate Control','Auto-Dimming Mirror','Automatic Headlights','Body Colored Bumpers','Braking Assist','Child Seat Anchors','Cruise Control','Delay-Off Headlights','Door Bin','Dual-Zone Climate Control','Emergency Communication System','Front Airbags (Driver)','Front Airbags (Passenger)','Front Anti-Roll Bar','Front Bucket Seats','Front Center Armrest','Front Knee Airbags (Driver)','Front Side Airbags (Driver)','Front Side Airbags (Passenger)','Head Restraint Whiplash Protection','Headlight Washers','Heated Mirrors','High-Beam Assist','Illuminated Entry','Integrated Garage Door Opener','Leather Shift Knob Trim','Overhead Airbag','Panic Button','Panorama Sunroof','Passenger Sensing Airbag','Power Mirrors','Power Seat (Dual)','Power Steering','Power Sun/Moonroof','Power Windows','Premium Sound System','Radio Data System','Rain-Sensing Wipers','Reading Lights','Rear Air Conditioning','Rear Anti-Roll Bar','Rear Bucket Seats','Rear Center Armrest','Rear Heated Seats','Rear Window Defroster','Rear Window Wiper','Rear-View Camera','Remote Keyless Entry','Satellite Radio','Seat Memory','Speed-Sensing Steering','Stability Control','Steering Wheel Controls','Tachometer','Thermometer','Third Row Seating','Tire Pressure Monitoring System','Traction Control','Trip Computer','Turn Signal Mirrors','Ultra Low Emissions Vehicle','Vanity Mirror/Light','Warranty','Wood Dash Trim','Wood Door Trim']",77,"Priced below KBB Fair Purchase Price! CARFAX One-Owner. PANORAMIC ROOF*, *LOCAL TRADE*, PREVIOUSLY LEASED AND MAINTAINED HERE*, *STILL UNDER FACTORY WARRANTY*, *CERTIFIED BY VOLVO 5YRS/UNLIMITED MILEAGE*, SERVICE RECORDS AVAILABLE.<br /><br /><br />Certification Program Details: Certified by Volvo • 12-month, unlimited mile warranty, upgradeable for an additional 5 years* • Comprehensive Inspection, covering more than 170+ points • Volvo Roadside Assistance–24/7/365 • Complimentary 1-year subscription to Volvo Cars app** • Complimentary CARFAX Vehicle History Report with Buyback Guarantee • Complimentary Sirius XM for 3 months. • Special financing offers from Volvo Cars Financial Services • Strict eligibility rules • Stringent inspection and reconditioning standards completed by Certified Volvo Technicians<br /><br />Serving the South Florida area, Volvo Cars North Miami, located at 20800 NW 2nd Ave in Miami, FL, is your premier retailer of new and used Volvo vehicles. Our dedicated sales staff and top-trained technicians are here to make your auto shopping experience fun, easy and financially advantageous. Please utilize our various online resources and allow our excellent network of people to put you in your ideal car, truck or SUV today!","[PREMIUM]","[PREMIUM]",196.45,
"1V2JR2CAXRC60024085BS5ZW9M120260819","2026-09-04 04:19:45.558","2026-09-04 04:19:45.558","[PREMIUM]","[PREMIUM]","19975",2024,"Volkswagen","Atlas","SE","w/Technology","SUV","White","Black","4 Cyl","2.0 L","FWD","Automatic","Gasoline",31236,"[PREMIUM]","[PREMIUM]",32560,"GREAT","Used",,,20,27,23,true,true,true,true,"['{""ownerNumber"":1,""purchaseDate"":""07/17/24"",""endOwnershipDate"":""08/18/26"",""city"":""Naples"",""state"":""FL""}']",5,31,0,"2026-08-19","ENHANCED","NEW",true,"[PREMIUM]","Naples","FL","34104","[PREMIUM]",4.7,2950,"85BS5ZW9M1","[PREMIUM]","[PREMIUM]","[PREMIUM]","[PREMIUM]","[PREMIUM]","TOPRATED",,,,,"[PREMIUM]","[PREMIUM]",31,"['Keyless Entry','Fog Lights','Spoiler','Heated Seats','Heated Steering Wheel','Power Liftgate','Alloy Wheels','20 Inch Wheels','Third Row Seating','Ventilated Seats']",10,"['2nd Row Split/Folding Seats','3rd Row Bench Seat','3rd Row Split/Folding Seats','4-Wheel Disc Brakes','4-Wheel Independent Suspension','6 Speakers','AM/FM','Adjustable Steering Wheel','Air Conditioning','Anti-Lock Brakes','Anti-Theft System','Auto Climate Control','Auto-Dimming Mirror','Automatic Headlights','Black Wheel Package','Body Colored Bumpers','Braking Assist','Compass','Cruise Control','Delay-Off Headlights','Door Bin','Dual-Zone Climate Control','Emergency Communication System','Floor Mats','Front Airbags (Driver)','Front Airbags (Passenger)','Front Anti-Roll Bar','Front Bench Seat','Front Bucket Seats','Front Center Armrest','Front Side Airbags (Driver)','Front Side Airbags (Passenger)','Heated Mirrors','Illuminated Entry','Leatherette Seats','Overhead Airbag','Overhead Console','Panic Button','Passenger Sensing Airbag','Perforated Seats','Power Mirrors','Power Panorama Sunroof','Power Seat (Dual)','Power Steering','Power Sun/Moonroof','Power Windows','Radio Data System','Rain-Sensing Wipers','Reading Lights','Rear Air Conditioning','Rear Anti-Roll Bar','Rear Center Armrest','Rear Window Defroster','Rear Window Wiper','Rear-View Camera','Remote Keyless Entry','Satellite Radio','Speed-Sensing Steering','Split/Folding Seats','Stability Control','Steering Wheel Controls','Sunroof Package','Tachometer','Telematics System','Thermometer','Tire Pressure Monitoring System','Touch-Screen Display','Traction Control','Trip Computer','Turn Signal Mirrors','Vanity Mirror/Light','Volkswagen Car-Net','Warranty']",73,"Meet the 2024 Volkswagen Atlas 2.0T SE w/Technology, a spacious three-row SUV designed for families who demand both comfort and capability. With 31,234 miles, this Volkswagen delivers excellent fuel efficiency at 20 city and 27 highway MPG, making it an intelligent choice for daily driving and weekend adventures alike.<br /><br />- Power Tilting &amp; Sliding Panoramic Sunroof<br />- Wheels: 20"" Multi-Spoke Black Painted Alloy<br />- Heated and Ventilated Front Bucket Seats<br />- SiriusXM Satellite Radio with 360L<br />- Automatic Temperature Control with Front Dual Zone<br />- Rear Air Conditioning<br />- Power Liftgate<br />- Steering Wheel Mounted Audio Controls<br />- Heated Steering Wheel<br />- Rear Parking Camera<br /><br />This Atlas arrives in pristine White with a well-maintained interior featuring perforated V-Tex leatherette seating and a modern MIB3 Composition Media touchscreen system. The 2.0L TSI engine paired with an 8-Speed Automatic with Tiptronic delivers smooth, responsive performance with front-wheel-drive capability for confident handling in various conditions.<br /><br />Volkswagen Certified Pre-Owned benefits include 100+ Point Dealer Inspection, 2 Years Roadside Assistance, CARFAX Vehicle History Report, $50 Warranty Deductible, and 3 Month SiriusXM Trial. Certified Pre-Owned Limited Warranty Coverage is an Additional 2-Years/24,000-Miles (whichever occurs first) Beginning at the Expiration of the 4 Years or 50,000 Miles (whichever occurs first) New Vehicle Limited Warranty, or from the CPO Sale Date of the New Vehicle Limited Warranty has Expired at the Time of Sale for MY20 and Newer CPO Vehicles Purchased on or After April 1, 2026 Only. The High-Voltage Battery Limited Warranty (EV models) is 8-Years/100,000 miles (whichever occurs first) starting at the original in-service date.<br /><br />This three-row Atlas is ready to serve your family with advanced safety features, convenient technology, and the reliability Volkswagen owners expect. Schedule your test drive today to experience this exceptional vehicle firsthand.<br /><br />Discover your dream vehicle at our dealership! Choose from a vast selection of reliable used and brand new cars at unbeatable prices. Enjoy personalized service and unbeatable deals. Let us deliver you the car and the experience today!","[PREMIUM]","[PREMIUM]",189.25,
"2T3A1RFV0RW457053R5U8FUT0K120260821","2026-09-04 04:19:45.553","2026-09-04 04:19:45.553","[PREMIUM]","[PREMIUM]","49457053",2024,"Toyota","RAV4","XLE","Premium","SUV","Black","Gray","4 Cyl","2.5 L","AWD","Automatic","Gasoline",16079,"[PREMIUM]","[PREMIUM]",35930,"GREAT","Used",,,25,33,28,true,true,true,true,"['{""ownerNumber"":1,""purchaseDate"":""05/21/24"",""endOwnershipDate"":""08/20/26"",""city"":""Sebring"",""state"":""FL""}']",4,37,1,"2026-08-21","ENHANCED","NEW",true,"[PREMIUM]","Lake Wales","FL","33859","[PREMIUM]",4.8,764,"R5U8FUT0K1","[PREMIUM]","[PREMIUM]","[PREMIUM]","[PREMIUM]","[PREMIUM]","TOPRATED",,,,,"[PREMIUM]","[PREMIUM]",37,"['Keyless Entry','Spoiler','Power Liftgate','19 Inch Wheels','Alloy Wheels','Heated Mirrors','Satellite Radio']",7,"['2nd Row Split/Folding Seats','4-Wheel Disc Brakes','4-Wheel Independent Suspension','6 Speakers','AM/FM','Adjustable Steering Wheel','Air Conditioning','Anti-Lock Brakes','Auto Climate Control','Automatic Headlights','Body Colored Bumpers','Braking Assist','Cruise Control','Delay-Off Headlights','Door Bin','Dual-Zone Climate Control','Emergency Communication System','Front Airbags (Driver)','Front Airbags (Passenger)','Front Anti-Roll Bar','Front Bucket Seats','Front Center Armrest','Front Knee Airbags (Driver)','Front Side Airbags (Driver)','Front Side Airbags (Passenger)','High-Beam Assist','Illuminated Entry','Intermittent Wipers','Leather Shift Knob Trim','Leather Steering Wheel','Leatherette Seats','Overhead Airbag','Overhead Console','Panic Button','Passenger Sensing Airbag','Power Mirrors','Power Seat (Dual)','Power Steering','Power Sun/Moonroof','Power Windows','Radio Data System','Reading Lights','Rear Anti-Roll Bar','Rear Center Armrest','Rear Window Defroster','Rear Window Wiper','Rear-View Camera','Remote Keyless Entry','Safety Connect','Speed-Sensing Steering','Stability Control','Steering Wheel Controls','Tachometer','Thermometer','Tire Pressure Monitoring System','Traction Control','Trip Computer','Turn Signal Mirrors','Vanity Mirror/Light']",59,"Recent Arrival! CARFAX One-Owner. 2024 Toyota RAV4 XLE Premium Midnight Black Metallic Odometer is 12969 miles below market average! 27/33 City/Highway MPG Priced below KBB Fair Purchase Price!<br />Equipped with 3 Spoke Leather Steering Wheel, 4-Wheel Disc Brakes, 6 Speakers, ABS brakes, Air Conditioning, Alloy wheels, AM/FM radio: SiriusXM, Auto High-beam Headlights, Automatic temperature control, Axle Ratio: 3.177, Brake assist, Bumpers: body-color, Delay-off headlights, Driver door bin, Driver vanity mirror, Dual front impact airbags, Dual front side impact airbags, Electronic Stability Control, Emergency communication system: Safety Connect (10-year trial), Exterior Parking Camera Rear, Four wheel independent suspension, Front anti-roll bar, Front Bucket Seats, Front Center Armrest, Front dual zone A/C, Front reading lights, Fully automatic headlights, Heated door mirrors, Illuminated entry, Knee airbag, Leather Shift Knob, Leather steering wheel, Low tire pressure warning, Occupant sensing airbag, Outside temperature display, Overhead airbag, Overhead console, Panic alarm, Passenger door bin, Passenger vanity mirror, Power door mirrors, Power driver seat, Power Liftgate, Power moonroof, Power steering, Power windows, Radio data system, Radio: AM/FM/XM Audio System, Rear anti-roll bar, Rear seat center armrest, Rear window defroster, Rear window wiper, Remote keyless entry, SofTex Seat Trim, Speed control, Speed-sensing steering, Split folding rear seat, Spoiler, Steering wheel mounted audio controls, Tachometer, Telescoping steering wheel, Tilt steering wheel, Traction control, Trip computer, Turn signal indicator mirrors, Variably intermittent wipers, and Wheels: 19"" 5-Spoke Silver Alloy.","[PREMIUM]","[PREMIUM]",191.45,
"5TDKDRAH9RS540558ZGAYH0WRK120260630","2026-09-04 04:19:45.550","2026-09-04 04:19:45.550","[PREMIUM]","[PREMIUM]","GG4795A",2024,"Toyota","Highlander","Unspecified",,"SUV","White",,"4 Cyl","2.4 L","FWD","Automatic","Gasoline",32782,"[PREMIUM]","[PREMIUM]",38040,"GREAT","Used",,,21,28,24,true,true,true,true,"['{""ownerNumber"":1,""purchaseDate"":""05/17/24"",""endOwnershipDate"":""06/30/26"",""city"":""Sebring"",""state"":""FL""}']",11,34,2,"2026-06-30","ENHANCED","NEW",true,"[PREMIUM]","Avon Park","FL","33825","[PREMIUM]",4.8,679,"ZGAYH0WRK1","[PREMIUM]","[PREMIUM]","[PREMIUM]","[PREMIUM]","[PREMIUM]","TOPRATED","GOOD","LOW","AVERAGE",230,"[PREMIUM]","[PREMIUM]",34,"['Fog Lights','Power Liftgate','Blind Spot Monitor','Led Lights','Third Row Seating','Lane Departure Warning','Heated Mirrors','Satellite Radio','Rear Air Conditioning','Cross Traffic Alert']",10,"['4-Wheel Disc Brakes','AM/FM','Adaptive Cruise Control','Adjustable Steering Wheel','Air Conditioning','Anti-Lock Brakes','Anti-Theft System','Automatic Headlights','Aux Audio Adapter','Braking Assist','Child Safety Locks','Collision Warning System','Compact Spare Tire','Daytime Running Lights','Engine Immobilizer','Front Airbags (Driver)','Front Airbags (Passenger)','Front Head Airbag','Front Knee Airbags (Driver)','Front Side Airbags (Driver)','HD Radio','High Performance Tires','Integrated Garage Door Opener','Intermittent Wipers','Lane Keeping System','Leather Steering Wheel','Multi-Zone Climate Control','Passenger Sensing Airbag','Power Mirrors','Power Seat (Dual)','Power Steering','Privacy Glass','Rear Head Airbags','Rear Spoiler','Rear Window Defroster','Rear-View Camera','Stability Control','Steering Wheel Controls','Telematics System','Tire Pressure Monitoring System','Turn Signal Mirrors','Vanity Mirror/Light']",42,,"[PREMIUM]","[PREMIUM]",188.25,
"5XYP34GC8RG476761LDFWH377LA20260828","2026-09-04 04:19:45.550","2026-09-04 04:19:45.550","[PREMIUM]","[PREMIUM]","HV130053A",2024,"Kia","Telluride","EX",,"SUV","White","Blue","6 Cyl","3.8 L","FWD","Automatic","Gasoline",42925,"[PREMIUM]","[PREMIUM]",33420,"GREAT","Used",,,20,26,22,true,true,true,true,"['{""ownerNumber"":1,""purchaseDate"":""02/29/24"",""endOwnershipDate"":""08/28/26"",""city"":""Venice"",""state"":""FL""}']",12,25,0,"2026-08-28","ENHANCED","NEW",true,"[PREMIUM]","Venice","FL","34292","[PREMIUM]",4.6,1274,"LDFWH377LA","[PREMIUM]","[PREMIUM]","[PREMIUM]","[PREMIUM]","[PREMIUM]","TOPRATED","GOOD","AVERAGE","AVERAGE",290,"[PREMIUM]","[PREMIUM]",25,"['Remote Start','Navigation System','Keyless Entry','Trailer Hitch','Spoiler','Leather Seats','Heated Seats','Roof Rails','Power Liftgate','Alloy Wheels']",10,"['20 Inch Wheels','2nd Row Split/Folding Seats','3rd Row Bench Seat','3rd Row Split/Folding Seats','4-Wheel Disc Brakes','4-Wheel Independent Suspension','6 Speakers','AM/FM','Adaptive Cruise Control','Adjustable 3rd Row Seats','Adjustable Steering Wheel','Air Conditioning','Android Auto','Anti-Lock Brakes','Anti-Theft System','Apple Carplay','Auto Climate Control','Auto-Dimming Mirror','Automatic Headlights','Body Colored Bumpers','Braking Assist','Compass','Delay-Off Headlights','Door Bin','Dual-Zone Climate Control','Emergency Communication System','Floor Mats','Front Airbags (Driver)','Front Airbags (Passenger)','Front Anti-Roll Bar','Front Bench Seat','Front Bucket Seats','Front Center Armrest','Front Knee Airbags (Driver)','Front Side Airbags (Driver)','Front Side Airbags (Passenger)','Heated Mirrors','High-Beam Assist','Illuminated Entry','Intermittent Wipers','Leather Shift Knob Trim','Leather Steering Wheel','Leather Trimmed Seats','Overhead Airbag','Overhead Console','Panic Button','Passenger Sensing Airbag','Power Mirrors','Power Seat (Dual)','Power Steering','Power Sun/Moonroof','Power Windows','Radio Data System','Reading Lights','Rear Air Conditioning','Rear Anti-Roll Bar','Rear Audio Controls','Rear Center Armrest','Rear Side Airbags','Rear Window Defroster','Rear Window Wiper','Rear-View Camera','Remote Keyless Entry','Satellite Radio','Smart Key','Speed-Sensing Steering','Split/Folding Seats','Stability Control','Steering Wheel Controls','Stop and Go Assist','Tachometer','Thermometer','Third Row Seating','Tire Pressure Monitoring System','Traction Control','Trip Computer','Turn Signal Mirrors','Vanity Mirror/Light','Ventilated Seats','Wireless Phone Charger']",80,"PRE-LABOR DAY SALE STARTS NOW! Why wait for Labor Day? The savings start now at Hyundai of Venice! Our HOV Value Price includes our standard dealer-required fees, so the price you see is the price you can count on—no surprises when you arrive. Shop early for the best selection and take advantage of our Pre-Labor Day deals today! Recent Arrival!<br /><br />Glacial White Pearl 2024 Kia Telluride EX Homegrown: sold and serviced locally, Android Auto and Apple CarPlay, Smart Cruise Control w/Stop &amp; Go, Heated &amp; Ventilated Front Seats, Wireless Phone Charger, Active Cruise Control, AM/FM radio: SiriusXM, Apple CarPlay &amp; Android Auto, Auto High-beam Headlights, Auto-dimming Rear-View mirror, Automatic temperature control, Compass, Dual front impact airbags, Dual front side impact airbags, Exterior Parking Camera Rear, Front dual zone A/C, Fully automatic headlights, Heated &amp; Ventilated Front Bucket Seats, Knee airbag, Navigation System, Occupant sensing airbag, Outside temperature display, Overhead airbag, Power driver seat, Power Liftgate, Power moonroof, Power passenger seat, Reclining 3rd row seat, Telescoping steering wheel, Tilt steering wheel, Tow Hitch w/Harness, Wheels: 20"" x 7.5"" Black Finish. CARFAX One-Owner. Clean CARFAX.<br /><br /><br />O Pricing &amp; Disclosure Information: The advertised price for each vehicle is the total price, which includes all dealer fees. The only charges excluded from the advertised price are state and local taxes, tag, title, and registration fees. Pricing may include manufacturer rebates available to all buyers. Conditional incentive programs (such as College Graduate, Military, First Responder, Loyalty, or trade-in incentives) are not included in the advertised price but may represent additional savings for qualified buyers. See dealer for eligibility details. While we strive for accuracy in all pricing and vehicle information, please verify details with the dealership prior to purchase. All vehicles are subject to prior sale. Images shown may not represent the actual vehicle, options, colors, trim, and body style may vary. CPO and used vehicles may be subject to unrepaired manufacturer recalls. Please contact the manufacturer or visit the applicable brand website for current recall information.","[PREMIUM]","[PREMIUM]",194.25,
"1GNEREKS2RJ141223FEPWWDR00120260715","2026-09-04 04:19:45.547","2026-09-04 04:19:45.547","[PREMIUM]","[PREMIUM]","RJ141223",2024,"Chevrolet","Traverse","LS","LS1","SUV","White","Black","4 Cyl","2.5 L","FWD","Automatic","Gasoline",20344,"[PREMIUM]","[PREMIUM]",34280,"GREAT","Used",,,20,27,23,true,true,true,true,"['{""ownerNumber"":1,""purchaseDate"":""06/26/24"",""endOwnershipDate"":""07/15/26"",""city"":""Lakeland"",""state"":""FL""}']",13,37,0,"2026-07-15","ENHANCED","NEW",true,"[PREMIUM]","Plant City","FL","33563","[PREMIUM]",4.5,691,"FEPWWDR001","[PREMIUM]","[PREMIUM]","[PREMIUM]","[PREMIUM]","[PREMIUM]","TOPRATED",,,,,"[PREMIUM]","[PREMIUM]",37,"['Preferred Equipment Package','Navigation System','Keyless Entry','Spoiler','Heated Seats','Heated Steering Wheel','Power Liftgate','18 Inch Wheels','Alloy Wheels','Third Row Seating']",10,"['2nd Row Split/Folding Seats','3rd Row Bench Seat','3rd Row Split/Folding Seats','4-Wheel Disc Brakes','4-Wheel Independent Suspension','6 Speakers','AM/FM','Adjustable Seats','Adjustable Steering Wheel','Air Conditioning','Android Auto','Anti-Lock Brakes','Anti-Theft System','Apple Carplay','Auto Climate Control','Automatic Headlights','Body Colored Bumpers','Braking Assist','Cloth Seats','Cloth Upholstery','Compass','Cruise Control','Delay-Off Headlights','Door Bin','Dual-Zone Climate Control','Emergency Communication System','Front Airbags (Driver)','Front Airbags (Passenger)','Front Anti-Roll Bar','Front Bucket Seats','Front Center Armrest','Front Side Airbags (Driver)','Front Side Airbags (Passenger)','Heated Mirrors','High-Beam Assist','Illuminated Entry','Intermittent Wipers','Overhead Airbag','Overhead Console','Panic Button','Passenger Sensing Airbag','Power Mirrors','Power Steering','Power Windows','Radio Data System','Reading Lights','Rear Air Conditioning','Rear Anti-Roll Bar','Rear Window Defroster','Rear Window Wiper','Rear-View Camera','Remote Keyless Entry','Satellite Radio','Speed-Sensing Steering','Stability Control','Steering Wheel Controls','Tachometer','Thermometer','Tire Pressure Monitoring System','Traction Control','Trip Computer','Turn Signal Mirrors','Vanity Mirror/Light']",63,"Summit White 2024 Chevrolet Traverse LS<br /><br />FWD 20/27 City/Highway MPG 8-Speed Automatic 2.5L DOHC CARFAX One-Owner.<br /><br /><br />Odometer is 18456 miles below market average! 20/27 City/Highway MPG","[PREMIUM]","[PREMIUM]",194.25,
"5XYRHDJF9RG262701QXHRBL0BVA20260617","2026-09-04 04:19:45.542","2026-09-04 04:19:45.542","[PREMIUM]","[PREMIUM]","TDRG262701",2024,"Kia","Sorento","X-Line EX",,"SUV","Silver","Black","4 Cyl","2.5 L","AWD","Automatic","Gasoline",13024,"[PREMIUM]","[PREMIUM]",33480,"GREAT","Used",,,20,27,23,true,true,true,true,"['{""ownerNumber"":1,""purchaseDate"":""04/18/24"",""endOwnershipDate"":""06/17/26"",""city"":""Miami"",""state"":""FL""}']",5,29,2,"2026-06-17","ENHANCED","NEW",true,"[PREMIUM]","Doral","FL","33172","[PREMIUM]",4.5,338,"QXHRBL0BVA","[PREMIUM]","[PREMIUM]","[PREMIUM]","[PREMIUM]","[PREMIUM]","TOPRATED",,,,,"[PREMIUM]","[PREMIUM]",29,"['Remote Start','Navigation System','Keyless Entry','Fog Lights','Heated Seats','Bucket Seats','Power Liftgate','Blind Spot Monitor','Alloy Wheels','Third Row Seating']",10,"['4-Wheel Disc Brakes','AM/FM','Adaptive Cruise Control','Adjustable Steering Wheel','Air Conditioning','Anti-Lock Brakes','Anti-Theft System','Apple Carplay','Auto-Dimming Mirror','Automatic Headlights','Aux Audio Adapter','Braking Assist','Child Safety Locks','Compact Spare Tire','Cross Traffic Alert','Daytime Running Lights','Driver Adjustable Lumbar','Engine Immobilizer','Floor Mats','Front Airbags (Driver)','Front Airbags (Passenger)','Front Head Airbag','Front Side Airbags (Driver)','Handsfree Power Liftgate','Handsfree/Bluetooth Integration','Heated Mirrors','High Performance Tires','Intermittent Wipers','Keyless Ignition','Lane Departure Warning','Lane Keeping System','Leather Steering Wheel','MP3','Multi-Zone Climate Control','Pass-Through Rear Seat','Power Locks','Power Mirrors','Power Seat (Dual)','Power Steering','Power Windows','Privacy Glass','Rear Bucket Seats','Rear Head Airbags','Rear Parking Sensors','Rear Side Airbags','Rear Spoiler','Rear Window Defroster','Rear-View Camera','Remote Trunk Release','Satellite Radio','Smart Device Integration','Stability Control','Steering Wheel Controls','Super Ultra Low Emissions Vehicle','Telematics System','Tire Pressure Monitoring System','Traction Control','Trip Computer','Turn Signal Mirrors','Vanity Mirror/Light','Wi-Fi Hotspot','Wood Trimmed Interior']",62,"ALL INVENTORY IS ON MIAMI NOT TAMPA. BUY WITH CONFIDENCE! WE LOVE TRADES! HASSLE FREE FINANCE PLANS FOR EVERYONE! PLEASE CALL TO ENSURE AVAILABILITY AS OUR INVENTORY CHANGES BY THE HOUR. AFFORDABLE FINANCE PLANS! EASY FINANCE OPTIONS! ALL INVENTORY IS READY FOR INSTANT DELIVERY! Odometer is 19811 miles below market average! NO ACCIDENTS OR ISSUES, COMPLETE 182 POINT MANUFACTURERS INSPECTION, FULL SERVICE PERFORMED, LOW MILES, NAVIGATION SYSTEM, BACK UP CAMERA, LOW PRICE AND A GREAT VALUE, AWD. Priced below KBB Fair Purchase Price! 20/27 City/Highway MPG Everlasting Silver 2024 Kia Sorento X-Line EX 2.5L I4 DGI Turbocharged DOHC 16V LEV3-SULEV30 281hp<br /><br /><br />ALL INVENTORY IS ON MIAMI NOT TAMPA. BUY WITH CONFIDENCE! WE LOVE TRADES! HASSLE FREE FINANCE PLANS FOR EVERYONE! PLEASE CALL TO ENSURE AVAILABILITY AS OUR INVENTORY CHANGES BY THE HOUR. AFFORDABLE FINANCE PLANS! EASY FINANCE OPTIONS! ALL INVENTORY IS READY FOR INSTANT DELIVERY! WE OFFER THE LOWEST RATE FINANCING AVAILABLE FOR APPROVED CREDIT AND FOR CHALLENGED CREDIT. Not all consumers will qualify. This is an estimated interest rate. Manufacturers incentives may apply. See dealer for details. Personal checks and credit cards are accepted however have dollar amount limits. We do not sell to dealers or wholesalers. Most vehicles will only come with one key and will probably not have floor mats. Price does not include tax, title, or license. Prices include $1,199 dealer doc fee and $439 Electronic Filing Fee. Online prices are applicable only to Florida Residents. Optional equipment and accessories available, see dealer for details. All offers are mutually exclusive. See dealer for details. While every reasonable effort is made to ensure the accuracy of this information, we are not responsible for any pricing errors or pricing and information omissions contained on these pages. All vehicles subject to prior sale. Please call or email dealer for complete details, to verify availability and to verify all online information. We do not hold vehicles or accept deposits. All transactions are subject to final dealer acceptance.","[PREMIUM]","[PREMIUM]",193.25,
"1FMDE7BH2RLA8825013VQXCL00120260820","2026-09-04 04:19:45.541","2026-09-04 04:19:45.541","[PREMIUM]","[PREMIUM]","TEE93367B",2024,"Ford","Bronco","Big Bend",,"SUV","Silver","Gray","4 Cyl","2.3 L","4WD","Automatic","Gasoline",26910,"[PREMIUM]","[PREMIUM]",40490,"GREAT","Used",,,20,21,20,,true,true,true,"['{""ownerNumber"":1,""purchaseDate"":""01/05/25"",""endOwnershipDate"":""08/17/26"",""city"":""Fellsmere"",""state"":""FL""}']",10,28,0,"2026-08-20","ENHANCED","NEW",true,"[PREMIUM]","Palm Bay","FL","32907","[PREMIUM]",4.6,2302,"13VQXCL001","[PREMIUM]","[PREMIUM]","[PREMIUM]","[PREMIUM]","[PREMIUM]","TOPRATED",,,,,"[PREMIUM]","[PREMIUM]",28,"['Preferred Equipment Package','Navigation System','Ecoboost','Keyless Entry','Fog Lights','Heated Seats','Bucket Seats','Ambient Lighting','Blind Spot Monitor','Alloy Wheels']",10,"['12V Power Outlet','17 Inch Wheels','2nd Row Split/Folding Seats','4-Wheel Disc Brakes','7 Speakers','AM/FM','Adjustable Steering Wheel','Air Conditioning','Anti-Lock Brakes','Anti-Theft System','Auto Climate Control','Auto-Dimming Mirror','Automatic Headlights','Braking Assist','Center Console','Collision Warning System','Compass','Cruise Control','Delay-Off Headlights','Door Bin','Door Pockets','Dual-Zone Climate Control','Emergency Communication System','Front Airbags (Driver)','Front Airbags (Passenger)','Front Anti-Roll Bar','Front Bucket Seats','Front Center Armrest','Front Side Airbags (Driver)','Front Side Airbags (Passenger)','Heated Mirrors','High-Beam Assist','Illuminated Entry','Independent Suspension','Intermittent Wipers','LED Lights','Lane Departure Warning','Lane Keeping System','Leather Shift Knob Trim','Mid Package','Overhead Airbag','Overhead Console','Panic Button','Passenger Sensing Airbag','Power Mirrors','Power Steering','Power Windows','Premium Sound System','Premium Wheels','Radio Data System','Reading Lights','Rear Parking Sensors','Rear-View Camera','Remote Keyless Entry','Rollover Protection Bars','Satellite Radio','Smart Charging USB Adapter','Stability Control','Steering Wheel Controls','Sync 4','Tachometer','Thermometer','Tire Pressure Monitoring System','Traction Control','Trip Computer','Vanity Mirror/Light','Vinyl Interior','Vinyl Seats','Warranty']",69,"CARFAX One-Owner.<br />2024 Ford Bronco Iconic Silver Metallic<br />2.3L EcoBoost I-4 10-Speed Automatic 4WD Big Bend<br /><br />Certified. ** LIFETIME POWERTRAIN WARRANTY **, **CERTIFIED, **LIKE NEW CONDITION, **PREMIUM WHEELS, **PREMIUM AUDIO SYSTEM w/CD, **FULLY SERVICED BY A FACTORY TRAINED TECHNICIAN, **REMAINDER OF THE FACTORY WARRANTY, Bronco Big Bend, 4D Sport Utility, 2.3L EcoBoost I-4, 10-Speed Automatic, 4WD, Iconic Silver Metallic, Dark Gray W/Black Onyx Vinyl, 2-Door Intelligent Access w/Lock/Unlock, Ambient Footwell Lighting, Auto-Dimming Interior Rear-View Mirror, Connected Navigation, Dr &amp; Pass Illuminated Sliding Visor Vanity Mirrors, Dual Smart Charging USB Ports, Dual-Zone Electronic Automatic Temperature Control, Equipment Group 222A Mid Package, Front Row Heated Seats, Power Outlet - Back Side of Center Floor Console, Rear Parking Sensors.<br />This vehicle includes the following Features: Equipment Group 222A Mid Package (2-Door Intelligent Access w/Lock/Unlock, Ambient Footwell Lighting, Auto-Dimming Interior Rear-View Mirror, Connected Navigation, Dr &amp; Pass Illuminated Sliding Visor Vanity Mirrors, Dual Smart Charging USB Ports, Dual-Zone Electronic Automatic Temperature Control, Front Row Heated Seats, Power Outlet - Back Side of Center Floor Console, and Rear Parking Sensors), Bronco Big Bend, Ford Gold Certified Certified, 4D Sport Utility, 2.3L EcoBoost I-4, 10-Speed Automatic, 4WD, Iconic Silver Metallic, Dark Gray W/Black Onyx Vinyl, 4-Wheel Disc Brakes, 4.46 Axle Ratio, 7 Speakers, ABS brakes, Air Conditioning, Alloy wheels, AM/FM radio: SiriusXM with 360L, AM/FM Stereo, Auto High-Beam Headlamps, Auto High-beam Headlights, Auxiliary Switches, BLIS Blind Spot Information System, Brake assist, Compass, Delay-off headlights, Door Storage Bags, Driver door bin, Driver vanity mirror, Dual front impact airbags, Dual front side impact airbags, Electronic Stability Control, Emergency communication system: 911 Assist, Exterior Parking Camera Rear, Ford Performance Heavy-Duty Modular Front Bumper, Front anti-roll bar, Front Bucket Seats, Front Center Armrest, Front fog lights, Front reading lights, Front wheel independent suspension, Fully automatic headlights, Heated door mirrors, Illuminated entry, Integrated roll-over protection, Lane-Keeping System, Leather Shift Knob, LED Signature Lighting, Low tire pressure warning, Marine Grade Vinyl Bucket Seats, Occupant sensing airbag, Outside temperature display, Overhead airbag, Overhead console, Panic alarm, Passenger door bin, Passenger vanity mirror, Power door mirrors, Power steering, Power windows, Pre-Collision Assist w/Automatic Emergency Braking, Radio data system, Rear-View Camera, Remote keyless entry, Security system, SiriusXM Radio w/360L, Speed control, Split folding rear seat, Steering wheel mounted audio controls, SYNC 4, Tachometer, Telescoping steering wheel, Tilt steering wheel, Traction control, Trip computer, Variably intermittent wipers, and Wheels: 17"" Carbonized Gray-Painted Aluminum.<br /><br />Ford Gold Certified Details:<br /><br /> * Warranty Deductible: $100<br /> * 172 Point Inspection<br /> * Transferable Warranty<br /> * Vehicle History<br /> * Limited Warranty: 12 Month/12,000 Mile (whichever comes first) after new car warranty expires or from certified purchase date<br /> * And 22,000 FordPass Rewards Points to use toward first two maintenance visits. Only Ford Models, Such as the F150 Truck, F250 Truck and Explorer SUV, Can Become Gold Certified<br /> * Roadside Assistance<br /> * Powertrain Limited Warranty: 84 Month/100,000 Mile (whichever comes first) from original in-service date<br /><br /><br />We offer Market Based Pricing, so please call to check on the availability of this vehicle. WE'LL BUY YOUR VEHICLE, EVEN IF YOU DON'T BUY OURS! #1 FORD DEALER IN THE AREA. LOCALLY OWNED AND OPERATED. ""NOBODY BEATS A PALM BAY FORD DEAL, NOBODY!!” We have a wide range of pre-owned vehicles that come with features such as, Preferred Equipment Pkg, Navigation, S","[PREMIUM]","[PREMIUM]",189,
"1GYKPMRK6RZ130562WMA6I678N120260901","2026-09-04 04:19:45.540","2026-09-04 04:19:45.540","[PREMIUM]","[PREMIUM]","3130562",2024,"Cadillac","Lyriq","Tech",,"SUV","Blue","Black","Electric","Unspecified","RWD","Automatic","Electric",31187,"[PREMIUM]","[PREMIUM]",34030,"GREAT","Used",,,95,82,88,true,true,true,true,"['{""ownerNumber"":1,""purchaseDate"":""06/12/24"",""endOwnershipDate"":""06/30/26"",""city"":""Sanford"",""state"":""FL""}']",4,6,0,"2026-09-01","ENHANCED","NEW",true,"[PREMIUM]","Belle Glade","FL","33430","[PREMIUM]",3.9,32,"WMA6I678N1","[PREMIUM]","[PREMIUM]","[PREMIUM]","[PREMIUM]","[PREMIUM]","TOPRATED",,,,,"[PREMIUM]","[PREMIUM]",6,"['1SA Package','Preferred Equipment Package','Navigation System','Keyless Entry','Heated Seats','Bucket Seats','Power Liftgate','Blind Spot Monitor','Alloy Wheels','20 Inch Wheels']",10,"['102 kWh battery','4-Wheel Disc Brakes','5-Passenger Seating','Adjustable Steering Wheel','Air Conditioning','All-Season Tires','Aluminum Interior Accents','Anti-Theft System','Automatic Headlights','Aux Audio Adapter','Braking Assist','Collision Warning System','Cross Traffic Alert','Cruise Control','Driver Adjustable Lumbar','Floor Mats','Following Distance Indicator','Front Airbags (Driver)','Front Airbags (Passenger)','Front Bucket Seats','Front Head Airbag','Front Side Airbags (Driver)','Handsfree/Bluetooth Integration','Heated Mirrors','High Performance Tires','High-Beam Assist','Integrated Garage Door Opener','Keyless Ignition','Lane Departure Warning','Lane Keeping System','Memory Mirrors','Multi-Zone Climate Control','Panorama Sunroof','Pass-Through Rear Seat','Passenger Adjustable Lumbar','Power Folding Mirrors','Power Locks','Power Mirrors','Power Seat (Dual)','Power Windows','Rear Bench Seat','Rear Head Airbags','Rear Headrests','Rear Parking Sensors','Rear-View Camera','Remote Trunk Release','Satellite Radio','Seat Memory','Smart Device Integration','Stability Control','Telematics System','Traction Control','Turn Signal Mirrors','Vanity Mirror/Light','Vinyl Seats','Wi-Fi Hotspot']",56,,"[PREMIUM]","[PREMIUM]",194.25,
"5FNYG2H75RB002739TXGTDFETKU20260724","2026-09-04 04:19:45.540","2026-09-04 04:19:45.540","[PREMIUM]","[PREMIUM]","KG67716A",2024,"Honda","Pilot","Touring",,"SUV","White","Brown","6 Cyl","3.5 L","FWD","Automatic","Gasoline",21203,"[PREMIUM]","[PREMIUM]",40580,"GREAT","Used",,,19,27,22,true,true,true,true,"['{""ownerNumber"":1,""purchaseDate"":""10/06/23"",""endOwnershipDate"":""07/24/26"",""city"":""Jupiter"",""state"":""FL""}']",4,23,1,"2026-07-24","ENHANCED","NEW",true,"[PREMIUM]","Stuart","FL","34994","[PREMIUM]",4.3,82,"TXGTDFETKU","[PREMIUM]","[PREMIUM]","[PREMIUM]","[PREMIUM]","[PREMIUM]","ADVANTAGE","GREAT","LOW","LOW",230,"[PREMIUM]","[PREMIUM]",23,"['Navigation System','Keyless Entry','Fog Lights','Spoiler','Leather Seats','Heated Seats','Power Liftgate','Blind Spot Monitor','Alloy Wheels','20 Inch Wheels']",10,"['12 Speakers','2nd Row Split/Folding Seats','3rd Row Bench Seat','3rd Row Split/Folding Seats','4-Wheel Disc Brakes','4-Wheel Independent Suspension','AM/FM','Adaptive Cruise Control','Adjustable 3rd Row Seats','Adjustable Steering Wheel','Air Conditioning','Android Auto','Anti-Lock Brakes','Anti-Theft System','Apple Carplay','Auto Climate Control','Auto-Dimming Mirror','Automatic Headlights','Body Colored Bumpers','Bose Sound System','Braking Assist','Compass','Delay-Off Headlights','Door Bin','Dual-Zone Climate Control','Emergency Communication System','Front Airbags (Driver)','Front Airbags (Passenger)','Front Anti-Roll Bar','Front Bench Seat','Front Bucket Seats','Front Center Armrest','Front Knee Airbags (Driver)','Front Side Airbags (Driver)','Front Side Airbags (Passenger)','Heated Mirrors','High-Beam Assist','HondaLink','Illuminated Entry','Integrated Garage Door Opener','Intermittent Wipers','Lane Departure Warning','Lane Keeping System','Leather Trimmed Interior','Leather Trimmed Seats','Overhead Airbag','Overhead Console','Panic Button','Passenger Sensing Airbag','Power Mirrors','Power Seat (Dual)','Power Steering','Power Sun/Moonroof','Power Windows','Radio Data System','Reading Lights','Rear Air Conditioning','Rear Anti-Roll Bar','Rear Center Armrest','Rear Window Defroster','Rear Window Wiper','Rear-View Camera','Remote Keyless Entry','Satellite Radio','Seat Memory','Speed-Sensing Steering','Split/Folding Seats','Stability Control','Steering Wheel Controls','Tachometer','Telematics System','Thermometer','Third Row Seating','Tire Pressure Monitoring System','Traction Control','Trip Computer','Turn Signal Mirrors','Vanity Mirror/Light']",78,"CARFAX 1 OWNER, LOCAL TRADE. White 2024 Honda Pilot Touring FWD 10-Speed Automatic 3.5L V6 DOHC 24V<br /><br />Odometer is 12573 miles below market average! 19/27 City/Highway MPG<br /><br /><br />IF YOU'RE NOT BUYING FROM WALLACE YOU ARE PAYING TOO MUCH !!","[PREMIUM]","[PREMIUM]",191.45,
"5J8TC2H67RL0403076CJD8K900120260730","2026-09-04 04:19:45.534","2026-09-04 04:19:45.534","[PREMIUM]","[PREMIUM]","TRL040307",2024,"Acura","RDX","A-Spec",,"SUV","Black","Black","4 Cyl","2.0 L","AWD","Automatic","Gasoline",15547,"[PREMIUM]","[PREMIUM]",40420,"GREAT","Used",,,21,26,23,true,true,true,true,"['{""ownerNumber"":1,""purchaseDate"":""09/25/24"",""endOwnershipDate"":""07/30/26"",""city"":""Fort Lauderdale"",""state"":""FL""}']",8,29,1,"2026-07-30","ENHANCED","NEW",true,"[PREMIUM]","Plantation","FL","33317","[PREMIUM]",4.7,1085,"6CJD8K9001","[PREMIUM]","[PREMIUM]","[PREMIUM]","[PREMIUM]","[PREMIUM]","TOPRATED","GREAT","AVERAGE","LOW",520,"[PREMIUM]","[PREMIUM]",29,"['A-Spec Package','Navigation System','Keyless Entry','Leather Seats','Heated Seats','Power Liftgate','Blind Spot Monitor','20 Inch Wheels','Ventilated Seats','Lane Departure Warning']",10,"['12V Power Outlet','3-Point Seat Belts','AM/FM','AcuraLink','Adaptive Cruise Control','Adjustable Lumbar Support','Adjustable Seats','Adjustable Steering Wheel','Air Conditioning','Aluminum Dash Trim','Auto Climate Control','Auto-Dimming Mirror','Braking Assist','Cargo Area Concealed Storage','Cargo Area Light','Child Safety Locks','Collision Warning System','Compass','Cup Holder','Delayed Accessory Power','Door Bin','Driver Foot Rest','Dual-Stage Front Airbags','Fade-To-Off Interior Lighting','Floor Mats','Front Knee Airbags (Driver)','Front Knee Airbags (Passenger)','Front Parking Sensors','Front Side Airbags','Handsfree/Bluetooth Integration','Illuminated Entry','Illuminated Glove Box','Integrated Garage Door Opener','Lane Keeping System','Leather Steering Wheel','Leatherette Door Trim','Locking Glove Box','Memory Mirrors','Metal-Look Dash Trim','Multi-Zone Climate Control','Overhead Console','Passenger Sensing Airbag','Power Seat (Dual)','Power Sun/Moonroof','Premium Sound System','Rain-Sensing Wipers','Reading Lights','Rear Bench Seat','Rear Parking Sensors','Rear-View Camera','Remote Fuel Door Release','Remote Keyless Entry','Satellite Radio','Seat Belt Pretensioners','Seat Memory','Side Curtain Airbags','Side Impact Door Beam','Split/Folding Seats','Sport Seats','Sport Steering Wheel','Steering Wheel Controls','Telematics System','Valet Function','Vanity Mirror/Light','Vehicle Tracking System','Warranty']",66,"CARFAX One-Owner. Clean CARFAX. 10 Year or 100,000 Mile Powertrain Warranty, Leather Seating, Local Trade, Power Moonroof, Reverse Sensing, RainSensing Wipers, Bluetooth, AWD, Not a Rental, Non - Smoker, Acura Certified, Great Value, Low Miles, Clean Car, AWD, Active Cruise Control, Exterior Parking Camera Rear, Heated &amp; Ventilated Front Sport Seats, Illuminated entry, Lane departure: Lane Keeping Assist System (LKAS) active, Navigation system: Acura Navigation System with 3D View, Power driver seat, Power Liftgate, Power moonroof, Radio: ELS Studio 3D Premium Audio System, Remote keyless entry, Wheels: 20'' x 8.0J Shark Gray Split 5-Spoke. Certified. Black 2024 Acura RDX A-Spec Package SH-AWD AWD 10-Speed Automatic 2.0L 16V DOHC Precision Certified Details:<br /><br /> * Powertrain Limited Warranty: 84 Month/100,000 Mile (whichever comes first) from original in-service date<br /> * Roadside Assistance<br /> * 1st Scheduled Maintenance is Free, Complimentary 3-month AcuraLink trial, Complimentary 3-month SiriusXM Radio Service. Includes Trip Interruption, Rental Vehicle Reimbursement and Concierge Service<br /> * Vehicle History<br /> * Warranty Deductible: $0<br /> * Limited Warranty: 24 Month/100,000 Mile (whichever comes first) after new car warranty expires or from certified purchase date<br /> * Transferable Warranty<br /> * 182 Point Inspection<br /><br /><br />Odometer is 1226 miles below market average! 21/26 City/Highway MPG<br /><br /><br />Rick Case Acura proudly serves Fort Lauderdale, Weston, Davie, Pembroke Pines, Southwest Ranches, Miami, Miami Lakes, Miami Gardens, Key West, Islamorada, Marathon, Cutler Ridge, Miami Beach, Hialeah, Miami Shores, Aventura, South Beach, Lauderdale by the Sea, Lauderdale, Lauderhill, Margate, Tamarac, Sunrise, Coconut Creek, Deerfield Beach, Coral Springs, Cooper City, Boca Raton, West Boca, Delray Beach, Boynton Beach, Wellington, Lake Worth, Palm Beach, West Palm Beach, Greenacres, Royal Palm Beach, Pga Gardens, Jupiter, Stuart, Port Saint","[PREMIUM]","[PREMIUM]",186.45,
"1C4PJXCG6RW160617R5U8FUT0K120260827","2026-09-04 04:19:45.531","2026-09-04 04:19:45.531","[PREMIUM]","[PREMIUM]","49160617",2024,"Jeep","Wrangler","Rubicon",,"SUV","White","Black","6 Cyl","3.6 L","4WD","Automatic","Gasoline",25460,"[PREMIUM]","[PREMIUM]",38240,"GREAT","Used",,,16,20,18,true,true,true,true,"['{""ownerNumber"":1,""purchaseDate"":""10/03/23"",""endOwnershipDate"":""08/26/26"",""city"":""Saint Johns"",""state"":""FL""}']",6,5,1,"2026-08-27","ENHANCED","NEW",true,"[PREMIUM]","Lake Wales","FL","33859","[PREMIUM]",4.8,764,"R5U8FUT0K1","[PREMIUM]","[PREMIUM]","[PREMIUM]","[PREMIUM]","[PREMIUM]","TOPRATED","GOOD","AVERAGE","AVERAGE",260,"[PREMIUM]","[PREMIUM]",5,"['Keyless Entry','Fog Lights','Bucket Seats','Alloy Wheels','17 Inch Wheels','Heated Mirrors','Satellite Radio','Black Grille','Performance Suspension','Cloth Seats']",10,"['4-Wheel Disc Brakes','8 Speakers','AM/FM','Adjustable Steering Wheel','Air Conditioning','All-Weather Floor Mats','Android Auto','Anti-Lock Brakes','Anti-Theft System','Apple Carplay','Armrest Storage','Auto Climate Control','Automatic Headlights','Braking Assist','Cloth Upholstery','Compass','Cruise Control','Delay-Off Headlights','Door Bin','Dual-Zone Climate Control','Emergency Communication System','Front Airbags (Driver)','Front Airbags (Passenger)','Front Anti-Roll Bar','Front Bucket Seats','Front Center Armrest','Front Side Airbags (Driver)','Front Side Airbags (Passenger)','Illuminated Entry','Intermittent Wipers','Overhead Airbag','Panic Button','Passenger Sensing Airbag','Power Mirrors','Power Steering','Power Windows','Radio Data System','Reading Lights','Rear Anti-Roll Bar','Rear-View Camera','Remote Keyless Entry','Rollover Protection Bars','Soft Top','Stability Control','Steering Wheel Controls','Tachometer','Telematics System','Thermometer','Tire Pressure Monitoring System','Touch-Screen Display','Traction Control','Trip Computer','Uconnect System','Vanity Mirror/Light','Wi-Fi Hotspot']",55,"Recent Arrival! CARFAX One-Owner. 2024 Jeep Wrangler Rubicon Bright White Clearcoat<br />Equipped with Quick Order Package 24R Rubicon, 12.3"" Touchscreen Display, 4-Wheel Disc Brakes, 4.10 Rear Axle Ratio, 4G LTE Wi-Fi Hot Spot, 8 Speakers, 97 MPH Vehicle Max Speed Calibration, ABS brakes, Air Conditioning, Alloy wheels, AM/FM radio: SiriusXM with 360L, Apple CarPlay, Apple CarPlay/Android Auto, Automatic temperature control, Auxiliary Battery, Brake assist, Cloth Low-Back Bucket Seats, Compass, Connectivity - US/Canada, Delay-off headlights, Disassociated Touchscreen Display, Driver door bin, Driver vanity mirror, Dual front impact airbags, Dual front side impact airbags, Electronic Stability Control, Emergency communication system: Jeep Connect, Front anti-roll bar, Front Bucket Seats, Front Center Armrest w/Storage, Front dual zone A/C, Front fog lights, Front reading lights, Fully automatic headlights, Google Android Auto, Heated door mirrors, Illuminated entry, Integrated Center Stack Radio, Integrated roll-over protection, Jeep Trail Rated Kit, Low tire pressure warning, MOPAR All-Weather Floor Mats, MOPAR Performance Satin Black Grille, Non-Locking Fuel Cap w/o Discriminator, Occupant sensing airbag, Outside temperature display, Overhead airbag, Panic alarm, ParkView Rear Back-Up Camera, Passenger door bin, Passenger vanity mirror, Performance Suspension, Power door mirrors, Power steering, Power windows, Radio data system, Radio: Uconnect 5 w/12.3"" Display, Rear anti-roll bar, Rear reading lights, Remote keyless entry, Security system, SiriusXM Radio Service, SiriusXM w/360L, Speed control, Start-Stop Dual Battery System, Steering wheel mounted audio controls, Tachometer, Telescoping steering wheel, Tilt steering wheel, Traction control, Trip computer, Variably intermittent wipers, Voltmeter, and Wheels: 17"" x 7.5"" Machined/Painted Black.","[PREMIUM]","[PREMIUM]",191.45,
"1C4PJXDG7RW277766QXHRBL0BVA20260717","2026-09-04 04:19:45.527","2026-09-04 04:19:45.527","[PREMIUM]","[PREMIUM]","TDRW277766",2024,"Jeep","Wrangler","Sport",,"SUV","White","Black","6 Cyl","3.6 L","4WD","Automatic","Gasoline",20307,"[PREMIUM]","[PREMIUM]",34500,"GREAT","Used",,,18,23,20,true,true,true,true,"['{""ownerNumber"":1,""purchaseDate"":""05/07/24"",""endOwnershipDate"":""07/17/26"",""city"":""Homestead"",""state"":""FL""}']",7,29,0,"2026-07-17","ENHANCED","NEW",true,"[PREMIUM]","Doral","FL","33172","[PREMIUM]",4.5,338,"QXHRBL0BVA","[PREMIUM]","[PREMIUM]","[PREMIUM]","[PREMIUM]","[PREMIUM]","TOPRATED",,,,,"[PREMIUM]","[PREMIUM]",29,"['Spare Tire','Navigation System','Keyless Entry','Fog Lights','Convertible Top','Bucket Seats','Alloy Wheels','Hard Top','Limited Slip Differential','Heated Mirrors']",10,"['4-Wheel Disc Brakes','AM/FM','Adaptive Cruise Control','Adjustable Steering Wheel','Air Conditioning','Anti-Lock Brakes','Anti-Theft System','Automatic Headlights','Aux Audio Adapter','Braking Assist','Child Safety Locks','Cloth Seats','Collision Warning System','Driver Adjustable Lumbar','Engine Immobilizer','Floor Mats','Front Airbags (Driver)','Front Airbags (Passenger)','Front Head Airbag','Front Side Airbags (Driver)','Handsfree/Bluetooth Integration','Intermittent Wipers','Keyless Ignition','MP3','Pass-Through Rear Seat','Power Locks','Power Mirrors','Power Steering','Power Windows','Privacy Glass','Rear Head Airbags','Rear Window Defroster','Rear-View Camera','Rollover Protection Bars','S Package','Smart Device Integration','Stability Control','Steering Wheel Controls','Targa Top','Tire Pressure Monitoring System','Tow Hooks','Traction Control','Trip Computer','Vanity Mirror/Light','Wi-Fi Hotspot']",45,"ALL INVENTORY IS ON MIAMI NOT TAMPA. BUY WITH CONFIDENCE! WE LOVE TRADES! HASSLE FREE FINANCE PLANS FOR EVERYONE! PLEASE CALL TO ENSURE AVAILABILITY AS OUR INVENTORY CHANGES BY THE HOUR. AFFORDABLE FINANCE PLANS! EASY FINANCE OPTIONS! ALL INVENTORY IS READY FOR INSTANT DELIVERY! Odometer is 977 miles below market average! NO ACCIDENTS OR ISSUES, COMPLETE 182 POINT MANUFACTURERS INSPECTION, FULL SERVICE PERFORMED, LOW MILES, NAVIGATION SYSTEM, BACK UP CAMERA, LOW PRICE AND A GREAT VALUE, LOOKS AND FEELS LIKE A NEW CAR. Priced below KBB Fair Purchase Price! Bright White Clearcoat 2024 Jeep Wrangler Sport S 3.6L V6 24V VVT<br /><br /><br />ALL INVENTORY IS ON MIAMI NOT TAMPA. BUY WITH CONFIDENCE! WE LOVE TRADES! HASSLE FREE FINANCE PLANS FOR EVERYONE! PLEASE CALL TO ENSURE AVAILABILITY AS OUR INVENTORY CHANGES BY THE HOUR. AFFORDABLE FINANCE PLANS! EASY FINANCE OPTIONS! ALL INVENTORY IS READY FOR INSTANT DELIVERY! WE OFFER THE LOWEST RATE FINANCING AVAILABLE FOR APPROVED CREDIT AND FOR CHALLENGED CREDIT. Not all consumers will qualify. This is an estimated interest rate. Manufacturers incentives may apply. See dealer for details. Personal checks and credit cards are accepted however have dollar amount limits. We do not sell to dealers or wholesalers. Most vehicles will only come with one key and will probably not have floor mats. Price does not include tax, title, or license. Prices include $1,199 dealer doc fee and $439 Electronic Filing Fee. Online prices are applicable only to Florida Residents. Optional equipment and accessories available, see dealer for details. All offers are mutually exclusive. See dealer for details. While every reasonable effort is made to ensure the accuracy of this information, we are not responsible for any pricing errors or pricing and information omissions contained on these pages. All vehicles subject to prior sale. Please call or email dealer for complete details, to verify availability and to verify all online information. We do not hold vehicles or accept deposits. All transactions are subject to final dealer acceptance.","[PREMIUM]","[PREMIUM]",189.25,
"5NMMADTB3RH002521Z8HSDXWOCL20260825","2026-09-04 04:19:45.520","2026-09-04 04:19:45.520","[PREMIUM]","[PREMIUM]","TGRH002521",2024,"Genesis","GV70","Unspecified",,"SUV","Black","Black","4 Cyl","2.5 L","AWD","Automatic","Gasoline",19662,"[PREMIUM]","[PREMIUM]",40820,"GREAT","Used",,,22,28,24,true,true,true,true,"['{""ownerNumber"":1,""purchaseDate"":""11/08/23"",""endOwnershipDate"":""08/25/26"",""city"":""Miami"",""state"":""FL""}']",6,29,4,"2026-08-25","ENHANCED","NEW",true,"[PREMIUM]","Doral","FL","33172","[PREMIUM]",4,3,"Z8HSDXWOCL","[PREMIUM]","[PREMIUM]","[PREMIUM]","[PREMIUM]","[PREMIUM]","ADVANTAGE",,,,,"[PREMIUM]","[PREMIUM]",29,"['Remote Start','Navigation System','Keyless Entry','Heated Seats','Cargo Cover','Heated Steering Wheel','Bucket Seats','Ambient Lighting','Power Liftgate','Blind Spot Monitor']",10,"['110V Power Outlet','4-Wheel Disc Brakes','AM/FM','Adaptive Cruise Control','Adjustable Steering Wheel','Advanced Front-Lighting System','Air Conditioning','Anti-Lock Brakes','Anti-Theft System','Apple Carplay','Auto-Dimming Mirror','Automatic Headlights','Aux Audio Adapter','Braking Assist','Child Safety Locks','Compact Spare Tire','Cross Traffic Alert','Daytime Running Lights','Driver Adjustable Lumbar','Engine Immobilizer','Floor Mats','Front Airbags (Driver)','Front Airbags (Passenger)','Front Head Airbag','Front Side Airbags (Driver)','Handsfree Power Liftgate','Handsfree/Bluetooth Integration','Heated Mirrors','High Performance Tires','Integrated Garage Door Opener','Keyless Ignition','Lane Departure Warning','Lane Keeping System','Leather Steering Wheel','Lexicon Sound System','MP3','Massage Seats','Memorized Settings','Memory Mirrors','Multi-Zone Climate Control','Onboard Communications System','Panorama Sunroof','Parking Assist System','Parking Sensors','Pass-Through Rear Seat','Passenger Adjustable Lumbar','Power Adjustable Steering Wheel','Power Folding Mirrors','Power Locks','Power Mirrors','Power Seat (Dual)','Power Steering','Power Windows','Privacy Glass','Rain-Sensing Wipers','Rear Air Conditioning','Rear Head Airbags','Rear Parking Sensors','Rear Seat Reminder','Rear Spoiler','Rear Window Defroster','Rear-View Camera','Remote Trunk Release','Satellite Radio','Seat Memory','Side and Top View Camera','Smart Device Integration','Sport Prestige Package','Stability Control','Steering Wheel Controls','Surround Audio','Telematics System','Tire Pressure Monitoring System','Traction Control','Trip Computer','Turn Signal Mirrors','Vanity Mirror/Light','Ventilated Seats','Wi-Fi Hotspot','iPod Adapter']",80,"EPA 28 MPG Hwy/22 MPG City! CARFAX 1-Owner. 2.5T trim, Vik Black exterior and Black/Black interior. <br /><br />KEY FEATURES INCLUDE<br />Navigation, All Wheel Drive, Power Liftgate, Turbocharged, Satellite Radio, iPod/MP3 Input, Onboard Communications System, Remote Engine Start, Apple CarPlay®, WiFi Hotspot Rear Spoiler, MP3 Player, Remote Trunk Release, Privacy Glass. Genesis 2.5T with Vik Black exterior and Black/Black interior features a 4 Cylinder Engine with 300 HP at 5800 RPM*. <br /><br />OPTION PACKAGES<br />SPORT PRESTIGE PACKAGE Option Group 02, Power Folding ECM Mirrors w/Genesis Logo Lamp, Passenger Walk-In Device, Power Telescoping Steering Wheel, Heated Steering Wheel, Integrated Memory System (IMS), smart posture care and memory for driver seat, outside mirrors and steering column, Power Tilt &amp; Slide Panoramic Sunroof, 1 touch open/close, Option Group 03, Blind-Spot View Monitor, Reverse Parking Collision-Avoidance Assist, 4-Way Power Lumbar Front Passenger Seat, Adjustable Interior Ambient Lighting, Surround View Monitor, Advanced Rear Occupant Alert, Forward/Reverse Parking Distance Warning, 2nd Row 110V AC Power Outlet, Option Group 04, Ventilated Front Seats, Lexicon Premium Audio, Quantum Logic surround sound, 16 high efficiency speakers, Lexicon 14 digital external amplifier and, CARGO COVER. <br /><br />Price does not include tax, title, or license. Prices include $1,199 dealer doc fee and $439 Electronic Filing Fee. <br />","[PREMIUM]","[PREMIUM]",195.75,
"YV4L12PE8R1240456CTXECBP00120260818","2026-09-04 04:19:45.395","2026-09-04 04:19:45.395","[PREMIUM]","[PREMIUM]","A240456",2024,"Volvo","XC90","B5 Plus","Bright Theme","SUV","Black","Black","4 Cyl","2.0 L","AWD","Automatic","Gasoline",47422,"[PREMIUM]","[PREMIUM]",39080,"GREAT","Used",,,20,26,23,true,true,true,true,"['{""ownerNumber"":1,""purchaseDate"":""10/15/24"",""endOwnershipDate"":""08/18/26"",""city"":""Orlando"",""state"":""FL""}']",7,24,0,"2026-08-18","ENHANCED","NEW",true,"[PREMIUM]","Miami","FL","33169","[PREMIUM]",4.7,309,"CTXECBP001","[PREMIUM]","[PREMIUM]","[PREMIUM]","[PREMIUM]","[PREMIUM]","TOPRATED","GREAT","AVERAGE","LOW",390,"[PREMIUM]","[PREMIUM]",24,"['Protection Package','Navigation System','Keyless Entry','Fog Lights','Spoiler','Leather Seats','Heated Seats','Heated Steering Wheel','Power Liftgate','Alloy Wheels']",10,"['10 Speakers','20 Inch Wheels','21 Inch Wheels','2nd Row Split/Folding Seats','4-Wheel Disc Brakes','4-Wheel Independent Suspension','7-Passenger Seating','AM/FM','Adjustable Steering Wheel','Air Conditioning','All-Weather Floor Mats','Anti-Lock Brakes','Anti-Theft System','Apple Carplay','Armrest Storage','Auto Climate Control','Auto-Dimming Mirror','Automatic Headlights','Body Colored Bumpers','Braking Assist','Cargo Tray','Child Seat Anchors','Cruise Control','Delay-Off Headlights','Door Bin','Dual-Zone Climate Control','Emergency Communication System','First Aid Kit','Front Airbags (Driver)','Front Airbags (Passenger)','Front Anti-Roll Bar','Front Bucket Seats','Front Center Armrest','Front Knee Airbags (Driver)','Front Side Airbags (Driver)','Front Side Airbags (Passenger)','Head Restraint Whiplash Protection','Headlight Washers','Heated Mirrors','High-Beam Assist','Illuminated Entry','Integrated Garage Door Opener','Leather Shift Knob Trim','Overhead Airbag','Panic Button','Passenger Sensing Airbag','Power Mirrors','Power Seat (Dual)','Power Steering','Power Sun/Moonroof','Power Windows','Premium Sound System','Radio Data System','Rain-Sensing Wipers','Reading Lights','Rear Air Conditioning','Rear Anti-Roll Bar','Rear Bucket Seats','Rear Center Armrest','Rear Heated Seats','Rear Window Defroster','Rear Window Wiper','Rear-View Camera','Remote Keyless Entry','Satellite Radio','Seat Memory','Speed-Sensing Steering','Stability Control','Steering Wheel Controls','Tachometer','Thermometer','Third Row Seating','Tire Pressure Monitoring System','Traction Control','Trip Computer','Turn Signal Mirrors','Ultra Low Emissions Vehicle','Vanity Mirror/Light','Warranty','Wheel Locks','Wood Dash Trim','Wood Door Trim']",82,"Priced below KBB Fair Purchase Price! CARFAX One-Owner. *LOCAL TRADE*, PREVIOUSLY LEASED AND MAINTAINED HERE*, *STILL UNDER FACTORY WARRANTY*, *CERTIFIED BY VOLVO 5YRS/UNLIMITED MILEAGE*, SERVICE RECORDS AVAILABLE.<br /><br /><br />Certification Program Details: Certified by Volvo • 12-month, unlimited mile warranty, upgradeable for an additional 5 years* • Comprehensive Inspection, covering more than 170+ points • Volvo Roadside Assistance–24/7/365 • Complimentary 1-year subscription to Volvo Cars app** • Complimentary CARFAX Vehicle History Report with Buyback Guarantee • Complimentary Sirius XM for 3 months. • Special financing offers from Volvo Cars Financial Services • Strict eligibility rules • Stringent inspection and reconditioning standards completed by Certified Volvo Technicians<br /><br />Serving the South Florida area, Volvo Cars North Miami, located at 20800 NW 2nd Ave in Miami, FL, is your premier retailer of new and used Volvo vehicles. Our dedicated sales staff and top-trained technicians are here to make your auto shopping experience fun, easy and financially advantageous. Please utilize our various online resources and allow our excellent network of people to put you in your ideal car, truck or SUV today!","[PREMIUM]","[PREMIUM]",194.25,
"5J8YD9H40RL004663ZABNK6NOBR20260726","2026-09-04 04:19:45.157","2026-09-04 04:19:45.157","[PREMIUM]","[PREMIUM]","TDRL004663",2024,"Acura","MDX","Technology",,"SUV","Black","Tan","6 Cyl","3.5 L","FWD","Automatic","Gasoline",27275,"[PREMIUM]","[PREMIUM]",40320,"GREAT","Used",,,19,26,22,true,true,true,true,"['{""ownerNumber"":1,""purchaseDate"":""04/26/24"",""endOwnershipDate"":""07/26/26"",""city"":""Miami"",""state"":""FL""}']",7,35,1,"2026-07-26","ENHANCED","NEW",true,"[PREMIUM]","Doral","FL","33172","[PREMIUM]",4.1,170,"ZABNK6NOBR","[PREMIUM]","[PREMIUM]","[PREMIUM]","[PREMIUM]","[PREMIUM]","TOPRATED","GREAT","LOW","LOW",270,"[PREMIUM]","[PREMIUM]",35,"['Technology Package','Navigation System','Keyless Entry','Leather Seats','Heated Seats','Bucket Seats','Power Liftgate','Blind Spot Monitor','Alloy Wheels','Third Row Seating']",10,"['4-Wheel Disc Brakes','AM/FM','Adaptive Cruise Control','Adjustable Steering Wheel','Air Conditioning','Anti-Lock Brakes','Anti-Theft System','Apple Carplay','Auto-Dimming Mirror','Automatic Headlights','Aux Audio Adapter','Braking Assist','Child Safety Locks','Cross Traffic Alert','Daytime Running Lights','Driver Adjustable Lumbar','Engine Immobilizer','Floor Mats','Front Airbags (Driver)','Front Airbags (Passenger)','Front Head Airbag','Front Side Airbags (Driver)','Handsfree/Bluetooth Integration','Heated Mirrors','High Performance Tires','Integrated Garage Door Opener','Keyless Ignition','Lane Departure Warning','Lane Keeping System','Leather Steering Wheel','Limited Slip Differential','MP3','Memory Mirrors','Multi-Zone Climate Control','Panorama Sunroof','Pass-Through Rear Seat','Passenger Adjustable Lumbar','Power Locks','Power Mirrors','Power Seat (Dual)','Power Steering','Power Windows','Premium Sound System','Privacy Glass','Rain-Sensing Wipers','Rear Air Conditioning','Rear Head Airbags','Rear Parking Sensors','Rear Spoiler','Rear Window Defroster','Rear-View Camera','Remote Trunk Release','Satellite Radio','Seat Memory','Smart Device Integration','Stability Control','Steering Wheel Controls','Telematics System','Tire Pressure Monitoring System','Traction Control','Trip Computer','Turn Signal Mirrors','Vanity Mirror/Light','Wi-Fi Hotspot']",64,"ALL INVENTORY IS ON MIAMI NOT TAMPA. BUY WITH CONFIDENCE! WE LOVE TRADES! HASSLE FREE FINANCE PLANS FOR EVERYONE! PLEASE CALL TO ENSURE AVAILABILITY AS OUR INVENTORY CHANGES BY THE HOUR. AFFORDABLE FINANCE PLANS! EASY FINANCE OPTIONS! ALL INVENTORY IS READY FOR INSTANT DELIVERY! WE OFFER THE LOWEST RATE FINANCING AVAILABLE FOR APPROVED CREDIT AND FOR CHALLENGED CREDIT. Not all consumers will qualify. This is an estimated interest rate. Manufacturers incentives may apply. See dealer for details. Please not all advertised are exclusively for in-house financing. If you are interested in paying cash, please contact the sales team as price may vary. Personal checks and credit cards are accepted however have dollar amount limits. We do not sell to dealers or wholesalers. Internet price valid for Florida residents only. Most vehicles will only come with one key and will probably not have floor mats. Price does not include tax, title, or license. Prices include $1,199 dealer doc fee and $439 Electronic Filing Fee. Optional equipment and accessories available, see dealer for details. All offers are mutually exclusive. See dealer for details. While every reasonable effort is made to ensure the accuracy of this information, we are not responsible for any pricing errors or pricing and information omissions contained on these pages. All vehicles subject to prior sale. Please call or email dealer for complete details, to verify availability and to verify all online information. We do not hold vehicles or accept deposits. All vehicles subject to prior sale before you arrive. All transactions are subject to final dealer acceptance.<br /><br />Priced below KBB Fair Purchase Price! Majestic Black Pearl 2024 Acura MDX Technology 3.5L V6 SOHC i-VTEC 24V NO ACCIDENTS OR ISSUES, COMPLETE 182 POINT MANUFACTURERS INSPECTION, FULL SERVICE PERFORMED, LOW MILES, NAVIGATION SYSTEM, BACK UP CAMERA, LOW PRICE AND A GREAT VALUE, Ebony Leather.<br /><br />19/26 City/Highway MPG<br /><br /><br />ALL INVENTORY IS ON MIAMI NOT TAMPA. BUY WITH CONFIDENCE! WE LOVE TRADES! HASSLE FREE FINANCE PLANS FOR EVERYONE! PLEASE CALL TO ENSURE AVAILABILITY AS OUR INVENTORY CHANGES BY THE HOUR. AFFORDABLE FINANCE PLANS! EASY FINANCE OPTIONS! ALL INVENTORY IS READY FOR INSTANT DELIVERY! WE OFFER THE LOWEST RATE FINANCING AVAILABLE FOR APPROVED CREDIT AND FOR CHALLENGED CREDIT. Not all consumers will qualify. This is an estimated interest rate. Manufacturers incentives may apply. See dealer for details. Please not all advertised are exclusively for in-house financing. If you are interested in paying cash, please contact the sales team as price may vary. Personal checks and credit cards are accepted however have dollar amount limits. We do not sell to dealers or wholesalers. Internet price valid for Florida residents only. Most vehicles will only come with one key and will probably not have floor mats. Price does not include tax, title, or license. Prices include $1,199 dealer doc fee and $439 Electronic Filing Fee. Optional equipment and accessories available, see dealer for details. All offers are mutually exclusive. See dealer for details. While every reasonable effort is made to ensure the accuracy of this information, we are not responsible for any pricing errors or pricing and information omissions contained on these pages. All vehicles subject to prior sale. Please call or email dealer for complete details, to verify availability and to verify all online information. We do not hold vehicles or accept deposits. All vehicles subject to prior sale before you arrive. All transactions are subject to final dealer acceptance.","[PREMIUM]","[PREMIUM]",191.45,
"5J8YD9H49RL001017ZABNK6NOBR20260822","2026-09-04 04:19:45.140","2026-09-04 04:19:45.140","[PREMIUM]","[PREMIUM]","TDRL001017",2024,"Acura","MDX","Technology",,"SUV","Black","Brown","6 Cyl","3.5 L","FWD","Automatic","Gasoline",30252,"[PREMIUM]","[PREMIUM]",39980,"GREAT","Used",,,19,26,22,true,true,true,true,"['{""ownerNumber"":1,""purchaseDate"":""09/29/23"",""endOwnershipDate"":""08/22/26"",""city"":""Miami"",""state"":""FL""}']",10,29,0,"2026-08-22","ENHANCED","NEW",true,"[PREMIUM]","Doral","FL","33172","[PREMIUM]",4.1,170,"ZABNK6NOBR","[PREMIUM]","[PREMIUM]","[PREMIUM]","[PREMIUM]","[PREMIUM]","TOPRATED","GREAT","AVERAGE","LOW",350,"[PREMIUM]","[PREMIUM]",29,"['Technology Package','Navigation System','Keyless Entry','Leather Seats','Heated Seats','Bucket Seats','Power Liftgate','Blind Spot Monitor','Alloy Wheels','Third Row Seating']",10,"['4-Wheel Disc Brakes','AM/FM','Adaptive Cruise Control','Adjustable Steering Wheel','Air Conditioning','Anti-Lock Brakes','Anti-Theft System','Apple Carplay','Auto-Dimming Mirror','Automatic Headlights','Aux Audio Adapter','Braking Assist','Child Safety Locks','Cross Traffic Alert','Daytime Running Lights','Driver Adjustable Lumbar','Engine Immobilizer','Floor Mats','Front Airbags (Driver)','Front Airbags (Passenger)','Front Head Airbag','Front Side Airbags (Driver)','Handsfree/Bluetooth Integration','Heated Mirrors','High Performance Tires','Integrated Garage Door Opener','Keyless Ignition','Lane Departure Warning','Lane Keeping System','Leather Steering Wheel','Limited Slip Differential','MP3','Memory Mirrors','Multi-Zone Climate Control','Panorama Sunroof','Pass-Through Rear Seat','Passenger Adjustable Lumbar','Power Locks','Power Mirrors','Power Seat (Dual)','Power Steering','Power Windows','Premium Sound System','Privacy Glass','Rain-Sensing Wipers','Rear Air Conditioning','Rear Head Airbags','Rear Parking Sensors','Rear Spoiler','Rear Window Defroster','Rear-View Camera','Remote Trunk Release','Satellite Radio','Seat Memory','Smart Device Integration','Stability Control','Steering Wheel Controls','Telematics System','Tire Pressure Monitoring System','Traction Control','Trip Computer','Turn Signal Mirrors','Vanity Mirror/Light','Wi-Fi Hotspot']",64,"ALL INVENTORY IS ON MIAMI NOT TAMPA. BUY WITH CONFIDENCE! WE LOVE TRADES! HASSLE FREE FINANCE PLANS FOR EVERYONE! PLEASE CALL TO ENSURE AVAILABILITY AS OUR INVENTORY CHANGES BY THE HOUR. AFFORDABLE FINANCE PLANS! EASY FINANCE OPTIONS! ALL INVENTORY IS READY FOR INSTANT DELIVERY! WE OFFER THE LOWEST RATE FINANCING AVAILABLE FOR APPROVED CREDIT AND FOR CHALLENGED CREDIT. Not all consumers will qualify. This is an estimated interest rate. Manufacturers incentives may apply. See dealer for details. Please not all advertised are exclusively for in-house financing. If you are interested in paying cash, please contact the sales team as price may vary. Personal checks and credit cards are accepted however have dollar amount limits. We do not sell to dealers or wholesalers. Internet price valid for Florida residents only. Most vehicles will only come with one key and will probably not have floor mats. Price does not include tax, title, or license. Prices include $1,199 dealer doc fee and $439 Electronic Filing Fee. Optional equipment and accessories available, see dealer for details. All offers are mutually exclusive. See dealer for details. While every reasonable effort is made to ensure the accuracy of this information, we are not responsible for any pricing errors or pricing and information omissions contained on these pages. All vehicles subject to prior sale. Please call or email dealer for complete details, to verify availability and to verify all online information. We do not hold vehicles or accept deposits. All vehicles subject to prior sale before you arrive. All transactions are subject to final dealer acceptance.<br /><br />Priced below KBB Fair Purchase Price! Black 2024 Acura MDX Technology 3.5L V6 SOHC i-VTEC 24V NO ACCIDENTS OR ISSUES, COMPLETE 182 POINT MANUFACTURERS INSPECTION, FULL SERVICE PERFORMED, LOW MILES, NAVIGATION SYSTEM, BACK UP CAMERA, LOW PRICE AND A GREAT VALUE, Ebony Leather.<br /><br />Recent Arrival! 19/26 City/Highway MPG<br /><br /><br />ALL INVENTORY IS ON MIAMI NOT TAMPA. BUY WITH CONFIDENCE! WE LOVE TRADES! HASSLE FREE FINANCE PLANS FOR EVERYONE! PLEASE CALL TO ENSURE AVAILABILITY AS OUR INVENTORY CHANGES BY THE HOUR. AFFORDABLE FINANCE PLANS! EASY FINANCE OPTIONS! ALL INVENTORY IS READY FOR INSTANT DELIVERY! WE OFFER THE LOWEST RATE FINANCING AVAILABLE FOR APPROVED CREDIT AND FOR CHALLENGED CREDIT. Not all consumers will qualify. This is an estimated interest rate. Manufacturers incentives may apply. See dealer for details. Please not all advertised are exclusively for in-house financing. If you are interested in paying cash, please contact the sales team as price may vary. Personal checks and credit cards are accepted however have dollar amount limits. We do not sell to dealers or wholesalers. Internet price valid for Florida residents only. Most vehicles will only come with one key and will probably not have floor mats. Price does not include tax, title, or license. Prices include $1,199 dealer doc fee and $439 Electronic Filing Fee. Optional equipment and accessories available, see dealer for details. All offers are mutually exclusive. See dealer for details. While every reasonable effort is made to ensure the accuracy of this information, we are not responsible for any pricing errors or pricing and information omissions contained on these pages. All vehicles subject to prior sale. Please call or email dealer for complete details, to verify availability and to verify all online information. We do not hold vehicles or accept deposits. All vehicles subject to prior sale before you arrive. All transactions are subject to final dealer acceptance.","[PREMIUM]","[PREMIUM]",189.25,
"YV4H60DL8R1908559CTXECBP00120260804","2026-09-04 04:19:45.137","2026-09-04 04:19:45.137","[PREMIUM]","[PREMIUM]","A908559",2024,"Volvo","XC60","T8 Plus","Dark Theme","SUV","Gray","Black","4 Cyl","2.0 L","AWD","Automatic","Hybrid",46625,"[PREMIUM]","[PREMIUM]",41670,"GREAT","Used",,,28,28,28,true,true,true,true,"['{""ownerNumber"":1,""purchaseDate"":""06/21/24"",""endOwnershipDate"":""08/03/26"",""city"":""Greentown"",""state"":""IN""}']",8,23,0,"2026-08-04","ENHANCED","NEW",true,"[PREMIUM]","Miami","FL","33169","[PREMIUM]",4.7,309,"CTXECBP001","[PREMIUM]","[PREMIUM]","[PREMIUM]","[PREMIUM]","[PREMIUM]","TOPRATED",,,,,"[PREMIUM]","[PREMIUM]",23,"['Climate Package','Protection Package','Keyless Entry','Fog Lights','Spoiler','Leather Seats','Heated Seats','Cargo Cover','Heated Steering Wheel','19 Inch Wheels']",10,"['11 Speakers','18.8 kWh battery','20 Inch Wheels','2nd Row Split/Folding Seats','4-Wheel Disc Brakes','4-Wheel Independent Suspension','AM/FM','Adjustable Steering Wheel','Air Conditioning','All-Weather Floor Mats','Alloy Wheels','Anti-Lock Brakes','Anti-Theft System','Apple Carplay','Auto Climate Control','Auto-Dimming Mirror','Automatic Headlights','Body Colored Bumpers','Braking Assist','Cargo Tray','Cruise Control','Delay-Off Headlights','Door Bin','Dual-Zone Climate Control','Emergency Communication System','First Aid Kit','Front Airbags (Driver)','Front Airbags (Passenger)','Front Anti-Roll Bar','Front Bucket Seats','Front Center Armrest','Front Knee Airbags (Driver)','Front Side Airbags (Driver)','Front Side Airbags (Passenger)','Harman/Kardon Sound System','Head Restraint Whiplash Protection','Heated Mirrors','High-Beam Assist','Illuminated Entry','Integrated Garage Door Opener','Leather Shift Knob Trim','Overhead Airbag','Panic Button','Panorama Sunroof','Passenger Sensing Airbag','Power Mirrors','Power Seat (Dual)','Power Steering','Power Sun/Moonroof','Power Tailgate','Power Windows','Radio Data System','Rain-Sensing Wipers','Reading Lights','Rear Anti-Roll Bar','Rear Center Armrest','Rear Window Defroster','Rear Window Wiper','Rear-View Camera','Remote Climate Control','Remote Keyless Entry','Satellite Radio','Seat Memory','Stability Control','Steering Wheel Controls','Super Ultra Low Emissions Vehicle','Tachometer','Telematics System','Thermometer','Tire Pressure Monitoring System','Traction Control','Trip Computer','Turn Signal Mirrors','Vanity Mirror/Light','Volvo On Call','Warranty','Wheel Locks','Wood Dash Trim']",78,"Priced below KBB Fair Purchase Price! CARFAX One-Owner. PANORAMIC ROOF*, *LOCAL TRADE*, PREVIOUSLY LEASED AND MAINTAINED HERE*, *STILL UNDER FACTORY WARRANTY*, *CERTIFIED BY VOLVO 5YRS/UNLIMITED MILEAGE*, SERVICE RECORDS AVAILABLE.<br /><br /><br />Volvo Certified Pre-Owned Details:<br /><br /> * 1-Year complimentary Volvo On Call app. Remote climate control, locks, fuel, maintenance &amp; driving journal. Vehicle History Report with Buyback Guarantee. Complimentary SiriusXM for 3 Months. Includes Trip Interruption Reimbursement. Every Certified by Volvo Fully Electric &amp; Plug-in Hybrid Comes With an 8-Year/100,000-Mile Battery Warranty<br /> * 170+ Point Inspection<br /> * Limited Warranty: 12 Month/Unlimited Mile Upgradeable Up to 5 Years and Up to Unlimited Miles.<br /> * Warranty Deductible: $0<br /> * Transferable Warranty<br /> * Roadside Assistance<br /> * Vehicle History<br /><br /><br />Serving the South Florida area, Volvo Cars North Miami, located at 20800 NW 2nd Ave in Miami, FL, is your premier retailer of new and used Volvo vehicles. Our dedicated sales staff and top-trained technicians are here to make your auto shopping experience fun, easy and financially advantageous. Please utilize our various online resources and allow our excellent network of people to put you in your ideal car, truck or SUV today!","[PREMIUM]","[PREMIUM]",194.25,
"5FNYG1H64RB047754B48BB0GAF120260826","2026-09-04 04:19:45.091","2026-09-04 04:19:45.091","[PREMIUM]","[PREMIUM]","T19579B",2024,"Honda","Pilot","TrailSport",,"SUV","Black","Black","6 Cyl","3.5 L","AWD","Automatic","Gasoline",27922,"[PREMIUM]","[PREMIUM]",43280,"GREAT","Used",,,18,23,20,true,true,true,true,"['{""ownerNumber"":1,""purchaseDate"":""05/27/24"",""endOwnershipDate"":""08/26/26"",""city"":""Palmetto"",""state"":""FL""}']",1,35,0,"2026-08-26","ENHANCED","NEW",true,"[PREMIUM]","Bradenton","FL","34207","[PREMIUM]",4.7,254,"B48BB0GAF1","[PREMIUM]","[PREMIUM]","[PREMIUM]","[PREMIUM]","[PREMIUM]","ADVANTAGE","GREAT","LOW","LOW",230,"[PREMIUM]","[PREMIUM]",35,"['Remote Start','Spare Tire','Keyless Entry','Fog Lights','Trailer Hitch','Heated Seats','Bucket Seats','Power Liftgate','Blind Spot Monitor','Captains Chairs']",10,"['4-Wheel Disc Brakes','7-Passenger Seating','AM/FM','Adaptive Cruise Control','Adjustable Steering Wheel','Air Conditioning','Alloy Wheels','Anti-Lock Brakes','Anti-Theft System','Auto-Dimming Mirror','Automatic Headlights','Aux Audio Adapter','Braking Assist','Child Safety Locks','Collision Warning System','Cross Traffic Alert','Daytime Running Lights','Driver Adjustable Lumbar','Engine Immobilizer','Floor Mats','Front Airbags (Driver)','Front Airbags (Passenger)','Front Head Airbag','Front Knee Airbags (Driver)','Front Side Airbags (Driver)','HD Radio','Handsfree/Bluetooth Integration','Heated Mirrors','Integrated Garage Door Opener','Intermittent Wipers','Keyless Ignition','LED Lights','Lane Departure Warning','Lane Keeping System','Leather Steering Wheel','Limited Slip Differential','Locking Differential','MP3','Memory Mirrors','Multi-Zone Climate Control','Off-Road Tires','Panorama Sunroof','Passenger Sensing Airbag','Power Folding Mirrors','Power Locks','Power Mirrors','Power Seat (Dual)','Power Steering','Power Windows','Privacy Glass','Quad Seating','Rear Air Conditioning','Rear Bucket Seats','Rear Head Airbags','Rear Parking Sensors','Rear Spoiler','Rear Window Defroster','Rear-View Camera','Remote Trunk Release','Satellite Radio','Seat Memory','Smart Device Integration','Stability Control','Steering Wheel Controls','Telematics System','Third Row Seating','Tire Pressure Monitoring System','Tow Hooks','Traction Control','Trip Computer','Turn Signal Mirrors','Vanity Mirror/Light','Vinyl Seats','Warranty']",74,"CARFAX 1-Owner, HondaTrue Certified, Clean. TrailSport trim. PRICED TO MOVE $1,700 below J.D. Power Retail! 3rd Row Seat, Heated Seats, Panoramic Roof, Moonroof, Alloy Wheels, Captains Chairs, Trailer Hitch, All Wheel Drive.KEY FEATURES INCLUDEThird Row Seat, Moonroof, Panoramic Roof, All Wheel Drive, Quad Bucket Seats. Rear Spoiler, MP3 Player, Privacy Glass, Remote Trunk Release, Keyless Entry. Honda TrailSport with Crystal Black Pearl exterior and Black interior features a V6 Cylinder Engine with 285 HP at 6100 RPM*.A GREAT TIME TO BUYThis Pilot is priced $1,700 below J.D. Power Retail.PURCHASE WITH CONFIDENCECARFAX 1-Owner 182-point inspection by factory-trained technicians on all HondaTrue Certified vehicles along with, 7yr/100,000 mile Powertrain Warranty (from original service date) with $0 deductible, Vehicle History Report, Vehicles purchased within the new car warranty period extends the Comprehensive Coverage from: 3yr/36,000 to 5yr/100,000 miles, Extended coverages are available for purchase. 24-hour Roadside Assistance included with towing, lock-out assistance, tire change and fuel delivery, Sirius XM 3 month free trial period on eligible factory equipped vehicles. Honda Certified Warranty is transferable if vehicle is sold to a subsequent private owner. Up to two complimentary oil changes within the first year of ownership, 3-Day Exchange Policy, 2yr/100,000 miles Comprehensive Coverage (from original service date) with $0 deductibleBUY FROM AN AWARD WINNING DEALERHendrick Honda Bradenton has been serving the Sarasota/Bradenton area for 25 years. We are #1 in Certified Honda sales in the Tampa Bay area.We have a unique approach to pricing our vehicles. We fairly price our vehicles by using a Market Based Pricing strategy on all of our Pre-Owned vehicles to provide the best value for our customers. We do not inflate our pre-owned prices in hopes of giving the biggest discount to our customers!Fuel economy calculations based on original manufacturer data for trim engine configuration. Please confirm the accuracy of the included equipment by calling us prior to purchase. Dealer Installed Equipment may be additional on New Hondas. This dealershipThis Dealership checks the vehicle recall status prior to making any pre-owned vehicle available for sale. Manufacturers and/or NHTSA may announce additional recalls at any time. To inquire about the recall status of this vehicle, visit: https://vinrcl.safercar.gov/vin/","[PREMIUM]","[PREMIUM]",189.25,
"5J8YD9H44RL005489QXHRBL0BVA20260818","2026-09-04 04:19:45.066","2026-09-04 04:19:45.066","[PREMIUM]","[PREMIUM]","TDRL005489",2024,"Acura","MDX","Technology",,"SUV","Blue","Gray","6 Cyl","3.5 L","FWD","Automatic","Gasoline",16464,"[PREMIUM]","[PREMIUM]",41720,"GREAT","Used",,,19,26,22,true,true,true,true,"['{""ownerNumber"":1,""purchaseDate"":""04/04/24"",""endOwnershipDate"":""08/18/26"",""city"":""Miami"",""state"":""FL""}']",9,29,0,"2026-08-18","ENHANCED","NEW",true,"[PREMIUM]","Doral","FL","33172","[PREMIUM]",4.5,338,"QXHRBL0BVA","[PREMIUM]","[PREMIUM]","[PREMIUM]","[PREMIUM]","[PREMIUM]","TOPRATED","GREAT","LOW","LOW",270,"[PREMIUM]","[PREMIUM]",29,"['Technology Package','Navigation System','Keyless Entry','Leather Seats','Heated Seats','Bucket Seats','Power Liftgate','Blind Spot Monitor','Alloy Wheels','Third Row Seating']",10,"['4-Wheel Disc Brakes','AM/FM','Adaptive Cruise Control','Adjustable Steering Wheel','Air Conditioning','Anti-Lock Brakes','Anti-Theft System','Apple Carplay','Auto-Dimming Mirror','Automatic Headlights','Aux Audio Adapter','Braking Assist','Child Safety Locks','Cross Traffic Alert','Daytime Running Lights','Driver Adjustable Lumbar','Engine Immobilizer','Floor Mats','Front Airbags (Driver)','Front Airbags (Passenger)','Front Head Airbag','Front Side Airbags (Driver)','Handsfree/Bluetooth Integration','Heated Mirrors','High Performance Tires','Integrated Garage Door Opener','Keyless Ignition','Lane Departure Warning','Lane Keeping System','Leather Steering Wheel','Limited Slip Differential','MP3','Memory Mirrors','Multi-Zone Climate Control','Panorama Sunroof','Pass-Through Rear Seat','Passenger Adjustable Lumbar','Power Locks','Power Mirrors','Power Seat (Dual)','Power Steering','Power Windows','Premium Sound System','Privacy Glass','Rain-Sensing Wipers','Rear Air Conditioning','Rear Head Airbags','Rear Parking Sensors','Rear Spoiler','Rear Window Defroster','Rear-View Camera','Remote Trunk Release','Satellite Radio','Seat Memory','Smart Device Integration','Stability Control','Steering Wheel Controls','Telematics System','Tire Pressure Monitoring System','Traction Control','Trip Computer','Turn Signal Mirrors','Vanity Mirror/Light','Wi-Fi Hotspot']",64,"ALL INVENTORY IS ON MIAMI NOT TAMPA. BUY WITH CONFIDENCE! WE LOVE TRADES! HASSLE FREE FINANCE PLANS FOR EVERYONE! PLEASE CALL TO ENSURE AVAILABILITY AS OUR INVENTORY CHANGES BY THE HOUR. AFFORDABLE FINANCE PLANS! EASY FINANCE OPTIONS! ALL INVENTORY IS READY FOR INSTANT DELIVERY! Odometer is 10890 miles below market average! NO ACCIDENTS OR ISSUES, COMPLETE 182 POINT MANUFACTURERS INSPECTION, FULL SERVICE PERFORMED, LOW MILES, NAVIGATION SYSTEM, BACK UP CAMERA, LOW PRICE AND A GREAT VALUE, LOOKS AND FEELS LIKE A NEW CAR, Graystone Leather. Priced below KBB Fair Purchase Price! 19/26 City/Highway MPG Fathom Blue Pearl 2024 Acura MDX Technology 3.5L V6 SOHC i-VTEC 24V<br /><br /><br />ALL INVENTORY IS ON MIAMI NOT TAMPA. BUY WITH CONFIDENCE! WE LOVE TRADES! HASSLE FREE FINANCE PLANS FOR EVERYONE! PLEASE CALL TO ENSURE AVAILABILITY AS OUR INVENTORY CHANGES BY THE HOUR. AFFORDABLE FINANCE PLANS! EASY FINANCE OPTIONS! ALL INVENTORY IS READY FOR INSTANT DELIVERY! WE OFFER THE LOWEST RATE FINANCING AVAILABLE FOR APPROVED CREDIT AND FOR CHALLENGED CREDIT. Not all consumers will qualify. This is an estimated interest rate. Manufacturers incentives may apply. See dealer for details. Personal checks and credit cards are accepted however have dollar amount limits. We do not sell to dealers or wholesalers. Most vehicles will only come with one key and will probably not have floor mats. Price does not include tax, title, or license. Prices include $1,199 dealer doc fee and $439 Electronic Filing Fee. Online prices are applicable only to Florida Residents. Optional equipment and accessories available, see dealer for details. All offers are mutually exclusive. See dealer for details. While every reasonable effort is made to ensure the accuracy of this information, we are not responsible for any pricing errors or pricing and information omissions contained on these pages. All vehicles subject to prior sale. Please call or email dealer for complete details, to verify availability and to verify all online information. We do not hold vehicles or accept deposits. All transactions are subject to final dealer acceptance.","[PREMIUM]","[PREMIUM]",189.25,
"2T2KGCEZ6RC051420JQGTQKZVZL20260824","2026-09-04 04:19:45.065","2026-09-04 04:19:45.065","[PREMIUM]","[PREMIUM]","437626A",2024,"Lexus","NX","350","F Sport","SUV","Silver","Red","4 Cyl","2.4 L","AWD","Automatic","Gasoline",15959,"[PREMIUM]","[PREMIUM]",45710,"GREAT","Used",,,21,28,24,true,true,true,true,"['{""ownerNumber"":1,""purchaseDate"":""12/20/23"",""endOwnershipDate"":""08/24/26"",""city"":""Miami"",""state"":""FL""}']",7,20,0,"2026-08-24","ENHANCED","NEW",true,"[PREMIUM]","Palmetto Bay","FL","33157","[PREMIUM]",4.5,371,"JQGTQKZVZL","[PREMIUM]","[PREMIUM]","[PREMIUM]","[PREMIUM]","[PREMIUM]","TOPRATED","GREAT","LOW","LOW",200,"[PREMIUM]","[PREMIUM]",20,"['Fog Lights','Spoiler','Cargo Cover','Tinted Windows','Dual Exhaust','Smart Key','20 Inch Wheels','Lane Departure Warning','Black Grille','Front Bench Seat']",10,"['10 Speakers','12V Power Outlet','3-Point Seat Belts','4-Wheel Disc Brakes','AM/FM','Adaptive Suspension','Adjustable Headrests','Adjustable Seats','Adjustable Steering Wheel','Advanced Front-Lighting System','Air Conditioning','Air Filtration','All-Season Tires','Aluminum Door Trim','Aluminum Interior Accents','Android Auto','Antenna','Anti-Lock Brakes','Anti-Theft System','Apple Carplay','Auto Climate Control','Auto-Dimming Mirror','Body Colored Bumpers','Body Colored Door Handles','Braking Assist','Cargo Area Concealed Storage','Cargo Area Light','Cargo Tray','Child Safety Locks','Clock','Collision Warning System','Cruise Control','Cup Holder','Delayed Accessory Power','Digital Instrument Cluster','Door Bin','Double Wishbone Rear Suspension','Downhill-Assist Control','Driver Foot Rest','Dual-Stage Front Airbags','Dual-Zone Climate Control','Electric Parking Brake','Engine Immobilizer','Floor Mats','Front Airbags (Passenger)','Front Anti-Roll Bar','Front Center Armrest','Front Knee Airbags (Driver)','Front Side Airbags','Front Ventilated Disc Brakes','Handsfree/Bluetooth Integration','Head Restraint Whiplash Protection','Head-Up Display','Hill Assist System','Illuminated Entry','Illuminated Glove Box','Independent Suspension','LED Tail Lights','Leather Steering Wheel','Leather/Metal-Look Shift Knob Trim','Leatherette Door Trim','Leatherette Seats','Locking Glove Box','Metal-Look Dash Trim','Overhead Console','Passenger Sensing Airbag','Permanent Locking Hubs','Piano Black Dash Trim','Power Adjustable Steering Wheel','Power Doors','Power Steering','Power Sun/Moonroof','Radio Data System','Rain-Sensing Wipers','Reading Lights','Rear Anti-Roll Bar','Rear Center Armrest','Rear Headrests','Rear Stabilizer Bar','Rear Ventilated Disc Brakes','Safety Connect','Seat Belt Pretensioners','Side Curtain Airbags','Side Impact Door Beam','Smart Phone Convenience Package','Speed Sensitive Volume Control','Speed-Sensing Steering','Split/Folding Seats','Sport Steering Wheel','Sport Suspension','Start-Stop System','Steering Wheel Controls','Telematics System','Thermometer','Tire Pressure Monitoring System','Trailer Stability Assist','Valet Function','Vanity Mirror/Light','Vehicle Tracking System','Voice-Activated Command System','Wi-Fi Hotspot','Wireless Phone Charger']",102,"This <b>Atomic Silver 2024 Lexus NX NX 350 F SPORT Handling</b> would be a welcomed addition to your family/business. No Accidents! One Owner! Features/Packages: Illuminated Door Sills ($460 value)<ul></ul>Rear Bumper Protector ($130 value)<ul><li>Includes stainless-steel rear bumper protector.</li></ul>Power Tilt/Slide Moonroof ($1,100 value)<ul><li>Includes power tilt/slide moonroof with one-touch open/close, sliding sunshade, and jam protection.</li></ul>Power Rear Door ($400 value)<ul></ul>Illuminated Cargo Sill ($300 value)<ul></ul>Smart Phone Convenience Package ($450 value)<ul><li>Includes Lexus digital key, SmartAccess card key, and wireless charger.</li></ul> Convenience<ul><li> The cruise control accesses camera, radar and/or GPS satellite data, to automatically determine if it should slow for a curve in the road ahead.</li><li> If the vehicle detects prolonged driver unresponsiveness it will automatically bring the vehicle to a stop and turn on the hazard lights. If equipped, emergency services will be contacted.</li><li> If the vehicle detects prolonged driver unresponsiveness it will automatically bring the vehicle to a stop and turn on the hazard lights. If equipped, emergency services will be contacted.</li></ul>Safety and Security<ul><li> With this system the driver's hands must remain on the wheel at all times but can be removed briefly (for a few seconds), otherwise the vehicle will prompt the driver to put their hands back on the wheel.</li><li> The vehicle constantly monitors the roadway in front of the vehicle and identifies and tracks pedestrians on an interior display. If the system determines a likely impact, it will automatically take preventative steps to avoid hitting the pedestrian.</li><li> The vehicle is equipped with a camera that displays an image of the area behind the vehicle on an interior display.</li><li> The vehicle is equipped with a camera that displays an image of the area behind the vehicle on an interior display.</li><li> An active lane departure system alerts the driver of unintended movement of the vehicle out of a designated traffic lane and automatically maintains the vehicle's position within that lane.</li></ul>Technology and Telematics<ul><li> Wireless Apple CarPlay/Wireless Android Auto smart device wireless mirroring</li><li> Mobile devices can wirelessly connect to the internet through the vehicle's private mobile network.</li></ul> <h3>Welcome to South Dade Kia of Miami: Your Trusted Source for Quality Used Cars in Miami, FL</h3><p>Searching for a dependable pre-owned vehicle in Miami, FL? Discover your ideal match at South Dade Kia of Miami. Our diverse inventory boasts a range of used cars, encompassing everything from fuel-efficient compacts ideal for navigating Miami's dynamic streets, to roomy, family-friendly SUVs primed for your next escapade. Rest assured, each vehicle at our dealership undergoes a rigorous inspection to guarantee unparalleled quality.</p> Flexible Financing Options to Suit Every Budget<p>At South Dade Kia of Miami, we understand that purchasing a used car is a significant decision. That's why we're committed to offering flexible financing options that cater to diverse budgets and credit profiles. Our team of experienced finance professionals dedicates itself to finding competitive rates and favorable terms, ensuring your vehicle choice is paired with a financial plan that's equally rewarding. Experience peace of mind and an exceptional deal with our custom financing solutions at South Dade Kia of Miami.</p> Visit South Dade Kia of Miami Today - Where Customer Satisfaction Meets an Extensive Selection of Pre-Owned Cars<p>Eager to embark on your next automotive journey? Stop by South Dade Kia of Miami and let our expert team guide you every step of the way in the car purchasing process. With a steadfast commitment to customer satisfaction and a vast array of pre-owned vehicles, we're confident you'll find your perfect car. Visit us today to explore a reliable, cost-effective, and thoroughly vetted selection of used cars at South Dade Kia of Miami.</p> To be sure you don't miss out, give us a call to schedule a test drive. We are located at 17120 S Dixie Hwy Miami FL 33157. We look forward to seeing you soon.","[PREMIUM]","[PREMIUM]",189.25,
"5FNYF8H57RB015934ZABNK6NOBR20260802","2026-09-04 04:19:45.053","2026-09-04 04:19:45.053","[PREMIUM]","[PREMIUM]","TDRB015934",2024,"Honda","Passport","EX","L","SUV","Gray","Black","6 Cyl","3.5 L","AWD","Automatic","Gasoline",17161,"[PREMIUM]","[PREMIUM]",34450,"GREAT","Used",,,19,24,21,true,true,true,true,"['{""ownerNumber"":1,""purchaseDate"":""07/27/24"",""endOwnershipDate"":""09/13/25"",""city"":""Naples"",""state"":""FL""}']",4,29,1,"2026-08-02","ENHANCED","NEW",true,"[PREMIUM]","Doral","FL","33172","[PREMIUM]",4.1,170,"ZABNK6NOBR","[PREMIUM]","[PREMIUM]","[PREMIUM]","[PREMIUM]","[PREMIUM]","TOPRATED",,,,,"[PREMIUM]","[PREMIUM]",29,"['Remote Start','Navigation System','Keyless Entry','Leather Seats','Heated Seats','Bucket Seats','Power Liftgate','Blind Spot Monitor','Alloy Wheels','Limited Slip Differential']",10,"['4-Wheel Disc Brakes','AM/FM','Adaptive Cruise Control','Adjustable Steering Wheel','Air Conditioning','Anti-Lock Brakes','Anti-Theft System','Apple Carplay','Auto-Dimming Mirror','Automatic Headlights','Aux Audio Adapter','Braking Assist','Child Safety Locks','Compact Spare Tire','Cross Traffic Alert','Daytime Running Lights','Driver Adjustable Lumbar','Engine Immobilizer','Floor Mats','Front Airbags (Driver)','Front Airbags (Passenger)','Front Head Airbag','Front Side Airbags (Driver)','Handsfree/Bluetooth Integration','Heated Mirrors','High Performance Tires','Integrated Garage Door Opener','Intermittent Wipers','Keyless Ignition','Lane Departure Warning','Lane Keeping System','Leather Steering Wheel','Locking Differential','MP3','Multi-Zone Climate Control','Pass-Through Rear Seat','Power Locks','Power Mirrors','Power Seat (Dual)','Power Steering','Power Windows','Privacy Glass','Rear Air Conditioning','Rear Head Airbags','Rear Parking Sensors','Rear Spoiler','Rear Window Defroster','Rear-View Camera','Remote Trunk Release','Satellite Radio','Smart Device Integration','Stability Control','Steering Wheel Controls','Sun/Moonroof','Telematics System','Tire Pressure Monitoring System','Traction Control','Trip Computer','Turn Signal Mirrors','Vanity Mirror/Light','Wheel Locks']",61,"ALL INVENTORY IS ON MIAMI NOT TAMPA. BUY WITH CONFIDENCE! WE LOVE TRADES! HASSLE FREE FINANCE PLANS FOR EVERYONE! PLEASE CALL TO ENSURE AVAILABILITY AS OUR INVENTORY CHANGES BY THE HOUR. AFFORDABLE FINANCE PLANS! EASY FINANCE OPTIONS! ALL INVENTORY IS READY FOR INSTANT DELIVERY! WE OFFER THE LOWEST RATE FINANCING AVAILABLE FOR APPROVED CREDIT AND FOR CHALLENGED CREDIT. Not all consumers will qualify. This is an estimated interest rate. Manufacturers incentives may apply. See dealer for details. Please not all advertised are exclusively for in-house financing. If you are interested in paying cash, please contact the sales team as price may vary. Personal checks and credit cards are accepted however have dollar amount limits. We do not sell to dealers or wholesalers. Internet price valid for Florida residents only. Most vehicles will only come with one key and will probably not have floor mats. Price does not include tax, title, or license. Prices include $1,199 dealer doc fee and $439 Electronic Filing Fee. Optional equipment and accessories available, see dealer for details. All offers are mutually exclusive. See dealer for details. While every reasonable effort is made to ensure the accuracy of this information, we are not responsible for any pricing errors or pricing and information omissions contained on these pages. All vehicles subject to prior sale. Please call or email dealer for complete details, to verify availability and to verify all online information. We do not hold vehicles or accept deposits. All vehicles subject to prior sale before you arrive. All transactions are subject to final dealer acceptance.<br /><br />Priced below KBB Fair Purchase Price! Gray 2024 Honda Passport EX-L 3.5L V6 24V SOHC i-VTEC NO ACCIDENTS OR ISSUES, COMPLETE 182 POINT MANUFACTURERS INSPECTION, FULL SERVICE PERFORMED, LOW MILES, NAVIGATION SYSTEM, BACK UP CAMERA, LOW PRICE AND A GREAT VALUE, LOOKS AND FEELS LIKE A NEW CAR.<br /><br />Odometer is 6800 miles below market average!<br /><br /><br />ALL INVENTORY IS ON MIAMI NOT TAMPA. BUY WITH CONFIDENCE! WE LOVE TRADES! HASSLE FREE FINANCE PLANS FOR EVERYONE! PLEASE CALL TO ENSURE AVAILABILITY AS OUR INVENTORY CHANGES BY THE HOUR. AFFORDABLE FINANCE PLANS! EASY FINANCE OPTIONS! ALL INVENTORY IS READY FOR INSTANT DELIVERY! WE OFFER THE LOWEST RATE FINANCING AVAILABLE FOR APPROVED CREDIT AND FOR CHALLENGED CREDIT. Not all consumers will qualify. This is an estimated interest rate. Manufacturers incentives may apply. See dealer for details. Please not all advertised are exclusively for in-house financing. If you are interested in paying cash, please contact the sales team as price may vary. Personal checks and credit cards are accepted however have dollar amount limits. We do not sell to dealers or wholesalers. Internet price valid for Florida residents only. Most vehicles will only come with one key and will probably not have floor mats. Price does not include tax, title, or license. Prices include $1,199 dealer doc fee and $439 Electronic Filing Fee. Optional equipment and accessories available, see dealer for details. All offers are mutually exclusive. See dealer for details. While every reasonable effort is made to ensure the accuracy of this information, we are not responsible for any pricing errors or pricing and information omissions contained on these pages. All vehicles subject to prior sale. Please call or email dealer for complete details, to verify availability and to verify all online information. We do not hold vehicles or accept deposits. All vehicles subject to prior sale before you arrive. All transactions are subject to final dealer acceptance.","[PREMIUM]","[PREMIUM]",191.45,
"5XYP64GC7RG542854DHQRALNV4H20260817","2026-09-04 04:19:45.052","2026-09-04 04:19:45.052","[PREMIUM]","[PREMIUM]","AVG042731",2024,"Kia","Telluride","S",,"SUV","Gray","Black","6 Cyl","3.8 L","FWD","Automatic","Gasoline",17894,"[PREMIUM]","[PREMIUM]",34450,"GREAT","Used",,,20,26,22,true,true,true,true,"['{""ownerNumber"":1,""purchaseDate"":""07/13/24"",""endOwnershipDate"":""08/17/26"",""city"":""Miami"",""state"":""FL""}']",6,29,1,"2026-08-17","ENHANCED","NEW",true,"[PREMIUM]","Doral","FL","33172","[PREMIUM]",4.2,523,"DHQRALNV4H","[PREMIUM]","[PREMIUM]","[PREMIUM]","[PREMIUM]","[PREMIUM]","TOPRATED",,,,,"[PREMIUM]","[PREMIUM]",29,"['Remote Start','Navigation System','Keyless Entry','Spoiler','Heated Seats','Roof Rails','Bucket Seats','Blind Spot Monitor','Alloy Wheels','Smart Key']",10,"['20 Inch Wheels','2nd Row Split/Folding Seats','3rd Row Bench Seat','3rd Row Split/Folding Seats','4-Wheel Disc Brakes','4-Wheel Independent Suspension','6 Speakers','AM/FM','Adaptive Cruise Control','Adjustable 3rd Row Seats','Adjustable Steering Wheel','Air Conditioning','Android Auto','Anti-Lock Brakes','Anti-Theft System','Apple Carplay','Auto Climate Control','Automatic Headlights','Aux Audio Adapter','Body Colored Bumpers','Braking Assist','Child Safety Locks','Compact Spare Tire','Cross Traffic Alert','Daytime Running Lights','Delay-Off Headlights','Door Bin','Driver Adjustable Lumbar','Dual-Zone Climate Control','Emergency Communication System','Engine Immobilizer','Floor Mats','Front Airbags (Driver)','Front Airbags (Passenger)','Front Anti-Roll Bar','Front Bucket Seats','Front Center Armrest','Front Head Airbag','Front Knee Airbags (Driver)','Front Side Airbags (Driver)','Front Side Airbags (Passenger)','Handsfree/Bluetooth Integration','Heated Mirrors','High Performance Tires','High-Beam Assist','Illuminated Entry','Intermittent Wipers','Keyless Ignition','Lane Departure Warning','Lane Keeping System','Leather Shift Knob Trim','Leather Steering Wheel','Leatherette Seats','Limited Slip Differential','MP3','Multi-Zone Climate Control','Overhead Airbag','Overhead Console','Panic Button','Passenger Sensing Airbag','Power Locks','Power Mirrors','Power Seat (Dual)','Power Steering','Power Windows','Privacy Glass','Radio Data System','Reading Lights','Rear Air Conditioning','Rear Anti-Roll Bar','Rear Audio Controls','Rear Bucket Seats','Rear Head Airbags','Rear Parking Sensors','Rear Side Airbags','Rear Spoiler','Rear Window Defroster','Rear Window Wiper','Rear-View Camera','Remote Keyless Entry','Satellite Radio','Smart Device Integration','Speed-Sensing Steering','Stability Control','Steering Wheel Controls','Tachometer','Telematics System','Thermometer','Third Row Seating','Tire Pressure Monitoring System','Traction Control','Trip Computer','Turn Signal Mirrors','Vanity Mirror/Light','Warranty','Wi-Fi Hotspot']",96,"Shop with confidence! We welcome trades and offer affordable, hassle-free financing for everyone! Please call ahead to confirm availability, as our inventory changes frequently. All vehicles are available for immediate delivery with easy financing options to fit any budget! CLEAN CARFAX NO ACCIDENTS REPORTED, ONE OWNER, REMAINDER OF FACTORY WARRANTY, REAR BACKUP CAMERA, NAVIGATION/GPS, THIRD ROW SEATING, LOCAL TRADE, NON SMOKER, BLIND SPOT MONITOR, LANE DEPARTURE ASSIST, APPLE CARPLAY / ANDROID AUTO, 3.510 Axle Ratio, 3rd row seats: split-bench, 4-Wheel Disc Brakes, 6 Speakers, ABS brakes, Air Conditioning, Alloy wheels, AM/FM radio: SiriusXM, Apple CarPlay &amp; Android Auto, Auto High-beam Headlights, Automatic temperature control, Brake assist, Bumpers: body-color, Carpet Floor Mats, Delay-off headlights, Driver door bin, Driver vanity mirror, Dual front impact airbags, Dual front side impact airbags, Electronic Stability Control, Emergency communication system: 911 Connect, Exterior Parking Camera Rear, Four wheel independent suspension, Front anti-roll bar, Front Bucket Seats, Front Center Armrest, Front dual zone A/C, Front reading lights, Fully automatic headlights, Heated door mirrors, Heated Front Bucket Seats, Heated front seats, Illuminated entry, Knee airbag, Leather Shift Knob, Leather steering wheel, Low tire pressure warning, Navigation System, Occupant sensing airbag, Outside temperature display, Overhead airbag, Overhead console, Panic alarm, Passenger door bin, Passenger vanity mirror, Power door mirrors, Power driver seat, Power steering, Power windows, Radio data system, Radio: AM/FM Display Audio System, Rear air conditioning, Rear anti-roll bar, Rear audio controls, Rear reading lights, Rear side impact airbag, Rear window defroster, Rear window wiper, Reclining 3rd row seat, Remote keyless entry, Roof rack: rails only, Security system, Smart Key w/ Push Button and Remote Start, Speed control, Speed-sensing steering, Split folding rear seat, Spoiler, Steering wheel mounted audio controls, SynTex Synthetic Leather Seat Trim, Tachometer, Telescoping steering wheel, Tilt steering wheel, Traction control, Trip computer, Turn signal indicator mirrors, Variably intermittent wipers, Wheels: 20 x 7.5 Black Finish. Certified. Odometer is 12751 miles below market average!<br /><br />Kia Certified Pre-Owned Details:<br /><br /> * Includes Rental Car and Trip Interruption Reimbursement. 3 month Sirius trial subscription<br /> * Vehicle History<br /> * Roadside Assistance<br /> * 165 Point Inspection<br /> * Transferable Warranty<br /> * Limited Warranty: 12 Month/12,000 Mile (whichever comes first) Platinum Coverage from certified purchase date<br /> * Powertrain Limited Warranty: 120 Month/100,000 Mile (whichever comes first) from original in-service date<br /> * Warranty Deductible: $50<br /><br /><br />Gravity Gray 2024 Kia Telluride S FWD 8-Speed Automatic 3.8L V6 DOHC<br /><br /><br />WE OFFER THE LOWEST RATE FINANCING AVAILABLE FOR APPROVED CREDIT AND FOR CHALLENGED CREDIT. Not all consumers will qualify. This is an estimated interest rate. Manufacturers incentives may apply. See dealer for details. Personal checks and credit cards are accepted however have dollar amount limits. We do not sell to dealers or wholesalers. Most vehicles will only come with one key and will probably not have floor mats. All Prices are plus tax, tag, title, $1,199 dealer fee and $435 electronic filing fees. All offers are mutually exclusive. See dealer for details. While every reasonable effort is made to ensure the accuracy of this information, we are not responsible for any pricing errors or pricing and information omissions contained on these pages. All vehicles subject to prior sale. Please call or email dealer for complete details, to verify availability and to verify all online information. We do not hold vehicles or accept deposits. All transactions are subject to final dealer acceptance.","[PREMIUM]","[PREMIUM]",191.45,
"2T2GGCEZ3RC051302QXHRBL0BVA20260821","2026-09-04 04:19:45.051","2026-09-04 04:19:45.051","[PREMIUM]","[PREMIUM]","TDRC051302",2024,"Lexus","NX","350","Premium","SUV","Gray","Tan","4 Cyl","2.4 L","AWD","Automatic","Gasoline",38085,"[PREMIUM]","[PREMIUM]",40970,"GREAT","Used",,,21,28,24,true,true,true,true,"['{""ownerNumber"":1,""purchaseDate"":""12/14/23"",""endOwnershipDate"":""08/21/26"",""city"":""Miami"",""state"":""FL""}']",5,29,1,"2026-08-21","ENHANCED","NEW",true,"[PREMIUM]","Doral","FL","33172","[PREMIUM]",4.5,338,"QXHRBL0BVA","[PREMIUM]","[PREMIUM]","[PREMIUM]","[PREMIUM]","[PREMIUM]","TOPRATED",,,,,"[PREMIUM]","[PREMIUM]",29,"['Remote Start','Navigation System','Keyless Entry','Fog Lights','Heated Seats','Bucket Seats','Power Liftgate','Blind Spot Monitor','Alloy Wheels','Lane Departure Warning']",10,"['4-Wheel Disc Brakes','AM/FM','Adaptive Cruise Control','Adjustable Steering Wheel','Air Conditioning','All-Season Tires','Anti-Lock Brakes','Anti-Theft System','Auto-Dimming Mirror','Automatic Headlights','Aux Audio Adapter','Braking Assist','Child Safety Locks','Cross Traffic Alert','Daytime Running Lights','Driver Adjustable Lumbar','Engine Immobilizer','Floor Mats','Front Airbags (Driver)','Front Airbags (Passenger)','Front Head Airbag','Front Side Airbags (Driver)','Handsfree Power Liftgate','Handsfree/Bluetooth Integration','Heated Mirrors','Integrated Garage Door Opener','Keyless Ignition','Lane Keeping System','Leather Steering Wheel','MP3','Memory Mirrors','Multi-Zone Climate Control','Pass-Through Rear Seat','Power Locks','Power Mirrors','Power Seat (Dual)','Power Steering','Power Windows','Privacy Glass','Rain-Sensing Wipers','Rear Head Airbags','Rear Parking Sensors','Rear Spoiler','Rear Window Defroster','Rear-View Camera','Remote Trunk Release','Satellite Radio','Seat Memory','Smart Device Integration','Stability Control','Steering Wheel Controls','Sun/Moonroof','Telematics System','Tire Pressure Monitoring System','Traction Control','Trip Computer','Turn Signal Mirrors','Vanity Mirror/Light','Wi-Fi Hotspot']",59,"ALL INVENTORY IS ON MIAMI NOT TAMPA. BUY WITH CONFIDENCE! WE LOVE TRADES! HASSLE FREE FINANCE PLANS FOR EVERYONE! PLEASE CALL TO ENSURE AVAILABILITY AS OUR INVENTORY CHANGES BY THE HOUR. AFFORDABLE FINANCE PLANS! EASY FINANCE OPTIONS! ALL INVENTORY IS READY FOR INSTANT DELIVERY! Recent Arrival! NO ACCIDENTS OR ISSUES, COMPLETE 182 POINT MANUFACTURERS INSPECTION, FULL SERVICE PERFORMED, LOW MILES, NAVIGATION SYSTEM, BACK UP CAMERA, LOW PRICE AND A GREAT VALUE, LOOKS AND FEELS LIKE A NEW CAR. 21/28 City/Highway MPG Gray 2024 Lexus NX 350 Premium 2.4L I4 DOHC 16V<br /><br /><br />ALL INVENTORY IS ON MIAMI NOT TAMPA. BUY WITH CONFIDENCE! WE LOVE TRADES! HASSLE FREE FINANCE PLANS FOR EVERYONE! PLEASE CALL TO ENSURE AVAILABILITY AS OUR INVENTORY CHANGES BY THE HOUR. AFFORDABLE FINANCE PLANS! EASY FINANCE OPTIONS! ALL INVENTORY IS READY FOR INSTANT DELIVERY! WE OFFER THE LOWEST RATE FINANCING AVAILABLE FOR APPROVED CREDIT AND FOR CHALLENGED CREDIT. Not all consumers will qualify. This is an estimated interest rate. Manufacturers incentives may apply. See dealer for details. Personal checks and credit cards are accepted however have dollar amount limits. We do not sell to dealers or wholesalers. Most vehicles will only come with one key and will probably not have floor mats. Price does not include tax, title, or license. Prices include $1,199 dealer doc fee and $439 Electronic Filing Fee. Online prices are applicable only to Florida Residents. Optional equipment and accessories available, see dealer for details. All offers are mutually exclusive. See dealer for details. While every reasonable effort is made to ensure the accuracy of this information, we are not responsible for any pricing errors or pricing and information omissions contained on these pages. All vehicles subject to prior sale. Please call or email dealer for complete details, to verify availability and to verify all online information. We do not hold vehicles or accept deposits. All transactions are subject to final dealer acceptance.","[PREMIUM]","[PREMIUM]",191.45,
"1FMSK8JH6RGA86159OL5WTEF04120260812","2026-09-04 04:19:45.033","2026-09-04 04:19:45.033","[PREMIUM]","[PREMIUM]","P184986",2024,"Ford","Explorer","Timberline",,"SUV","Gray","Green","4 Cyl","2.3 L","4WD","Automatic","Gasoline",18337,"[PREMIUM]","[PREMIUM]",39370,"GREAT","Used",,,19,22,21,true,true,true,true,"['{""ownerNumber"":1,""purchaseDate"":""12/24/24"",""endOwnershipDate"":""08/11/26"",""city"":""Miami"",""state"":""FL""}']",5,33,1,"2026-08-12","ENHANCED","NEW",true,"[PREMIUM]","Miami","FL","33150","[PREMIUM]",4.5,959,"OL5WTEF041","[PREMIUM]","[PREMIUM]","[PREMIUM]","[PREMIUM]","[PREMIUM]","TOPRATED","GREAT","AVERAGE","LOW",470,"[PREMIUM]","[PREMIUM]",33,"['Technology Package','Navigation System','Ecoboost','Keyless Entry','Fog Lights','Spoiler','Heated Seats','Heated Steering Wheel','Power Liftgate','18 Inch Wheels']",10,"['110V Power Outlet','2nd Row Bench Seat','2nd Row Split/Folding Seats','3rd Row Bench Seat','4-Wheel Disc Brakes','4-Wheel Independent Suspension','6 Speakers','AM/FM','Adjustable Steering Wheel','Air Conditioning','Alloy Wheels','Android Auto','Anti-Lock Brakes','Anti-Theft System','Apple Carplay','Auto Climate Control','Auto-Dimming Mirror','Automatic Headlights','Bang %26 Olufsen Sound System','Body Colored Bumpers','Braking Assist','Captains Chairs','Compass','Cruise Control','Delay-Off Headlights','Door Bin','Dual Sun/Moonroof','Dual-Zone Climate Control','Emergency Communication System','Fordpass Connect','Front Airbags (Driver)','Front Airbags (Passenger)','Front Anti-Roll Bar','Front Bucket Seats','Front Center Armrest','Front Knee Airbags (Driver)','Front Side Airbags (Driver)','Front Side Airbags (Passenger)','Heated Mirrors','High-Beam Assist','Illuminated Entry','Integrated Garage Door Opener','Intermittent Wipers','Leather Steering Wheel','Limited Slip Differential','Overhead Airbag','Overhead Console','Paddle Shifter','Panic Button','Passenger Sensing Airbag','Power Folding 3rd Row Seats','Power Mirrors','Power Seat (Dual)','Power Steering','Power Windows','Reading Lights','Rear Air Conditioning','Rear Anti-Roll Bar','Rear Heated Seats','Rear Power Seats','Rear Window Defroster','Rear Window Wiper','Rear-View Camera','Remote Keyless Entry','Satellite Radio','Side and Top View Camera','Speed-Sensing Steering','Sport Steering Wheel','Stability Control','Steering Wheel Controls','Sync 3','Tachometer','Telematics System','Thermometer','Third Row Seating','Tire Pressure Monitoring System','Touch-Screen Display','Traction Control','Trip Computer','Turbocharger','Vanity Mirror/Light','Voice-Activated Command System','Warranty','Wheel Locks','Wi-Fi Hotspot','Wireless Phone Charger']",86,"Experience the Metro Ford difference—serving Miami with transparent pricing and expert Ford knowledge since 1983.<br /><br />This 2024 Ford Explorer Timberline in Gray delivers capability and refinement in a versatile three-row SUV. Powered by a 2.3L EcoBoost engine with 10-speed automatic transmission and 4WD, it combines efficiency with performance. With just over 18,000 miles, this one-owner Explorer remains under factory warranty and has passed a comprehensive 172-point inspection with a clean CarFax and no accident history.<br /><br />- Twin Panel Moonroof<br />- SYNC 3 with Apple CarPlay and Android Auto<br />- Navigation System with Voice-Activated Touchscreen<br />- Heated ActiveX Trimmed Captain's Chairs with Power Passenger Seat<br />- Timberline Technology Package<br />- B&amp;O Sound System by Bang &amp; Olufsen<br />- 360-Degree Camera<br />- Wireless Charging Pad<br />- Heated Steering Wheel<br />- FordPass Connect with 4G LTE Wi-Fi Hotspot<br /><br />This Explorer earns exceptional fuel economy at 19 city and 22 highway MPG. The Timberline trim elevates the ownership experience with premium comfort and convenience features throughout. Dual-zone automatic climate control, heated front and rear seats, and a power liftgate add everyday practicality, while the SelectShift capability and paddle shifters provide driving engagement when you want it.<br /><br />As a Ford Blue Certified vehicle, this Explorer includes:<br />- 139 Point Inspection<br />- Roadside Assistance<br />- Transferable Warranty with $100 Deductible<br />- Limited Warranty: 3 Month/4,000 Mile (whichever comes first) after new car warranty expires<br />- 11,000 FordPass Rewards Points toward your first maintenance visit<br />- Vehicle History Report<br />- Ford Blue Advantage Program benefits covering certified Ford and non-Ford models<br /><br />This is a premium three-row SUV ready for your family's adventures. Visit us today to experience the Timberline difference.","[PREMIUM]","[PREMIUM]",191.45,
"3GKALUEG5SL276063JGEQSIN00120260828","2026-09-04 02:19:29.581","2026-09-04 02:19:29.581","[PREMIUM]","[PREMIUM]","W276063",2025,"GMC","Terrain","Elevation",,"SUV","Gray",,"4 Cyl","1.5 L","AWD","Automatic","Gasoline",2652,"[PREMIUM]","[PREMIUM]",33420,"GREAT","Used",,,24,28,25,true,true,true,true,"['{""ownerNumber"":1,""purchaseDate"":""05/12/25"",""endOwnershipDate"":""08/27/26"",""city"":""College Place"",""state"":""WA""}']",4,42,0,"2026-08-28","ENHANCED","NEW",true,"[PREMIUM]","College Place","WA","99324","[PREMIUM]",4.5,26,"JGEQSIN001","[PREMIUM]","[PREMIUM]","[PREMIUM]","[PREMIUM]","[PREMIUM]","ADVANTAGE","GREAT","LOW","LOW",190,"[PREMIUM]","[PREMIUM]",42,"['Technology Package','Premium Package','Convenience Package','Preferred Equipment Package','Keyless Entry','Fog Lights','Spoiler','Heated Seats','Heated Steering Wheel','Roof Rails']",10,"['17 Inch Wheels','19 Inch Wheels','2nd Row Split/Folding Seats','4-Wheel Disc Brakes','4-Wheel Independent Suspension','6 Speakers','AM/FM','Adjustable Seats','Adjustable Steering Wheel','Air Conditioning','Alloy Wheels','Android Auto','Anti-Lock Brakes','Anti-Theft System','Apple Carplay','Auto Climate Control','Automatic Headlights','Body Colored Bumpers','Braking Assist','Camera Washer','Cloth Seats','Compass','Convenience Package II','Cruise Control','Delay-Off Headlights','Door Bin','Driver Adjustable Lumbar','Dual-Zone Climate Control','Emergency Communication System','Front Airbags (Driver)','Front Airbags (Passenger)','Front Anti-Roll Bar','Front Bucket Seats','Front Center Armrest','Front Side Airbags (Driver)','Front Side Airbags (Passenger)','GMC Infotainment System','Handsfree Power Liftgate','Heated Mirrors','High-Beam Assist','Illuminated Entry','Integrated Garage Door Opener','LED Fog Lights','Overhead Airbag','Panic Button','Passenger Sensing Airbag','Pedestrian Alert System','Power Mirrors','Power Panorama Sunroof','Power Seat (Dual)','Power Steering','Power Windows','Premium Sound System','Radio Data System','Rain-Sensing Wipers','Reading Lights','Rear Anti-Roll Bar','Rear Center Armrest','Rear Window Defroster','Rear Window Wiper','Rear-View Camera','Rear-View Mirror Camera','Remote Keyless Entry','Satellite Radio','Seat Memory','Side and Top View Camera','Speed-Sensing Steering','Stability Control','Steering Wheel Controls','Tachometer','Technology Package II','Thermometer','Tire Pressure Monitoring System','Traction Control','Traffic Sign Recognition','Trip Computer','Vanity Mirror/Light','Windshield Wiper Heater','Wireless Phone Charger']",79,"UNDERRINER PRICE $29,988 AND COMES WITH OUR EXXCLUSIVE LIFETIME POWERTRAIN WARRANTY AT NO ADDITONAL COST TO YOU.<br /><br />CALL 509-204-1412 TODAY FOR YOUR PERSONAL VIP SHOWING/TEST DRIVE.<br /><br />UNDERRINER HONDA, WALK IN AS A GUEST AND DRIVE OFF AS FAMILY. SERVING THE NORTHWEST SINCE 1944<br /><br /><br />2025 GMC Terrain Elevation<br />Clean CARFAX.<br /><br /><br />AWD. Riverstone Metallic<br /><br /><br />At all Underriner Automotive Dealerships we offer a 3-Day Money-Back Guarantee on every car we sell. And for select vehicles that are newer than 5-years old and less than 75,000 miles, we include a complimentary Lifetime Powertrain Warranty! Ask us for details and schedule your drive today at https://www.UnderrinerHondaofWallaWalla.com We offer a 100% Online buying process, test drive from home or work, remote financing, and home delivery complimentary. Learn more at https://www.UnderrinerHondaofWallaWalla.com or call 509-204-1412. Family-owned since 1944! When you choose Underriner you can be sure you're investing in our community.","[PREMIUM]","[PREMIUM]",189.25,
"2T3P1RFV7SW56553927323A648E20260901","2026-09-04 02:19:29.533","2026-09-04 02:19:29.533","[PREMIUM]","[PREMIUM]","BB2232",2025,"Toyota","RAV4","XLE",,"SUV","Silver","Black","4 Cyl","2.5 L","AWD","Automatic","Gasoline",36289,"[PREMIUM]","[PREMIUM]",33740,"GOOD","Used",,,25,33,28,true,true,,true,"['{""ownerNumber"":1,""purchaseDate"":""07/10/25"",""endOwnershipDate"":""08/18/26"",""city"":""Midvale"",""state"":""UT""}']",2,22,0,"2026-09-01","ENHANCED","NEW",true,"[PREMIUM]","Boise","ID","83705","[PREMIUM]",3.5,2,"27323A648E","[PREMIUM]","[PREMIUM]","[PREMIUM]","[PREMIUM]","[PREMIUM]","ADVANTAGE","GREAT","AVERAGE","LOW",310,"[PREMIUM]","[PREMIUM]",22,"['Keyless Entry','Spoiler','Alloy Wheels','Smart Key','17 Inch Wheels','Heated Mirrors','Satellite Radio','Cloth Seats']",8,"['2nd Row Split/Folding Seats','4-Wheel Disc Brakes','4-Wheel Independent Suspension','6 Speakers','AM/FM','Adjustable Steering Wheel','Air Conditioning','All-Season Tires','Anti-Lock Brakes','Auto Climate Control','Automatic Headlights','Body Colored Bumpers','Braking Assist','Cloth Upholstery','Cruise Control','Delay-Off Headlights','Door Bin','Dual-Zone Climate Control','Emergency Communication System','Front Airbags (Driver)','Front Airbags (Passenger)','Front Anti-Roll Bar','Front Bucket Seats','Front Center Armrest','Front Knee Airbags (Driver)','Front Side Airbags (Driver)','Front Side Airbags (Passenger)','Handsfree/Bluetooth Integration','High-Beam Assist','Illuminated Entry','Intermittent Wipers','Overhead Airbag','Overhead Console','Panic Button','Passenger Sensing Airbag','Power Mirrors','Power Seat (Dual)','Power Steering','Power Windows','Radio Data System','Reading Lights','Rear Anti-Roll Bar','Rear Center Armrest','Rear Window Defroster','Rear Window Wiper','Rear-View Camera','Remote Keyless Entry','Safety Connect','Speed-Sensing Steering','Stability Control','Steering Wheel Controls','Tachometer','Thermometer','Tire Pressure Monitoring System','Traction Control','Trip Computer','Turn Signal Mirrors','Vanity Mirror/Light']",58,"This stunning 2025 Toyota RAV4 XLE in silver delivers the perfect blend of capability and comfort for today's driver. With its responsive 2.5L 4-cylinder engine paired with an 8-speed automatic transmission and AWD, you'll enjoy confident performance whether navigating city streets or highway drives. Achieving an impressive 27 city and 33 highway MPG, this RAV4 keeps you moving efficiently while the XLE trim brings premium touches and modern conveniences that make every drive enjoyable.<br /><br />**Key Features:**<br />- All-Wheel Drive for enhanced traction and control<br />- Exterior Parking Camera Rear for added safety during reversals<br />- Automatic Climate Control with front dual zone A/C<br />- Power driver seat with full adjustability<br />- SiriusXM satellite radio and Bluetooth-capable audio system<br />- Electronic Stability Control and traction control<br />- Toyota Safety Connect emergency communication system with 10-year trial<br />- Heated power door mirrors with turn signal indicators<br />- Remote keyless entry and proximity key access<br />- 17-inch silver alloy wheels with all-season tires<br /><br />At 36,289 miles, this RAV4 carries the reliability Toyota owners know and trust while offering years of driving ahead. The vehicle shows excellent condition, with well-maintained interior and exterior surfaces ready for its next owner.<br /><br />Don't miss the chance to own this versatile, fuel-efficient RAV4 XLE. Visit us today to schedule a test drive and experience the quality and performance that have made RAV4 America's favorite SUV.<br /><br />Family owned and operated for over 50 years!","[PREMIUM]","[PREMIUM]",159.25,
"JF2SLDTC1SH596609YXNXIWEFEE20260827","2026-09-04 02:19:29.529","2026-09-04 02:19:29.529","[PREMIUM]","[PREMIUM]","6596609",2025,"Subaru","Forester","Touring",,"SUV","White","Brown","4 Cyl","2.5 L","AWD","Automatic","Gasoline",19722,"[PREMIUM]","[PREMIUM]",37350,"GREAT","Used",,,26,33,29,true,true,,true,"['{""ownerNumber"":1,""purchaseDate"":""09/16/25"",""endOwnershipDate"":""08/20/26"",""city"":""Othello"",""state"":""WA""}']",5,35,0,"2026-08-27","ENHANCED","NEW",true,"[PREMIUM]","Pasco","WA","99301","[PREMIUM]",4.5,1303,"YXNXIWEFEE","[PREMIUM]","[PREMIUM]","[PREMIUM]","[PREMIUM]","[PREMIUM]","TOPRATED",,,,,"[PREMIUM]","[PREMIUM]",35,"['Navigation System','Keyless Entry','Fog Lights','Spoiler','Leather Seats','Heated Seats','Heated Steering Wheel','Roof Rails','Power Liftgate','Blind Spot Monitor']",10,"['11 Speakers','19 Inch Wheels','2nd Row Split/Folding Seats','4-Wheel Disc Brakes','4-Wheel Independent Suspension','AM/FM','Adaptive Cruise Control','Adjustable Steering Wheel','Air Conditioning','Alloy Wheels','Android Auto','Anti-Lock Brakes','Anti-Theft System','Apple Carplay','Auto Climate Control','Auto-Dimming Mirror','Automatic Headlights','Body Colored Bumpers','Body Side Moldings','Braking Assist','Cargo Tray','Door Bin','Downhill-Assist Control','Dual-Zone Climate Control','Emergency Communication System','Front Airbags (Driver)','Front Airbags (Passenger)','Front Anti-Roll Bar','Front Bucket Seats','Front Center Armrest','Front Knee Airbags (Driver)','Front Side Airbags (Driver)','Front Side Airbags (Passenger)','Handsfree Power Liftgate','Handsfree/Bluetooth Integration','Harman/Kardon Sound System','Head Restraint Whiplash Protection','Heated Mirrors','High-Beam Assist','Illuminated Entry','Intermittent Wipers','Keyless Ignition','LED Lights','Leather Steering Wheel','Leather Trimmed Interior','Leather Trimmed Seats','Overhead Airbag','Overhead Console','Panic Button','Passenger Sensing Airbag','Perforated Seats','Power Mirrors','Power Panorama Sunroof','Power Seat (Dual)','Power Steering','Power Windows','Radio Data System','Reading Lights','Rear Anti-Roll Bar','Rear Center Armrest','Rear Heated Seats','Rear Window Defroster','Rear Window Wiper','Rear-View Camera','Remote Keyless Entry','Satellite Radio','Seat Memory','Speed-Sensing Steering','Splash Guards','Stability Control','Steering Wheel Controls','Tachometer','Telematics System','Thermometer','Tire Pressure Monitoring System','Touch-Screen Display','Traction Control','Trip Computer','Turn Signal Mirrors','Vanity Mirror/Light','Ventilated Seats']",81,"Level up to our Accident Free, One Owner 2025 Subaru Forester Touring AWD to enjoy a grand tour of your own in Crystal White Pearl! Motivated by a 2.5 Liter BOXER 4 Cylinder delivering 180hp to a paddle-shifted Lineartronic CVT. This All Wheel Drive SUV is also easy to maneuver in town, returns nearly 32mpg on the highway, and features X-MODE and active torque vectoring for trail time. Our Forester looks good as you go since it shows off a panoramic sunroof, adaptive LED lighting, fog lamps, a hands-free liftgate, low-profile roof rails, alloy wheels, and dark gray mirror caps.<br /><br />Our Touring cabin is a comfortable command post for confident travel. Come check out deluxe details like heated leather power front seats, a heated one-touch folding back row, a heated leather steering wheel, dual-zone automatic climate control, keyless access, pushbutton ignition, and immersive audio from a Harman Kardon sound system. Additional digital convenience comes from the 11.6-inch touchscreen, Apple CarPlay®, Android Auto®, WiFi compatibility, Bluetooth®, and full-color navigation.<br /><br />Subaru helps seal the deal with sophisticated safety measures such as front/rear auto braking, a driver-distraction monitor, automatic emergency steering, a rearview camera, adaptive cruise control, hill-descent control, blind-spot monitoring, and more. You can be well prepared for what comes next in our Forester Touring! Save this Page and Call for Availability. We Know You Will Enjoy Your Corwin Ford Tri-City Test Drive Towards Ownership! <br /><br />A free Carfax vehicle history report is available on all used vehicles at corwinfordtricities.com. Corwin Ford of Tri-Cities proudly serves the Pasco, Kennewick, and Richland area with quality new and used vehicles. Family owned for over 100 years. All prices plus applicable sales tax and licensing. A negotiable documentary service fee up to $200 may be added to sales price or capitalized cost of the vehicle. Pricing may not include $399 Pulse or $399 Corwin Connect fee. One vehicle unless otherwise noted and subject to prior sale without notice. While supplies last. EPA mileage estimates are for newly manufactured vehicles only. Your actual mileage will vary depending on how you drive and maintain your vehicle.","[PREMIUM]","[PREMIUM]",164.25,
"1C4RJHAG6SC335022Y9MXLSHKAV20260828","2026-09-04 02:19:29.524","2026-09-04 02:19:29.524","[PREMIUM]","[PREMIUM]","26UD125",2025,"Jeep","Grand Cherokee","Laredo",,"SUV","White",,"6 Cyl","3.6 L","4WD","Automatic","Gasoline",14964,"[PREMIUM]","[PREMIUM]",37470,"GREAT","Used",,,19,26,22,true,true,,,"[]",6,26,0,"2026-08-28","ENHANCED","NEW",true,"[PREMIUM]","Lewiston","ID","83501","[PREMIUM]",4.5,368,"Y9MXLSHKAV","[PREMIUM]","[PREMIUM]","[PREMIUM]","[PREMIUM]","[PREMIUM]","TOPRATED",,,,,"[PREMIUM]","[PREMIUM]",26,"['Keyless Entry','Heated Seats','Roof Rails','Power Liftgate','Blind Spot Monitor','Alloy Wheels','Luggage Rack','Led Lights','20 Inch Wheels','Lane Departure Warning']",10,"['AM/FM','Adaptive Cruise Control','Adjustable Seats','Adjustable Steering Wheel','Air Conditioning','Anti-Lock Brakes','Anti-Theft System','Daytime Running Lights','Dual Airbags','Front Knee Airbags (Driver)','Front Knee Airbags (Passenger)','Handsfree/Bluetooth Integration','Hill Assist System','Keyless Ignition','Lane Keeping System','Parking Assist System','Power Locks','Power Seat (Dual)','Power Steering','Power Sun/Moonroof','Power Windows','Premium Wheels','Rear Spoiler','Rear-View Camera','Satellite Radio','Side Airbags','Side Curtain Airbags','Stability Control','Telematics System','Traction Control','Uconnect System','Warranty']",32,"<b>Summary</b><br />Rogers Chrysler Jeep Dodge Ram's mission is to ensure all our customers have a positive auto buying experience and are completely satisfied with their new vehicle. We are honored at the opportunity to earn your business. Our experienced Rogers Chrysler Jeep Dodge Ram team is excited to assist you in your next vehicle purchase. Welcome to the best source for online deals.<br /><br /><b>Vehicle Details</b><br />Explore this pre-owned 2025 Jeep Grand Cherokee Laredo, now available in Lewiston, ID. With only 10,446 miles, this SUV offers low mileage and the confidence of a modern Jeep built for everyday driving and weekend travel. Equipped with 4WD and a V6, 3.6L Gasoline engine, it delivers capable performance for Idaho roads, rough weather, and outdoor adventures.<br /><br />Inside, you'll find comfort and convenience features designed to enhance every drive. Enjoy XM Radio and Satellite Radio for more listening options, a Sun Roof for open-air enjoyment, and a Back-Up Camera for added awareness when parking or reversing. Adaptive Cruise Control helps make highway driving more relaxed, while the Jeep Grand Cherokee Laredo's spacious cabin and refined design bring versatility to family trips, commutes, and road trips alike.<br /><br />If you're searching for a pre-owned Jeep Grand Cherokee in Lewiston, ID, this 2025 Laredo is a strong choice. It combines trusted 4WD capability, low mileage, and popular tech features in one well-rounded SUV. Its bold styling, comfortable seating, and advanced safety-minded technology make it a smart option for drivers seeking a reliable midsize SUV. Visit today to see why this Jeep Grand Cherokee stands out on the road and on the lot in person today.<br /><br /><b>Equipment</b><br />This vehicle has four wheel drive capabilities. This unit has automated speed control that adjusts to maintain a safe following distance, enhancing highway driving convenience. Protect this vehicle from unwanted accidents with a cutting edge backup camera system. It has a clean CARFAX vehicle history report. This vehicle features cruise control for long trips. The Electronic Stability Control will keep you on your intended path. It has a V6, 3.6L high output engine. Front and rear side curtain airbags are included on this unit. Stay safe with additional front side curtain airbags. Bluetooth technology is built into this 2025 Jeep Grand Cherokee , keeping your hands on the steering wheel and your focus on the road. With the keyless entry system on this 2025 Jeep Grand Cherokee you can pop the trunk without dropping your bags from the store. Load groceries and much more with ease into it thanks to the power liftgate. A front power adjustable seat increases driver comfort. This Jeep Grand Cherokee looks aggressive with a streamlined rear spoiler. The sunroof in this Jeep Grand Cherokee is a great way to control temperature and let the outside in. The vehicle comes standard with a state of the art traction control system. The vehicle shines with clean polished lines coated with an elegant white finish. with XM/Sirus Satellite Radio you are no longer restricted by poor quality local radio stations while driving this model. Anywhere on the planet, you will have hundreds of digital stations to choose from.<br /><br /><b>Additional Information</b><br />Call today to schedule a vehicle showing with an experienced Rogers Chrysler Jeep Dodge Ram consultant. If you have a quick question about this unit, don't hesitate to call. Swing by today to view our entire Rogers Chrysler Jeep Dodge Ram inventory. Now that you found a vehicle you like, let's schedule a time for you to take a pressure free test drive.","[PREMIUM]","[PREMIUM]",173.5,
"JM3KKEHD0S12241850A98SSTAI120260829","2026-09-04 02:19:29.524","2026-09-04 02:19:29.524","[PREMIUM]","[PREMIUM]","26UL381",2025,"Mazda","CX-90","Premium Plus",,"SUV","Red","White","6 Cyl","3.3 L","AWD","Automatic","Gasoline",11592,"[PREMIUM]","[PREMIUM]",40540,"GOOD","Used",,,23,28,25,true,true,true,true,"['{""ownerNumber"":1,""purchaseDate"":""04/19/25"",""endOwnershipDate"":""05/22/26"",""city"":""Umatilla"",""state"":""OR""}']",6,17,0,"2026-08-29","ENHANCED","NEW",true,"[PREMIUM]","Lewiston","ID","83501","[PREMIUM]",4.8,765,"0A98SSTAI1","[PREMIUM]","[PREMIUM]","[PREMIUM]","[PREMIUM]","[PREMIUM]","TOPRATED",,,,,"[PREMIUM]","[PREMIUM]",17,"['Premium Plus Package','Remote Start','Navigation System','Keyless Entry','Leather Seats','Heated Seats','Heated Steering Wheel','Power Liftgate','Blind Spot Monitor','Third Row Seating']",10,"['Active Blind Spot','Adaptive Cruise Control','Adjustable Lumbar Support','Air Conditioning','Android Auto','Apple Carplay','Automatic Headlights','Braking Assist','Collision Warning System','Confidence Package','Digital Instrument Cluster','Driver Attention Alert System','Dual-Zone Climate Control','Front Cross Traffic Alert','Handsfree/Bluetooth Integration','Head-Up Display','High-Beam Assist','Keyless Ignition','Lane Departure Warning','Lane Keeping System','Mazda Connect','Pedestrian Alert System','Power Seat (Dual)','Rear A/C Controls','Rear Heated Seats','Rear-View Camera','Smart Device Integration','Speed Limit Assist','Steering Wheel Controls','Stop and Go Assist','Sun/Moonroof','Telematics System','Touch-Screen Display','Traffic Sign Recognition','Ventilated Seats','Voice-Activated Command System','Wi-Fi Hotspot']",37,"The leather seats in this model are a must for buyers looking for comfort, durability, and style. See what's behind you with the back up camera on this 1/2 ton suv. You'll never again be lost in a crowded city or a country region with the navigation system on this unit. Lane Keep Assist in this 2025 Mazda CX-90 helps maintain safe driving by gently steering to stay within the lane. This 2025 Mazda CX-90 's blind spot monitor enhances safety. This model has a clean CARFAX vehicle history report. This 2025 Mazda CX-90 offers Apple CarPlay for seamless connectivity. This vehicle is pure luxury with a heated steering wheel. Start this 2025 Mazda CX-90 from inside with remote start. This vehicle is a certified CARFAX 1-owner. This Mazda CX-90 offers Android Auto for seamless smartphone integration. Bluetooth technology is built into it, keeping your hands on the steering wheel and your focus on the road.","[PREMIUM]","[PREMIUM]",170,
"1C4RDJDG7SC537068SFX54ZJ00120260828","2026-09-04 02:19:29.523","2026-09-04 02:19:29.523","[PREMIUM]","[PREMIUM]","44535",2025,"Dodge","Durango","GT",,"SUV","Red","Black","6 Cyl","3.6 L","AWD","Automatic","Gasoline",52221,"[PREMIUM]","[PREMIUM]",31030,"GOOD","Used",,,17,24,20,true,true,,true,"['{""ownerNumber"":1,""purchaseDate"":""05/14/25"",""endOwnershipDate"":""08/28/26"",""city"":""Lombard"",""state"":""IL""}']",4,28,0,"2026-08-28","ENHANCED","NEW",true,"[PREMIUM]","Missoula","MT","59808","[PREMIUM]",4.1,211,"SFX54ZJ001","[PREMIUM]","[PREMIUM]","[PREMIUM]","[PREMIUM]","[PREMIUM]","TOPRATED",,,,,"[PREMIUM]","[PREMIUM]",28,"['Remote Start','Navigation System','Keyless Entry','Heated Seats','Heated Steering Wheel','Bucket Seats','Power Liftgate','Blind Spot Monitor','Alloy Wheels','Third Row Seating']",10,"['4-Wheel Disc Brakes','AM/FM','Adjustable Steering Wheel','Air Conditioning','Anti-Lock Brakes','Auto-Dimming Mirror','Automatic Headlights','Aux Audio Adapter','Braking Assist','Child Safety Locks','Cloth Seats','Compact Spare Tire','Cross Traffic Alert','Cruise Control','Daytime Running Lights','Driver Adjustable Lumbar','Dual-Zone Climate Control','Engine Immobilizer','Floor Mats','Front Airbags (Driver)','Front Airbags (Passenger)','Front Head Airbag','Front Side Airbags (Driver)','Handsfree/Bluetooth Integration','Heated Mirrors','High Performance Tires','Integrated Garage Door Opener','Intermittent Wipers','Keyless Ignition','Leather Steering Wheel','MP3','Multi-Zone Climate Control','Onboard Communications System','Pass-Through Rear Seat','Power Locks','Power Mirrors','Power Seat (Dual)','Power Steering','Power Windows','Privacy Glass','Rear Air Conditioning','Rear Head Airbags','Rear Parking Sensors','Rear Spoiler','Rear Window Defroster','Rear-View Camera','Remote Trunk Release','Satellite Radio','Smart Device Integration','Stability Control','Steering Wheel Controls','Telematics System','Tire Pressure Monitoring System','Traction Control','Trip Computer','Vanity Mirror/Light','Wi-Fi Hotspot','iPod Adapter']",58,"CARFAX 1-Owner. Octane Red Pearlcoat exterior and Black interior, GT trim. FUEL EFFICIENT 24 MPG Hwy/17 MPG City! READ MORE!<br /><br />KEY FEATURES INCLUDE<br />Third Row Seat, Navigation, All Wheel Drive, Power Liftgate, Rear Air, Heated Driver Seat, Back-Up Camera, Satellite Radio, iPod/MP3 Input, Onboard Communications System, Aluminum Wheels, Remote Engine Start, Dual Zone A/C, Blind Spot Monitor, WiFi Hotspot Rear Spoiler, MP3 Player, Keyless Entry, Privacy Glass, Remote Trunk Release. <br /><br />OPTION PACKAGES<br />TRANSMISSION: 8-SPEED AUTOMATIC (850RE) (STD), ENGINE: 3.6L V6 24V VVT UPG I W/ESS (STD). Dodge GT with Octane Red Pearlcoat exterior and Black interior features a V6 Cylinder Engine with 295 HP at 6400 RPM*. <br /><br />EXPERTS ARE SAYING<br />Great Gas Mileage: 24 MPG Hwy. CARFAX 1-Owner <br /><br />BUY FROM AN AWARD WINNING DEALER<br />At Lithia Chrysler Jeep Dodge of Missoula we offer a great selection of second hand cars, used pickups and pre-owned SUVs from todays leading manufacturers. Come see us today and experience a long term staff full of hard workers that will show you a fantastic selection of new and used vehicles. All with the best prices and financing around. And customer service that will have you telling your friends and family that Missoula Chrysler Jeep Dodge is the ONLY place to shop. <br /><br />Price does not include title and license. Prices include $499 dealer doc fee and $799 PermaPlate Fee.<br />","[PREMIUM]","[PREMIUM]",169.25,
"1FMDE8BH8SLA7661656NUOIY00120260829","2026-09-04 02:19:29.504","2026-09-04 02:19:29.504","[PREMIUM]","[PREMIUM]","PV27570",2025,"Ford","Bronco","Outer Banks",,"SUV","Green","Black","4 Cyl","2.3 L","4WD","Automatic","Gasoline",12047,"[PREMIUM]","[PREMIUM]",46570,"GREAT","Used",,,18,22,20,true,true,,true,"['{""ownerNumber"":1,""purchaseDate"":""07/18/25"",""endOwnershipDate"":""02/26/26"",""city"":""Seattle"",""state"":""WA""}']",2,,0,"2026-08-29","ENHANCED","NEW",true,"[PREMIUM]","Boise","ID","83709","[PREMIUM]",4.6,782,"56NUOIY001","[PREMIUM]","[PREMIUM]","[PREMIUM]","[PREMIUM]","[PREMIUM]","TOPRATED",,,,,"[PREMIUM]","[PREMIUM]",,"['Navigation System','Ecoboost','Keyless Entry','Fog Lights','Leather Seats','Heated Seats','Heated Steering Wheel','Bucket Seats','18 Inch Wheels','Alloy Wheels']",10,"['2nd Row Split/Folding Seats','4-Wheel Disc Brakes','7 Speakers','AM/FM','Adjustable Steering Wheel','Air Conditioning','Anti-Lock Brakes','Anti-Theft System','Auto Climate Control','Auto-Dimming Mirror','Automatic Headlights','Beverage Holder','Braking Assist','Compass','Cruise Control','Delay-Off Headlights','Door Bin','Dual-Zone Climate Control','Emergency Communication System','Fordpass Connect','Front Airbags (Driver)','Front Airbags (Passenger)','Front Anti-Roll Bar','Front Bucket Seats','Front Center Armrest','Front Side Airbags (Driver)','Front Side Airbags (Passenger)','Hard Top','Heated Mirrors','High-Beam Assist','Illuminated Entry','Independent Suspension','Intermittent Wipers','Leather Shift Knob Trim','Leather Trimmed Interior','Leather Trimmed Seats','Mid Package','Overhead Airbag','Overhead Console','Panic Button','Passenger Sensing Airbag','Power Mirrors','Power Seat (Dual)','Power Steering','Power Windows','Radio Data System','Reading Lights','Rear Center Armrest','Rear Window Defroster','Rear-View Camera','Remote Keyless Entry','Rollover Protection Bars','Satellite Radio','Stability Control','Steering Wheel Controls','Sync 4','Tachometer','Telematics System','Thermometer','Tire Pressure Monitoring System','Traction Control','Trip Computer','Vanity Mirror/Light','Vinyl Seats']",64,"Recent Arrival! CARFAX One-Owner. Odometer is 5666 miles below market average!<br /><br />We have a strong and committed sales staff with many years of experience satisfying our customers' needs. Feel free to browse our VW new car inventory or used cars for sale online, request more information about vehicles, set up a test drive or inquire about financing! If you don't see what you are looking for, click on CarFinder, fill out the form, and we will let you know when vehicles arrive that match your search! Or if you would rather discuss your options with our friendly sales staff, click on Hours &amp; Directions for interactive driving directions and other contact information. We look forward to serving you!<br /><br /><br />We have a strong and committed sales staff with many years of experience satisfying our customers' needs. Feel free to browse our VW new car inventory or used cars for sale online, request more information about vehicles, set up a test drive or inquire about financing! If you don't see what you are looking for, click on CarFinder, fill out the form, and we will let you know when vehicles arrive that match your search! Or if you would rather discuss your options with our friendly sales staff, click on Hours &amp; Directions for interactive driving directions and other contact information. We look forward to serving you! 2025 Ford Bronco 4WD Outer Banks Green Metallic","[PREMIUM]","[PREMIUM]",167.25,
"3PCAJ5JR3SF100755EE4JLVL5P120260826","2026-09-04 02:19:29.454","2026-09-04 02:19:29.454","[PREMIUM]","[PREMIUM]","T065079A",2025,"Infiniti","QX55","Luxe",,"SUV","Gray","Black","4 Cyl","2.0 L","AWD","Automatic","Gasoline",12364,"[PREMIUM]","[PREMIUM]",37100,"GREAT","Used",,,22,28,25,true,true,true,true,"['{""ownerNumber"":1,""purchaseDate"":""10/18/25"",""endOwnershipDate"":""08/26/26"",""city"":""Nampa"",""state"":""ID""}']",3,27,0,"2026-08-26","ENHANCED","NEW",true,"[PREMIUM]","Boise","ID","83704","[PREMIUM]",4.6,444,"EE4JLVL5P1","[PREMIUM]","[PREMIUM]","[PREMIUM]","[PREMIUM]","[PREMIUM]","TOPRATED","GREAT","AVERAGE","LOW",520,"[PREMIUM]","[PREMIUM]",27,"['Cargo Package','Keyless Entry','Fog Lights','Leather Seats','Heated Seats','Power Liftgate','Alloy Wheels','Splash Guards','20 Inch Wheels','Heated Mirrors']",10,"['2nd Row Split/Folding Seats','4-Wheel Disc Brakes','4-Wheel Independent Suspension','6 Speakers','AM/FM','Adjustable Steering Wheel','Air Conditioning','Anti-Lock Brakes','Anti-Theft System','Auto Climate Control','Auto-Dimming Mirror','Automatic Headlights','Beverage Holder','Body Colored Bumpers','Braking Assist','CD (Single Disc)','Cargo Mat','Cargo Net','Cruise Control','Delay-Off Headlights','Door Bin','Dual-Zone Climate Control','Emergency Communication System','Floor Mats','Front Airbags (Driver)','Front Airbags (Passenger)','Front Anti-Roll Bar','Front Bucket Seats','Front Center Armrest','Front Knee Airbags (Driver)','Front Side Airbags (Driver)','Front Side Airbags (Passenger)','High-Beam Assist','Illuminated Entry','Infiniti InTouch','Integrated Garage Door Opener','Intermittent Wipers','Leather Shift Knob Trim','Leather Steering Wheel','Leather Trimmed Seats','Overhead Airbag','Overhead Console','Panic Button','Passenger Sensing Airbag','Power Mirrors','Power Seat (Dual)','Power Steering','Power Sun/Moonroof','Power Windows','Radio Data System','Reading Lights','Rear Anti-Roll Bar','Rear Center Armrest','Rear Parking Sensors','Rear Side Airbags','Rear Spoiler','Rear Window Defroster','Rear Window Wiper','Rear-View Camera','Remote Keyless Entry','Satellite Radio','Seat Memory','Speed-Sensing Steering','Stability Control','Steering Wheel Controls','Tachometer','Telematics System','Thermometer','Tire Pressure Monitoring System','Traction Control','Trip Computer','Turn Signal Mirrors','Vanity Mirror/Light']",73,"Graphite Shadow 2025 INFINITI QX55 LUXE AWD CVT I4<br /><br />Recent Arrival! 22/28 City/Highway MPG Priced below KBB Fair Purchase Price!","[PREMIUM]","[PREMIUM]",176.25,
"1C4RJHBGXSC332462Y9MXLSHKAV20260828","2026-09-04 02:19:29.447","2026-09-04 02:19:29.447","[PREMIUM]","[PREMIUM]","26UD124",2025,"Jeep","Grand Cherokee","Limited Edition",,"SUV","White",,"6 Cyl","3.6 L","4WD","Automatic","Gasoline",15235,"[PREMIUM]","[PREMIUM]",40710,"GREAT","Used",,,19,26,22,true,true,,,"[]",6,32,0,"2026-08-28","ENHANCED","NEW",true,"[PREMIUM]","Lewiston","ID","83501","[PREMIUM]",4.5,368,"Y9MXLSHKAV","[PREMIUM]","[PREMIUM]","[PREMIUM]","[PREMIUM]","[PREMIUM]","TOPRATED",,,,,"[PREMIUM]","[PREMIUM]",32,"['Navigation System','Keyless Entry','Fog Lights','Heated Seats','Roof Rails','Power Liftgate','Blind Spot Monitor','Alloy Wheels','Led Lights','20 Inch Wheels']",10,"['AM/FM','Adaptive Cruise Control','Adjustable Seats','Adjustable Steering Wheel','Air Conditioning','Anti-Lock Brakes','Anti-Theft System','Black Appearance Package','Daytime Running Lights','Dual Airbags','Front Airbags (Driver)','Front Airbags (Passenger)','Front Knee Airbags (Driver)','Front Knee Airbags (Passenger)','HD Radio','Handsfree/Bluetooth Integration','Hill Assist System','Keyless Ignition','Lane Departure Warning','Lane Keeping System','Limited Package','Parking Assist System','Power Locks','Power Seat (Dual)','Power Steering','Power Windows','Premium Wheels','Rear Spoiler','Rear-View Camera','Satellite Radio','Side Airbags','Side Curtain Airbags','Stability Control','Telematics System','Traction Control','Uconnect System','Warranty']",37,"<b>Summary</b><br />Rogers Chrysler Jeep Dodge Ram's mission is to ensure all our customers have a positive auto buying experience and are completely satisfied with their new vehicle. We are honored at the opportunity to earn your business. Our experienced Rogers Chrysler Jeep Dodge Ram team is excited to assist you in your next vehicle purchase. Welcome to the best source for online deals.<br /><br /><b>Vehicle Details</b><br />Turn every drive into an adventure with this 2025 Jeep Grand Cherokee Limited, now available in Lewiston, ID. With just 11,110 miles, this low-mileage SUV delivers the fresh feel and capability drivers want in a premium midsize 4WD. Powered by a strong V6, 3.6L gasoline engine, it brings confident performance for daily commuting, weekend getaways, and rugged Idaho terrain alike.<br /><br />Inside, the Jeep Grand Cherokee Limited offers a refined cabin loaded with modern convenience and advanced technology. Stay connected with Hands Free Bluetooth, enjoy your favorite stations through Satellite Radio, and follow every route with built-in Navigation. Adaptive Cruise Control adds extra confidence on the highway, helping make longer drives more relaxing and enjoyable. Plus, a CARFAX Clean Report gives you added peace of mind with a clean history you can trust.<br /><br />Jeep is known for legendary capability, and this Jeep Grand Cherokee Limited continues that tradition with upscale comfort, versatile utility, and the dependable traction of 4WD. Whether you need a family-friendly SUV, a road-trip companion, or a stylish daily driver, this vehicle is ready to impress.<br /><br />If you're searching for a pre-owned Jeep Grand Cherokee Limited in Lewiston, ID, this one stands out with low mileage, desirable features, and a powerful V6 engine. Don't miss your chance to own a well-equipped SUV that's ready for the road ahead.<br /><br /><b>Equipment</b><br />When you encounter slick or muddy roads, you can engage the four wheel drive on this mid-size suv and drive with confidence. Anti-lock brakes are standard on the vehicle. This unit has automated speed control that adjusts to maintain a safe following distance, enhancing highway driving convenience. The Jeep Grand Cherokee is accented with premium quality alloy wheels. This 2025 Jeep Grand Cherokee has an automatic transmission. Protect this vehicle from unwanted accidents with a cutting edge backup camera system. Easily set your speed in the Jeep Grand Cherokee with a state of the art cruise control system. Increase or decrease velocity with the touch of a button. Electronic Stability Control is one of many advanced safety features on the Jeep Grand Cherokee. The vehicle has a V6, 3.6L high output engine. The fog lights cut through the weather so you can see what's ahead. It has front air bags that will protect you and your passenger in the event of an accident. Stay safe with additional front side curtain airbags. This mid-size suv is equipped with a gasoline engine. Heated seats for those cold winter days are included in the vehicle. The spacious cabin accommodates your family and friends in comfort. Take it to the mountains or the beach. this mid-size suv can handle it all. Load groceries and much more with ease into the Jeep Grand Cherokee thanks to the power liftgate. A front power adjustable seat increases driver comfort. The satellite radio system in this unit gives you access to hundreds of nation-wide radio stations with a clear digital signal. This vehicle is built for driving comfort with a telescoping wheel. This vehicle comes standard with a state of the art traction control system. This Jeep Grand Cherokee is equipped with the latest generation of XM/Sirius Radio.<br /><br /><b>Additional Information</b><br />Rogers Chrysler Jeep Dodge Ram's customer loyalty program is designed to ensure customers are rewarded for repeat business and inviting their friends to shop at Rogers Chrysler Jeep Dodge Ram. Swing by today to view our entire Rogers Chrysler Jeep Dodge Ram inventory. Now that you found a vehicle you like, let's schedule a time for you to take a pressure free test drive. Rogers Chrysler Jeep Dodge Ram would like to thank you for giving us the opportunity to earn your business today.","[PREMIUM]","[PREMIUM]",173.5,
"2T3F1RFV9SC50989122G1MU5BM120260826","2026-09-04 02:19:29.446","2026-09-04 02:19:29.446","[PREMIUM]","[PREMIUM]","250203653",2025,"Toyota","RAV4","LE",,"SUV","Unspecified","Black","4 Cyl","2.5 L","AWD","Automatic","Gasoline",50022,"[PREMIUM]","[PREMIUM]",30850,"GOOD","Used",,,27,34,30,true,true,,true,"['{""ownerNumber"":1,""purchaseDate"":""03/31/25"",""endOwnershipDate"":""08/26/26"",""city"":""Ogden"",""state"":""UT""}']",6,24,0,"2026-08-26","ENHANCED","USED",true,"[PREMIUM]","Idaho Falls","ID","83401","[PREMIUM]",4.3,3,"22G1MU5BM1","[PREMIUM]","[PREMIUM]","[PREMIUM]","[PREMIUM]","[PREMIUM]","ADVANTAGE","GREAT","LOW","LOW",160,"[PREMIUM]","[PREMIUM]",24,"['Keyless Entry','Spoiler','17 Inch Wheels','Satellite Radio','Steel Wheels','Cloth Seats']",6,"['2nd Row Split/Folding Seats','4-Wheel Disc Brakes','4-Wheel Independent Suspension','6 Speakers','AM/FM','Adjustable Steering Wheel','Air Conditioning','All-Weather Floor Mats','Anti-Lock Brakes','Automatic Headlights','Body Colored Bumpers','Braking Assist','Cloth Upholstery','Cruise Control','Door Bin','Emergency Communication System','Front Airbags (Driver)','Front Airbags (Passenger)','Front Anti-Roll Bar','Front Bucket Seats','Front Center Armrest','Front Knee Airbags (Driver)','Front Side Airbags (Driver)','Front Side Airbags (Passenger)','High-Beam Assist','Illuminated Entry','Overhead Airbag','Overhead Console','Panic Button','Passenger Sensing Airbag','Power Mirrors','Power Steering','Power Windows','Radio Data System','Reading Lights','Rear Anti-Roll Bar','Rear Center Armrest','Rear Window Defroster','Rear Window Wiper','Rear-View Camera','Remote Keyless Entry','Safety Connect','Speed-Sensing Steering','Stability Control','Steering Wheel Controls','Tachometer','Thermometer','Tire Pressure Monitoring System','Traction Control','Trip Computer','Vanity Mirror/Light']",51,"2025 Toyota RAV4 LE Ice 2.5L 4-Cylinder DOHC Dual VVT-i AWD Clean CARFAX.<br /><br />90 POINT INSPECTION, AWD, Black Cloth.<br /><br />CARFAX One-Owner.","[PREMIUM]","[PREMIUM]",159.25,
"3VVGR7RMXSM01015256NUOIY00120260902","2026-09-04 02:19:29.437","2026-09-04 02:19:29.437","[PREMIUM]","[PREMIUM]","V28765A",2025,"Volkswagen","Tiguan","SE","R-Line Black","SUV","Beige","Brown","4 Cyl","2.0 L","AWD","Automatic","Gasoline",12870,"[PREMIUM]","[PREMIUM]",35680,"GREAT","Used",,,22,30,25,true,true,true,true,"['{""ownerNumber"":1,""purchaseDate"":""07/18/25"",""endOwnershipDate"":""Present"",""city"":""Libertyville"",""state"":""IL""}']",2,,0,"2026-09-02","ENHANCED","NEW",true,"[PREMIUM]","Boise","ID","83709","[PREMIUM]",4.6,782,"56NUOIY001","[PREMIUM]","[PREMIUM]","[PREMIUM]","[PREMIUM]","[PREMIUM]","TOPRATED","GREAT","AVERAGE","LOW",320,"[PREMIUM]","[PREMIUM]",,"['Keyless Entry','Spoiler','Leather Seats','Heated Seats','Power Liftgate','Alloy Wheels','20 Inch Wheels','Heated Mirrors','Satellite Radio']",9,"['2nd Row Split/Folding Seats','4-Wheel Disc Brakes','4-Wheel Independent Suspension','7 Speakers','AM/FM','Adjustable Steering Wheel','Air Conditioning','Anti-Lock Brakes','Anti-Theft System','Auto Climate Control','Auto-Dimming Mirror','Automatic Headlights','Beverage Holder','Body Colored Bumpers','Braking Assist','Compass','Cruise Control','Delay-Off Headlights','Door Bin','Dual-Zone Climate Control','Emergency Communication System','First Aid Kit','Front Airbags (Driver)','Front Airbags (Passenger)','Front Anti-Roll Bar','Front Bucket Seats','Front Center Armrest','Front Knee Airbags (Driver)','Front Side Airbags (Driver)','Front Side Airbags (Passenger)','Head-Up Display','High-Beam Assist','Illuminated Entry','Leather Shift Knob Trim','Leather Steering Wheel','Leatherette Seats','Overhead Airbag','Overhead Console','Panic Button','Passenger Sensing Airbag','Perforated Seats','Power Mirrors','Power Seat (Dual)','Power Steering','Power Sun/Moonroof','Power Windows','Radio Data System','Rain-Sensing Wipers','Reading Lights','Rear Anti-Roll Bar','Rear Center Armrest','Rear Side Airbags','Rear Window Defroster','Rear Window Wiper','Rear-View Camera','Remote Keyless Entry','Speed-Sensing Steering','Sport Steering Wheel','Stability Control','Steering Wheel Controls','Tachometer','Telematics System','Thermometer','Tire Pressure Monitoring System','Touch-Screen Display','Traction Control','Trip Computer','Turn Signal Mirrors','Vanity Mirror/Light','Volkswagen Car-Net']",70,"Recent Arrival! CARFAX One-Owner. AWD. 22/30 City/Highway MPG<br /><br />We have a strong and committed sales staff with many years of experience satisfying our customers' needs. Feel free to browse our VW new car inventory or used cars for sale online, request more information about vehicles, set up a test drive or inquire about financing! If you don't see what you are looking for, click on CarFinder, fill out the form, and we will let you know when vehicles arrive that match your search! Or if you would rather discuss your options with our friendly sales staff, click on Hours &amp; Directions for interactive driving directions and other contact information. We look forward to serving you!<br /><br /><br />We have a strong and committed sales staff with many years of experience satisfying our customers' needs. Feel free to browse our VW new car inventory or used cars for sale online, request more information about vehicles, set up a test drive or inquire about financing! If you don't see what you are looking for, click on CarFinder, fill out the form, and we will let you know when vehicles arrive that match your search! Or if you would rather discuss your options with our friendly sales staff, click on Hours &amp; Directions for interactive driving directions and other contact information. We look forward to serving you! 2025 Volkswagen Tiguan AWD 2.0T SE R-Line Black Sandstone","[PREMIUM]","[PREMIUM]",174.25,
"7MUFBABG3SV071168GCTFVHE00120260828","2026-09-04 02:19:29.434","2026-09-04 02:19:29.434","[PREMIUM]","[PREMIUM]","26UH283",2025,"Toyota","Corolla Cross","S",,"SUV","Silver","Black","4 Cyl","2.0 L","AWD","Automatic","Hybrid",10125,"[PREMIUM]","[PREMIUM]",32980,"FAIR","Used",,,45,38,42,true,true,,true,"['{""ownerNumber"":1,""purchaseDate"":""06/11/25"",""endOwnershipDate"":""08/20/26"",""state"":""OR""}']",5,35,0,"2026-08-28","ENHANCED","NEW",true,"[PREMIUM]","Hermiston","OR","97838","[PREMIUM]",4.7,381,"GCTFVHE001","[PREMIUM]","[PREMIUM]","[PREMIUM]","[PREMIUM]","[PREMIUM]","TOPRATED",,,,,"[PREMIUM]","[PREMIUM]",35,"['Remote Start','Keyless Entry','Alloy Wheels','Smart Key','Led Lights','17 Inch Wheels','Lane Departure Warning','Satellite Radio','Keyless Ignition']",9,"['AM/FM','Adaptive Cruise Control','Adjustable Steering Wheel','Air Conditioning','Android Auto','Anti-Lock Brakes','Anti-Theft System','Apple Carplay','Auto Climate Control','Automatic Headlights','Braking Assist','Child Safety Locks','Collision Warning System','Confidence Package','Daytime Running Lights','Digital Instrument Cluster','Driver Attention Alert System','Dual Airbags','Engine Immobilizer','Front Knee Airbags (Driver)','Front Knee Airbags (Passenger)','Front Side Airbags','HD Radio','Handsfree/Bluetooth Integration','High-Beam Assist','Hill Assist System','LED Tail Lights','Lane Keeping System','Pedestrian Alert System','Post-Collision Safety System','Power Locks','Power Steering','Rear Seat Reminder','Rear Side Airbags','Rear Spoiler','Rear-View Camera','SOS Post-Crash Alert System','Safety Connect','Safety Sense Package','Side Curtain Airbags','Sign Assist','Smart Device Integration','Stability Control','Start-Stop System','Steering Wheel Controls','Telematics System','Touch-Screen Display','Traction Control','Warranty','Wi-Fi Hotspot']",50,"The vehicle keeps you comfortable with Auto Climate. Good News! This certified CARFAX 1-owner vehicle has only had one owner before you. Our dealership has already run the CARFAX report and it is clean. A clean CARFAX is a great asset for resale value in the future. This vehicle offers Android Auto for seamless smartphone integration. Apple CarPlay: Seamless smartphone integration for the Toyota Corolla Cross Hybrid - stay connected and entertained on the go! This model features a hands-free Bluetooth phone system. See what's behind you with the back up camera on this vehicle. Start it from inside with remote start. It gleams with an elegant silver clear coated finish. This small suv has a 4 Cyl, 2.0L high output engine. Conquer any rainy, snowy, or icy road conditions this winter with the all wheel drive system on this 2025 Toyota Corolla Cross Hybrid . Maintaining a stable interior temperature in this Toyota Corolla Cross Hybrid is easy with the climate control system.","[PREMIUM]","[PREMIUM]",164.75,
"5XYRHDJF1SG372289GCTFVHE00120260826","2026-09-04 02:19:29.433","2026-09-04 02:19:29.433","[PREMIUM]","[PREMIUM]","26UH276",2025,"Kia","Sorento","EX",,"SUV","Red",,"4 Cyl","2.5 L","AWD","Automatic","Gasoline",25888,"[PREMIUM]","[PREMIUM]",34300,"FAIR","Used",,,20,27,23,true,true,,,"['{""ownerNumber"":1,""purchaseDate"":""03/18/25"",""endOwnershipDate"":""04/02/26"",""city"":""Richmond"",""state"":""BC""}','{""ownerNumber"":2,""purchaseDate"":""04/02/26"",""endOwnershipDate"":""07/31/26"",""state"":""BC""}','{""ownerNumber"":3,""purchaseDate"":""07/31/26"",""endOwnershipDate"":""08/12/26"",""state"":""BC""}']",2,34,0,"2026-08-26","ENHANCED","NEW",true,"[PREMIUM]","Hermiston","OR","97838","[PREMIUM]",4.7,381,"GCTFVHE001","[PREMIUM]","[PREMIUM]","[PREMIUM]","[PREMIUM]","[PREMIUM]","TOPRATED","GOOD","LOW","AVERAGE",160,"[PREMIUM]","[PREMIUM]",34,"['Remote Start','Navigation System','Keyless Entry','Fog Lights','Leather Seats','Heated Seats','Power Liftgate','Blind Spot Monitor','Led Lights','Parking Sensors']",10,"['20 Inch Wheels','AM/FM','Adaptive Cruise Control','Adjustable Steering Wheel','Air Conditioning','Android Auto','Anti-Lock Brakes','Anti-Theft System','Apple Carplay','CD (Single Disc)','Collision Warning System','Daytime Running Lights','Dual Airbags','Front Knee Airbags (Driver)','Front Knee Airbags (Passenger)','Front Side Airbags','HD Radio','Handsfree/Bluetooth Integration','Hill Assist System','Integrated Garage Door Opener','Keyless Ignition','Lane Departure Warning','Lane Keeping System','MP3','Power Locks','Power Seat (Dual)','Power Steering','Power Windows','Premium Wheels','Quad Seating','Rear Side Airbags','Rear-View Camera','Satellite Radio','Side Curtain Airbags','Smart Device Integration','Stability Control','Third Row Seating','Traction Control']",38,"This mid-size suv features a hands-free Bluetooth phone system. It offers Android Auto for seamless smartphone integration. Our dealership has already run the CARFAX report and it is clean. A clean CARFAX is a great asset for resale value in the future. Lane Keep Assist in it helps maintain safe driving by gently steering to stay within the lane. Start this model from inside with remote start. It employs advanced tech for collision avoidance, enhancing safety on the road. You'll never again be lost in a crowded city or a country region with the navigation system on this vehicle. Protect this 2025 Kia Sorento from unwanted accidents with a cutting edge backup camera system. This 2025 Kia Sorento offers Apple CarPlay for seamless connectivity. This vehicle is equipped with the latest generation of XM/Sirius Radio. The leather seats in the Kia Sorento are a must for buyers looking for comfort, durability, and style.","[PREMIUM]","[PREMIUM]",144.25,
"1FMUK8KH4SGB636908RY7KUSCRT20260826","2026-09-04 02:19:29.430","2026-09-04 02:19:29.430","[PREMIUM]","[PREMIUM]","IFB63690W",2025,"Ford","Explorer","ST-Line",,"SUV","Black","Black","4 Cyl","2.3 L","4WD","Automatic","Gasoline",29650,"[PREMIUM]","[PREMIUM]",39780,"GOOD","Used",,,20,27,23,true,,,true,"['{""ownerNumber"":1,""purchaseDate"":""04/04/25"",""endOwnershipDate"":""06/02/26"",""city"":""Boise"",""state"":""ID""}']",0,13,0,"2026-08-26","ENHANCED","USED",true,"[PREMIUM]","Idaho Falls","ID","83401","[PREMIUM]",5,3,"8RY7KUSCRT","[PREMIUM]","[PREMIUM]","[PREMIUM]","[PREMIUM]","[PREMIUM]","ADVANTAGE","GREAT","LOW","LOW",150,"[PREMIUM]","[PREMIUM]",13,"['Remote Start','Navigation System','Ecoboost','Keyless Entry','Fog Lights','Spoiler','Heated Seats','Heated Steering Wheel','Power Liftgate','Captains Chairs']",10,"['10 Speakers','20 Inch Wheels','21 Inch Wheels','2nd Row Split/Folding Seats','3rd Row Bench Seat','4-Wheel Disc Brakes','4-Wheel Independent Suspension','AM/FM','Adjustable Steering Wheel','Air Conditioning','Alloy Wheels','Android Auto','Anti-Lock Brakes','Anti-Theft System','Apple Carplay','Auto Climate Control','Automatic Headlights','Bang %26 Olufsen Sound System','Body Colored Bumpers','Brake Performance Package','Braking Assist','Cloth Seats','Cloth Upholstery','Co-Pilot 360 Assist Package','Co-Pilot 360 Assist Package 2.0','Collision Warning System','Compass','Cruise Control','Delay-Off Headlights','Digital Instrument Cluster','Door Bin','Dual-Zone Climate Control','Emergency Communication System','Fordpass Connect','Front Airbags (Driver)','Front Airbags (Passenger)','Front Anti-Roll Bar','Front Bucket Seats','Front Center Armrest','Front Knee Airbags (Driver)','Front Side Airbags (Driver)','Front Side Airbags (Passenger)','Heated Mirrors','High-Beam Assist','Illuminated Entry','Integrated Garage Door Opener','Intermittent Wipers','Leather Steering Wheel','Overhead Airbag','Overhead Console','Panic Button','Passenger Sensing Airbag','Power Mirrors','Power Seat (Dual)','Power Steering','Power Windows','Reading Lights','Rear Air Conditioning','Rear Anti-Roll Bar','Rear Window Defroster','Rear Window Wiper','Rear-View Camera','Remote Keyless Entry','Satellite Radio','Speed-Sensing Steering','Stability Control','Steering Wheel Controls','Street Package','Tachometer','Telematics System','Thermometer','Third Row Seating','Tire Pressure Monitoring System','Touch-Screen Display','Traction Control','Trip Computer','Turbocharger','Vanity Mirror/Light']",78,"2025 FORD EXPLORER ST-LINE 4X4 SUV<br /><br />CLEAN TITLE<br /><br />HEATED FRONT SEATS<br />POWER FRONT SEATS<br />HEATED STEERING WHEEL<br />12.3-INCH DIGITAL INSTRUMENT CLUSTER<br />13.2-INCH TOUCHSCREEN<br />B&amp;O 10-SPEAKER PREMIUM AUDIO<br />WIRELESS APPLE CARPLAY &amp; ANDROID AUTO<br />FORD CO-PILOT360 ACTIVE 2.0<br />INTERSECTION ASSIST<br />REMOTE START<br />POWER LIFTGATE<br /><br />2.3L ECOBOOST 4-CYLINDER / 10-SPEED AUTOMATIC / 4X4<br /><br />Sport-styled SUV with heated seating, dual digital displays, premium audio, and advanced driver-assistance technology.<br /><br />Call or text to confirm availability and schedule an appointment. Mountain West Auto Group offers a wide selection of new and pre-owned vehicles, flexible financing options for qualified buyers, and trade-in opportunities to help make your next purchase simple. All advertised prices exclude tax, title, and registration. Equipment and features should be independently verified by the buyer prior to purchase. Mountain West Auto Group — Built for Your Adventure.","[PREMIUM]","[PREMIUM]",160.25,
"3FMCR9BN1SRF12252DIRWUPI00120260830","2026-09-04 02:19:29.423","2026-09-04 02:19:29.423","[PREMIUM]","[PREMIUM]","2F12252",2025,"Ford","Bronco Sport","Big Bend",,"SUV","Gray","Tan","3 Cyl","1.5 L","4WD","Automatic","Gasoline",10604,"[PREMIUM]","[PREMIUM]",29400,"FAIR","Used",,,25,30,27,true,true,true,true,"['{""ownerNumber"":1,""purchaseDate"":""09/11/25"",""endOwnershipDate"":""08/30/26"",""city"":""Boise"",""state"":""ID""}']",1,32,0,"2026-08-30","ENHANCED","NEW",true,"[PREMIUM]","Nampa","ID","83687","[PREMIUM]",4.5,1590,"DIRWUPI001","[PREMIUM]","[PREMIUM]","[PREMIUM]","[PREMIUM]","[PREMIUM]","TOPRATED",,,,,"[PREMIUM]","[PREMIUM]",32,"['Ecoboost','Keyless Entry','Roof Rails','Blind Spot Monitor','Alloy Wheels','Led Lights','17 Inch Wheels','Heated Mirrors','Satellite Radio','Cloth Seats']",10,"['12V Power Outlet','2nd Row Split/Folding Seats','4-Wheel Disc Brakes','4-Wheel Independent Suspension','6 Speakers','AM/FM','Adaptive Cruise Control','Adjustable Steering Wheel','Air Conditioning','Android Auto','Anti-Lock Brakes','Anti-Theft System','Apple Carplay','Auto Climate Control','Automatic Headlights','Braking Assist','Cloth Upholstery','Compass','Delay-Off Headlights','Digital Instrument Cluster','Door Bin','Emergency Communication System','Front Airbags (Driver)','Front Airbags (Passenger)','Front Anti-Roll Bar','Front Bucket Seats','Front Center Armrest','Front Knee Airbags (Driver)','Front Side Airbags (Driver)','Front Side Airbags (Passenger)','Handsfree/Bluetooth Integration','High-Beam Assist','Illuminated Entry','Intermittent Wipers','Overhead Airbag','Overhead Console','Panic Button','Passenger Sensing Airbag','Power Mirrors','Power Steering','Power Windows','Radio Data System','Reading Lights','Rear Anti-Roll Bar','Rear Center Armrest','Rear Parking Sensors','Rear Window Defroster','Rear Window Wiper','Rear-View Camera','Remote Keyless Entry','Speed-Sensing Steering','Stability Control','Steering Wheel Controls','Sync 4','Tachometer','Telematics System','Thermometer','Tire Pressure Monitoring System','Touch-Screen Display','Traction Control','Trip Computer','Vanity Mirror/Light','Voice-Activated Command System','Warranty']",64,"Our Certified, Accident Free, One Owner 2025 Ford Bronco Sport Big Bend 4X4 in Carbonized Gray Metallic can go straight from town to trail without missing a beat! Powered by a TurboCharged 1.5 Liter EcoBoost 3 Cylinder delivering 181hp to an 8 Speed Automatic transmission that's eager for action. This Four Wheel Drive SUV also features five different performance modes for taking on tough terrain, and it scores nearly 28mpg on the highway. Undeniably bold, our Bronco Sport loves getting dirty and cleans up well to show off LED lighting, a distinctive white-letter grille, alloy wheels, roof rails, and a multifunction liftgate that makes life easier with a flip-up rear glass, built-in bottle opener, and dual flood lamps.<br /><br />Premium practicality is the theme in our Big Bend cabin, where you can enjoy easy-clean cloth seats, a multifunction steering wheel, automatic climate control, keyless access/ignition, 12V power outlets, ample cargo space, and impressive infotainment. Highlights include a 13.2-inch touchscreen, a 12.3-inch driver display, WiFi compatibility, Apple CarPlay®/Android Auto®, voice control, Bluetooth®, and a six-speaker sound system.<br /><br />Ford charts a safer course forward with automatic emergency braking, adaptive cruise control, blind-spot monitoring, lane-keeping assistance, a rearview camera, and more. Our Bronco Sport Big Bend embodies a bold spirit of adventure! Save this Page and Call for Availability. We Know You Will Enjoy Your Test Drive Towards Ownership! Corwin Ford Nampa! Friendly service and aggressive pricing is why we are your new and pre-owned vehicle dealer serving, Nampa, Boise, Meridian, Caldwell, Kuna, Eagle, Emmett, Idaho City, Wilder, New Plymouth, Star, Middleton, Weiser, Payette, Horseshoe Bend, Mountain Home, Idaho, and surrounding states.","[PREMIUM]","[PREMIUM]",148.75,
"4T3RWRFV2SU207307GCTFVHE00120260901","2026-09-04 02:19:29.423","2026-09-04 02:19:29.423","[PREMIUM]","[PREMIUM]","26H1002A",2025,"Toyota","RAV4","XLE",,"SUV","White","Gray","4 Cyl","2.5 L","AWD","Automatic","Hybrid",25633,"[PREMIUM]","[PREMIUM]",38610,"FAIR","Used",,,41,38,39,true,true,true,true,"['{""ownerNumber"":1,""purchaseDate"":""12/10/25"",""endOwnershipDate"":""08/28/26"",""city"":""Tacoma"",""state"":""WA""}']",2,12,0,"2026-09-01","ENHANCED","NEW",true,"[PREMIUM]","Hermiston","OR","97838","[PREMIUM]",4.7,381,"GCTFVHE001","[PREMIUM]","[PREMIUM]","[PREMIUM]","[PREMIUM]","[PREMIUM]","TOPRATED","GOOD","AVERAGE","AVERAGE",290,"[PREMIUM]","[PREMIUM]",12,"['Convenience Package','Remote Start','Keyless Entry','Heated Seats','Heated Steering Wheel','Roof Rails','Power Liftgate','Blind Spot Monitor','Alloy Wheels','Smart Key']",10,"['AM/FM','Adaptive Cruise Control','Adjustable Lumbar Support','Adjustable Seats','Adjustable Steering Wheel','Air Conditioning','All-Weather Floor Mats','Anti-Lock Brakes','Auto Climate Control','Automatic Headlights','Braking Assist','Cargo Tray','Collision Warning System','Daytime Running Lights','Dual Airbags','Dual-Zone Climate Control','Engine Immobilizer','Front Knee Airbags (Driver)','Front Knee Airbags (Passenger)','Handsfree/Bluetooth Integration','High-Beam Assist','Hill Assist System','Integrated Garage Door Opener','Keyless Ignition','LED Lights','LED Tail Lights','Lane Departure Warning','Leather Steering Wheel','Luggage Rack','Passive Keyless Entry','Pedestrian Alert System','Post-Collision Safety System','Power Locks','Power Seat (Dual)','Power Steering','Power Windows','Premium Wheels','Rear Cross Traffic Alert','Rear Seat Reminder','Rear Spoiler','Rear-View Camera','Roof Rail Crossbars','SOS Post-Crash Alert System','Safety Connect','Satellite Radio','Side Airbags','Side Curtain Airbags','Sign Assist','Splash Guards','Stability Control','Steering Wheel Controls','Sun/Moonroof','Telematics System','Touch-Screen Display','Traction Control','Trailer Stability Assist','USB Adapter','Warranty','Weather Package','Wi-Fi Hotspot']",60,"<b>Equipment</b><br />This unit warns of approaching vehicles with Cross-Traffic Alert. This 2025 Toyota RAV4 Hybrid offers Automatic Climate Control for personalized comfort. This small suv features a hands-free Bluetooth phone system. Start the Toyota RAV4 Hybrid from inside with remote start. Good News! This certified CARFAX 1-owner vehicle has only had one owner before you. Keep your hands warm all winter with a heated steering wheel in this small suv . This Toyota RAV4 Hybrid enhances safety with a blind spot monitor, alerting drivers to potential dangers in adjacent lanes. The Toyota RAV4 Hybrid has a clean CARFAX vehicle history report. See what's behind you with the back up camera on this model. This model is equipped with all wheel drive. This Toyota RAV4 Hybrid has a 4 Cyl, 2.5L high output engine. Expand the cargo capabilities of this small suv by using the installed roof rack. Maintaining a stable interior temperature in it is easy with the climate control system.<br /><br /><b>Packages</b><br />Weather Package: Heated 3-Spoke Leather Steering Wheel, Front Seat Heating. Convenience Package: Tilt and Slide Moon Roof, Front Door Smart Key System with Push Button Start. All Weather Floor Liners and Cargo Tray. Roof Rack Cross Bars. Door Sill Protector. Blackout Emblem Overlays. Mudguards. Multimedia Glass Screen Protector. **Equipment listed is based on original vehicle build and subject to change. Please confirm the accuracy of the included equipment by calling the dealer prior to purchase.**","[PREMIUM]","[PREMIUM]",161.75,
"7FARS6H87SE017661YXNXIWEFEE20260825","2026-09-04 02:19:29.417","2026-09-04 02:19:29.417","[PREMIUM]","[PREMIUM]","6017661",2025,"Honda","CR-V","Sport-L",,"SUV","Gray","Black","4 Cyl","2.0 L","AWD","Automatic","Hybrid",73055,"[PREMIUM]","[PREMIUM]",33970,"GREAT","Used",,,40,34,37,,true,true,true,"['{""ownerNumber"":1,""purchaseDate"":""10/03/24"",""endOwnershipDate"":""07/01/26"",""city"":""Tacoma"",""state"":""WA""}']",16,31,0,"2026-08-25","ENHANCED","NEW",true,"[PREMIUM]","Pasco","WA","99301","[PREMIUM]",4.5,1303,"YXNXIWEFEE","[PREMIUM]","[PREMIUM]","[PREMIUM]","[PREMIUM]","[PREMIUM]","TOPRATED",,,,,"[PREMIUM]","[PREMIUM]",31,"['Keyless Entry','Spoiler','Leather Seats','Heated Seats','Roof Rails','Dual Exhaust','Power Liftgate','Blind Spot Monitor','18 Inch Wheels','Alloy Wheels']",10,"['2nd Row Split/Folding Seats','4-Wheel Disc Brakes','4-Wheel Independent Suspension','8 Speakers','AM/FM','Adaptive Cruise Control','Adjustable Steering Wheel','Air Conditioning','Android Auto','Anti-Lock Brakes','Anti-Theft System','Apple Carplay','Auto Climate Control','Auto-Dimming Mirror','Automatic Headlights','Body Colored Bumpers','Braking Assist','Collision Warning System','Compass','Delay-Off Headlights','Door Bin','Dual-Zone Climate Control','Front Airbags (Driver)','Front Airbags (Passenger)','Front Anti-Roll Bar','Front Bucket Seats','Front Center Armrest','Front Knee Airbags (Driver)','Front Side Airbags (Driver)','Front Side Airbags (Passenger)','HD Radio','Handsfree/Bluetooth Integration','Heated Mirrors','High-Beam Assist','Illuminated Entry','Intermittent Wipers','Keyless Ignition','LED Lights','Leather Shift Knob Trim','Leather Steering Wheel','Leather Trimmed Seats','Overhead Airbag','Overhead Console','Panic Button','Parking Sensors','Passenger Sensing Airbag','Power Mirrors','Power Seat (Dual)','Power Steering','Power Sun/Moonroof','Power Windows','Radio Data System','Reading Lights','Rear Anti-Roll Bar','Rear Center Armrest','Rear Cross Traffic Alert','Rear Side Airbags','Rear Window Defroster','Rear Window Wiper','Rear-View Camera','Remote Keyless Entry','Satellite Radio','Seat Memory','Speed-Sensing Steering','Stability Control','Steering Wheel Controls','Telematics System','Thermometer','Tire Pressure Monitoring System','Touch-Screen Display','Traction Control','Trip Computer','Turn Signal Mirrors','Vanity Mirror/Light','Wireless Phone Charger']",75,"Get into our One Owner 2025 Honda CR-V Hybrid Sport-L AWD in Urban Gray Pearl, and discover the hybrid that gives you more! Powered by a 2.0 Liter Hybrid 4 Cylinder and 2 Electric Motors supplying a combined 204hp to a CVT so you can reach your next adventure-ready destination with ease. Maneuverable and versatile, this All Wheel Drive SUV returns nearly 40mpg in the city with a rugged attitude. Our Honda CR-V's upscale design includes LED lighting, a power sunroof, dual chrome exhaust finishers, black wheels, gloss-black roof rails, and a power liftgate.<br /><br />Our Sport-L cabin specializes in active comfort with heated leather power front seats, a leather-wrapped steering wheel, dual-zone automatic climate control, pushbutton ignition, keyless access, and Walk Away Auto Lock. Intuitive and simple to use, the infotainment system connects you with a 9-inch touchscreen, 7-inch driver display, wireless charging, wireless Apple CarPlay®/Android Auto®, Bluetooth®, and an eight-speaker sound system. It's easy to gear up and go in this spacious interior!<br /><br />Explore with confidence, knowing Honda provides automatic braking, adaptive cruise control, blind-spot monitoring, lane-keeping assistance, a multi-angle rearview camera, parking sensors, forward collision warning, rear cross-traffic alert, and more. Distinctive and dynamic, our CR-V Hybrid Sport-L delivers better driving! Save this Page and Call for Availability. We Know You Will Enjoy Your Corwin Ford Tri-City Test Drive Towards Ownership! <br /><br />A free Carfax vehicle history report is available on all used vehicles at corwinfordtricities.com. Corwin Ford of Tri-Cities proudly serves the Pasco, Kennewick, and Richland area with quality new and used vehicles. Family owned for over 100 years. All prices plus applicable sales tax and licensing. A negotiable documentary service fee up to $200 may be added to sales price or capitalized cost of the vehicle. Pricing may not include $399 Pulse or $399 Corwin Connect fee. One vehicle unless otherwise noted and subject to prior sale without notice. While supplies last. EPA mileage estimates are for newly manufactured vehicles only. Your actual mileage will vary depending on how you drive and maintain your vehicle.","[PREMIUM]","[PREMIUM]",166,
"1C4RJKAG0S8655680MD1U6VM4D120260830","2026-09-04 02:19:29.414","2026-09-04 02:19:29.414","[PREMIUM]","[PREMIUM]","S8655680",2025,"Jeep","Grand Cherokee L","Altitude",,"SUV","Gray","Black","6 Cyl","3.6 L","4WD","Automatic","Gasoline",16315,"[PREMIUM]","[PREMIUM]",38310,"GOOD","Used",,,18,25,21,true,true,true,true,"['{""ownerNumber"":1,""purchaseDate"":""05/30/25"",""endOwnershipDate"":""08/30/26"",""city"":""Rigby"",""state"":""ID""}']",3,1,0,"2026-08-30","ENHANCED","NEW",true,"[PREMIUM]","Rexburg","ID","83440","[PREMIUM]",4.6,191,"MD1U6VM4D1","[PREMIUM]","[PREMIUM]","[PREMIUM]","[PREMIUM]","[PREMIUM]","TOPRATED",,,,,"[PREMIUM]","[PREMIUM]",1,"['Remote Start','Keyless Entry','Trailer Hitch','Leather Seats','Heated Seats','Trailer Wiring','Heated Steering Wheel','Dual Exhaust','Power Liftgate','Blind Spot Monitor']",10,"['115V Power Outlet','20 Inch Wheels','7-Passenger Seating','AM/FM','Adaptive Cruise Control','Adjustable Steering Wheel','Advanced Front-Lighting System','Air Conditioning','Alloy Wheels','Altitude Appearance Package','Android Auto','Anti-Lock Brakes','Anti-Theft System','Apple Carplay','Auto Climate Control','Auto Load Leveling','Braking Assist','Collision Warning System','Cross Traffic Alert','Daytime Running Lights','Dual Airbags','Front Knee Airbags (Driver)','Front Knee Airbags (Passenger)','Full Size Spare Tire','Handsfree/Bluetooth Integration','Hill Assist System','Keyless Ignition','LED Lights','Lane Departure Warning','Lane Keeping System','Leather Trimmed Seats','Leatherette Seats','Parking Assist System','Pedestrian Alert System','Power Locks','Power Seat (Dual)','Power Steering','Power Windows','Quad Seating','Rain-Sensing Wipers','Rear Power Windows','Rear-View Camera','Side Airbags','Side Curtain Airbags','Smart Device Integration','Stability Control','Steel Spare Wheel Rim','Telematics System','Third Row Seating','Tire Pressure Monitoring System','Traction Control','Trailer Tow Package','USB Adapter','Uconnect System','Wi-Fi Hotspot','Wireless Phone Charger']",56,"<b>Vehicle Details</b><br />This pre-owned 2025 Jeep Grand Cherokee L Altitude is a refined three-row SUV that blends capability, comfort, and modern technology in one versatile package. With only 16,280 miles, it qualifies as a low-mileage option for shoppers seeking a nearly new driving experience in Rexburg, ID. Powered by a dependable V6 3.6L gasoline engine and equipped with 4WD, this Jeep Grand Cherokee L is built to handle everyday commuting, family travel, and changing road conditions with confidence.<br /><br />Inside, the Altitude trim delivers a clean, upscale cabin with smart convenience features designed to make every drive easier. Enjoy Hands Free Bluetooth for seamless connectivity, Android Auto for integrated smartphone access, and Automatic Climate Control to maintain the perfect cabin temperature. Adaptive Cruise Control adds comfort on longer highway trips, while Forward Collision Warning provides an added layer of driver awareness and peace of mind.<br /><br />With its bold Jeep styling, spacious interior, and proven capability, this 2025 Jeep Grand Cherokee L is a strong choice for drivers looking for a pre-owned SUV that offers utility without sacrificing comfort or technology. If you are searching for a low-mileage Jeep Grand Cherokee L in Rexburg, ID, this Altitude model is ready to impress with premium features and everyday versatility.<br /><br /><b>Equipment</b><br />Protect this Jeep Grand Cherokee L from unwanted accidents with a cutting edge backup camera system. Keep your hands warm all winter with a heated steering wheel in this Jeep Grand Cherokee L . This vehicle's Forward Collision Warning system alerts the driver to potential front-end collisions, enhancing safety. Apple CarPlay: Seamless smartphone integration for the vehicle - stay connected and entertained on the go! Start the vehicle from inside with remote start. This 2025 Jeep Grand Cherokee L has a clean CARFAX vehicle history report. This Jeep Grand Cherokee L has auto-adjust speed for safe following. This vehicle keeps you comfortable with Auto Climate. Good News! This certified CARFAX 1-owner vehicle has only had one owner before you. The leather seats in the vehicle are a must for buyers looking for comfort, durability, and style. This mid-size suv comes equipped with Android Auto for seamless smartphone integration on the road.<br /><br /><b>Packages</b><br />Quick Order Package 23B Altitude: Selectable Tire Fill Alert, Remote Start System, Rain Sensitive Windshield Wipers, Wireless Charging Pad, Heated Front Seats, Altitude Appearance Package, Black Headliner, Delete Laredo Badge, 3rd Row Charge-Only USB Ports, 115V Auxiliary Power Outlet, Gloss Black Exterior Accents, Capri Leatherette/suede Seats, Heated Steering Wheel, Power Liftgate. Trailer Tow Package: Rear Load Leveling Suspension, Full Size Spare Tire, 180 Amp Alternator, 7 and 4 Pin Wiring Harness, Dual Exhaust Tips, Heavy Duty Engine Cooling, 18"" Full-Size Steel Spare Wheel, Automatic Headlamp Leveling System, Trailer Hitch Zoom, Class IV Receiver Hitch. 20"" X 8.5"" Gloss Black Painted Aluminum Wheels. Baltic Gray Metallic CC. **Equipment listed is based on original vehicle build and subject to change. Please confirm the accuracy of the included equipment by calling the dealer prior to purchase.**","[PREMIUM]","[PREMIUM]",173,
"1FMUK8KH9SGB74362DIRWUPI00120260902","2026-09-04 02:19:29.410","2026-09-04 02:19:29.410","[PREMIUM]","[PREMIUM]","2B74362",2025,"Ford","Explorer","ST-Line",,"SUV","White","Black","4 Cyl","2.3 L","4WD","Automatic","Gasoline",12211,"[PREMIUM]","[PREMIUM]",42620,"GOOD","Used",,,20,27,23,true,true,true,,"['{""ownerNumber"":1,""purchaseDate"":""01/12/26"",""endOwnershipDate"":""08/21/26"",""city"":""Edmonton"",""state"":""AB""}','{""ownerNumber"":2,""purchaseDate"":""08/24/26"",""endOwnershipDate"":""08/27/26"",""city"":""Airway Heights"",""state"":""WA""}']",6,2,0,"2026-09-02","ENHANCED","NEW",true,"[PREMIUM]","Nampa","ID","83687","[PREMIUM]",,,"DIRWUPI001","[PREMIUM]","[PREMIUM]","[PREMIUM]","[PREMIUM]","[PREMIUM]","TOPRATED",,,,,"[PREMIUM]","[PREMIUM]",2,"['Navigation System','Ecoboost','Keyless Entry','Fog Lights','Spoiler','Heated Seats','Heated Steering Wheel','Power Liftgate','Captains Chairs','Alloy Wheels']",10,"['10 Speakers','20 Inch Wheels','2nd Row Split/Folding Seats','3rd Row Bench Seat','4-Wheel Disc Brakes','4-Wheel Independent Suspension','AM/FM','Adjustable Steering Wheel','Air Conditioning','Android Auto','Anti-Lock Brakes','Anti-Theft System','Apple Carplay','Auto Climate Control','Automatic Headlights','Bang %26 Olufsen Sound System','Body Colored Bumpers','Braking Assist','Cloth Seats','Compass','Cruise Control','Delay-Off Headlights','Door Bin','Dual-Zone Climate Control','Emergency Communication System','Fordpass Connect','Front Airbags (Driver)','Front Airbags (Passenger)','Front Anti-Roll Bar','Front Bucket Seats','Front Center Armrest','Front Knee Airbags (Driver)','Front Side Airbags (Driver)','Front Side Airbags (Passenger)','Heated Mirrors','High-Beam Assist','Illuminated Entry','Integrated Garage Door Opener','Intermittent Wipers','Leather Steering Wheel','Overhead Airbag','Overhead Console','Panic Button','Passenger Sensing Airbag','Power Mirrors','Power Seat (Dual)','Power Steering','Power Windows','Reading Lights','Rear Air Conditioning','Rear Anti-Roll Bar','Rear Window Defroster','Rear Window Wiper','Rear-View Camera','Remote Keyless Entry','Satellite Radio','Speed-Sensing Steering','Stability Control','Steering Wheel Controls','Tachometer','Telematics System','Thermometer','Third Row Seating','Tire Pressure Monitoring System','Traction Control','Trip Computer','Turbocharger','Vanity Mirror/Light','Warranty']",69,"2025 Ford Explorer ST-Line Available at Corwin Ford Nampa located in the Idaho Center Auto Mall.<br /><br />Priced below KBB Fair Purchase Price! Clean CARFAX. Odometer is 14943 miles below market average! 4WD.<br /><br />Certified. 2025 Ford Explorer ST-Line 4WD 2.3L EcoBoost I-4 Star White Metallic Tri-Coat 20/27 City/Highway MPG<br /><br />Ford Gold Certified Details:<br /><br /> * Roadside Assistance<br /> * Limited Warranty: 12 Month/12,000 Mile (whichever comes first) after new car warranty expires or from certified purchase date<br /> * And 22,000 FordPass Rewards Points to use toward first two maintenance visits. Only Ford Models, Such as the F150 Truck, F250 Truck and Explorer SUV, Can Become Gold Certified<br /> * Transferable Warranty<br /> * Warranty Deductible: $100<br /> * Vehicle History<br /> * Powertrain Limited Warranty: 84 Month/100,000 Mile (whichever comes first) from original in-service date<br /> * 172 Point Inspection<br /><br /><br />Corwin Ford Nampa! Based upon current new inventory shortages, deals subject to dealer approval based upon trade, loyalty, and proximity to dealership. Friendly service and aggressive pricing is why we are your new and pre-owned vehicle dealer serving, Nampa, Boise, Meridian, Caldwell, Kuna, Eagle, Emmett, Idaho City, Wilder, New Plymouth, Star, Middleton, Weiser, Payette, Horseshoe Bend, Mountain Home, Idaho, and surrounding states. Although every reasonable effort has been made to ensure the accuracy of the information contained on this site, absolute accuracy cannot be guaranteed. This site, and all information and materials appearing on it, are presented to the user ""as is"" without warranty of any kind, either express or implied. All vehicles are subject to prior sale. Price does not include applicable tax, title, and $499 Dealer Documentation.","[PREMIUM]","[PREMIUM]",151.25,
"3FMCR9CN4SRE044028RY7KUSCRT20260827","2026-09-04 02:19:29.302","2026-09-04 02:19:29.302","[PREMIUM]","[PREMIUM]","IFE04402A",2025,"Ford","Bronco Sport","Outer Banks",,"SUV","White","Black","3 Cyl","1.5 L","4WD","Automatic","Gasoline",12357,"[PREMIUM]","[PREMIUM]",32890,"GOOD","Used",,,25,30,27,true,true,true,true,"['{""ownerNumber"":1,""purchaseDate"":""02/26/25"",""endOwnershipDate"":""08/27/26"",""city"":""Jackson"",""state"":""WY""}']",3,17,0,"2026-08-27","ENHANCED","USED",true,"[PREMIUM]","Idaho Falls","ID","83401","[PREMIUM]",5,3,"8RY7KUSCRT","[PREMIUM]","[PREMIUM]","[PREMIUM]","[PREMIUM]","[PREMIUM]","ADVANTAGE",,,,,"[PREMIUM]","[PREMIUM]",17,"['Technology Package','Remote Start','Navigation System','Ecoboost','Keyless Entry','Fog Lights','Heated Seats','Heated Steering Wheel','18 Inch Wheels','Alloy Wheels']",10,"['2nd Row Split/Folding Seats','4-Wheel Disc Brakes','4-Wheel Independent Suspension','6 Speakers','AM/FM','Adjustable Steering Wheel','Air Conditioning','Anti-Lock Brakes','Anti-Theft System','Auto Climate Control','Auto-Dimming Mirror','Automatic Headlights','Bang %26 Olufsen Sound System','Braking Assist','Cloth Seats','Cloth Upholstery','Compass','Cruise Control','Delay-Off Headlights','Door Bin','Dual-Zone Climate Control','Emergency Communication System','Front Airbags (Driver)','Front Airbags (Passenger)','Front Anti-Roll Bar','Front Bucket Seats','Front Center Armrest','Front Knee Airbags (Driver)','Front Parking Sensors','Front Side Airbags (Driver)','Front Side Airbags (Passenger)','HD Radio','Heated Mirrors','High-Beam Assist','Illuminated Entry','Integrated Garage Door Opener','Keyless Entry Keypad','Keyless Ignition','LED Lights','Overhead Airbag','Overhead Console','Panic Button','Passenger Sensing Airbag','Passive Keyless Entry','Power Mirrors','Power Seat (Dual)','Power Steering','Power Sun/Moonroof','Power Windows','Radio Data System','Rain-Sensing Wipers','Reading Lights','Rear Anti-Roll Bar','Rear Center Armrest','Rear Parking Sensors','Rear Window Defroster','Rear Window Wiper','Rear-View Camera','Remote Keyless Entry','Satellite Radio','Seat Memory','Side and Top View Camera','Smart Key','Speed-Sensing Steering','Stability Control','Steering Wheel Controls','Sync 4','Tachometer','Telematics System','Terrain Response System','Thermometer','Tire Pressure Monitoring System','Touch-Screen Display','Traction Control','Trip Computer','Vanity Mirror/Light','Voice-Activated Command System']",77,"2025 FORD BRONCO SPORT OUTER BANKS 4X4 SUV<br /><br />CLEAN TITLE<br /><br />HEATED POWER FRONT SEATS<br />HEATED STEERING WHEEL<br />POWER MOONROOF<br />13.2-INCH TOUCHSCREEN<br />SYNC 4 INFOTAINMENT SYSTEM<br />REMOTE ENGINE START<br />INTELLIGENT ACCESS WITH PUSH-BUTTON START<br />SECURICODE KEYLESS KEYPAD<br />TERRAIN MANAGEMENT SYSTEM<br />RAIN-SENSING WIPERS<br />LED HEADLIGHTS WITH AUTOMATIC HIGH BEAMS<br /><br />1.5L ECOBOOST I3 / 8-SPEED AUTOMATIC / 4X4<br /><br />This refined Bronco Sport combines heated comfort, versatile 4X4 capability, and a large modern touchscreen.<br /><br />Call or text to confirm availability and schedule an appointment. Mountain West Auto Group offers a wide selection of new and pre-owned vehicles, flexible financing options for qualified buyers, and trade-in opportunities to help make your next purchase simple. All advertised prices exclude tax, title, and registration. Equipment and features should be independently verified by the buyer prior to purchase. Mountain West Auto Group — Built for Your Adventure.","[PREMIUM]","[PREMIUM]",176,
"7FARS6H90SE088063BL9ZQBCDYH20260826","2026-09-04 02:19:29.023","2026-09-04 02:19:29.023","[PREMIUM]","[PREMIUM]","N0197A",2025,"Honda","CR-V","Sport Touring",,"SUV","White","Black","4 Cyl","2.0 L","AWD","Automatic","Hybrid",13564,"[PREMIUM]","[PREMIUM]",40490,"GOOD","Used",,,40,34,37,true,true,true,true,"['{""ownerNumber"":1,""purchaseDate"":""04/17/25"",""endOwnershipDate"":""08/26/26"",""city"":""Missoula"",""state"":""MT""}']",3,,1,"2026-08-26","ENHANCED","NEW",true,"[PREMIUM]","Missoula","MT","59801","[PREMIUM]",4.7,282,"BL9ZQBCDYH","[PREMIUM]","[PREMIUM]","[PREMIUM]","[PREMIUM]","[PREMIUM]","TOPRATED",,,,,"[PREMIUM]","[PREMIUM]",,"['Remote Start','Navigation System','Keyless Entry','Leather Seats','Heated Seats','Heated Steering Wheel','Power Liftgate','Blind Spot Monitor','Lane Departure Warning','Bose Sound System']",10,"['AM/FM','Active Noise Cancellation','Adaptive Cruise Control','Adjustable Lumbar Support','Air Conditioning','Automatic Headlights','Braking Assist','Collision Warning System','Confidence Package','Cross Traffic Alert','Driver Attention Alert System','Dual-Zone Climate Control','Engine Immobilizer','Handsfree/Bluetooth Integration','High-Beam Assist','HondaLink','Keyless Ignition','Lane Keeping System','Power Seat (Dual)','Real-Time Traffic','Rear Cross Traffic Alert','Rear-View Camera','SOS Post-Crash Alert System','Satellite Radio','Stability Control','Steering Wheel Controls','Sun/Moonroof','Telematics System','Touch-Screen Display','Traffic Sign Recognition','Voice-Activated Command System','Warranty','Wi-Fi Hotspot']",33,"<b>Equipment</b><br />This unit's Forward Collision Warning system alerts the driver to potential front-end collisions, enhancing safety. The satellite radio system in this small suv gives you access to hundreds of nation-wide radio stations with a clear digital signal. Protect the Honda CR-V Hybrid from unwanted accidents with a cutting edge backup camera system. Keep your hands warm all winter with a heated steering wheel in it . The leather seats in this model are a must for buyers looking for comfort, durability, and style. Start this Honda CR-V Hybrid from inside with remote start. The vehicle has automated speed control that adjusts to maintain a safe following distance, enhancing highway driving convenience. Bluetooth technology is built into this model, keeping your hands on the steering wheel and your focus on the road. Engulf yourself with the crystal clear sound of a BOSE sound system in this Honda CR-V Hybrid. This vehicle is a certified CARFAX 1-owner.<br /><br /><b>Packages</b><br />Platinum White Pearl. **Equipment listed is based on original vehicle build and subject to change. Please confirm the accuracy of the included equipment by calling the dealer prior to purchase.**","[PREMIUM]","[PREMIUM]",175.2,
"2T3P1RFV9SW5307614LPMW4K2PA20260827","2026-09-04 02:19:29.021","2026-09-04 02:19:29.021","[PREMIUM]","[PREMIUM]","BB2218",2025,"Toyota","RAV4","XLE",,"SUV","Unspecified","Black","4 Cyl","2.5 L","AWD","Automatic","Gasoline",36490,"[PREMIUM]","[PREMIUM]",33470,"GREAT","Used",,,25,33,28,true,true,,true,"['{""ownerNumber"":1,""purchaseDate"":""03/26/25"",""endOwnershipDate"":""08/27/26"",""city"":""Tulsa"",""state"":""OK""}']",2,22,0,"2026-08-27","ENHANCED","NEW",true,"[PREMIUM]","Boise","ID","83704","[PREMIUM]",5,6,"4LPMW4K2PA","[PREMIUM]","[PREMIUM]","[PREMIUM]","[PREMIUM]","[PREMIUM]","ADVANTAGE",,,,,"[PREMIUM]","[PREMIUM]",22,"['Keyless Entry','Spoiler','Alloy Wheels','17 Inch Wheels','Heated Mirrors','Satellite Radio','Cloth Seats']",7,"['2nd Row Split/Folding Seats','4-Wheel Disc Brakes','4-Wheel Independent Suspension','6 Speakers','AM/FM','Adjustable Steering Wheel','Air Conditioning','Anti-Lock Brakes','Auto Climate Control','Automatic Headlights','Beverage Holder','Body Colored Bumpers','Braking Assist','Cloth Upholstery','Cruise Control','Delay-Off Headlights','Door Bin','Dual-Zone Climate Control','Emergency Communication System','Front Airbags (Driver)','Front Airbags (Passenger)','Front Anti-Roll Bar','Front Bucket Seats','Front Center Armrest','Front Knee Airbags (Driver)','Front Side Airbags (Driver)','Front Side Airbags (Passenger)','High-Beam Assist','Illuminated Entry','Intermittent Wipers','Overhead Airbag','Overhead Console','Panic Button','Passenger Sensing Airbag','Power Mirrors','Power Seat (Dual)','Power Steering','Power Windows','Radio Data System','Reading Lights','Rear Anti-Roll Bar','Rear Center Armrest','Rear Window Defroster','Rear Window Wiper','Rear-View Camera','Remote Keyless Entry','Safety Connect','Speed-Sensing Steering','Stability Control','Steering Wheel Controls','Tachometer','Thermometer','Tire Pressure Monitoring System','Traction Control','Trip Computer','Turn Signal Mirrors','Vanity Mirror/Light']",57,"Ice 2025 Toyota RAV4 XLE AWD 8-Speed Automatic 2.5L 4-Cylinder DOHC Dual VVT-i AWD, Black Cloth, 4-Wheel Disc Brakes, 6 Speakers, ABS brakes, Air Conditioning, Alloy wheels, AM/FM radio: SiriusXM, Auto High-beam Headlights, Automatic temperature control, Brake assist, Bumpers: body-color, Delay-off headlights, Driver door bin, Driver vanity mirror, Dual front impact airbags, Dual front side impact airbags, Electronic Stability Control, Emergency communication system: Safety Connect (10-year trial), Exterior Parking Camera Rear, Fabric Seat Trim, Four wheel independent suspension, Front anti-roll bar, Front Bucket Seats, Front Center Armrest, Front dual zone A/C, Front reading lights, Fully automatic headlights, Heated door mirrors, Illuminated entry, Knee airbag, Low tire pressure warning, Occupant sensing airbag, Outside temperature display, Overhead airbag, Overhead console, Panic alarm, Passenger door bin, Passenger vanity mirror, Power door mirrors, Power driver seat, Power steering, Power windows, Radio data system, Radio: AM/FM/XM Audio System, Rear anti-roll bar, Rear seat center armrest, Rear window defroster, Rear window wiper, Remote keyless entry, Speed control, Speed-sensing steering, Split folding rear seat, Spoiler, Steering wheel mounted audio controls, Tachometer, Telescoping steering wheel, Tilt steering wheel, Traction control, Trip computer, Turn signal indicator mirrors, Variably intermittent wipers, Wheels: 17"" 5-Spoke Silver Alloy, AWD, Black Cloth.<br /><br />Recent Arrival! 27/33 City/Highway MPG","[PREMIUM]","[PREMIUM]",180.5,
"1GNSKNKD4NR32742920ALW8Y00120260819","2026-09-04 00:19:34.828","2026-09-04 00:19:34.828","[PREMIUM]","[PREMIUM]","36362A",2022,"Chevrolet","Tahoe","LT",,"SUV","Gray","Black","8 Cyl","5.3 L","4WD","Automatic","Gasoline",73479,"[PREMIUM]","[PREMIUM]",45190,"GOOD","Used",,,15,20,17,,true,true,,"['{""ownerNumber"":1,""purchaseDate"":""07/08/22"",""endOwnershipDate"":""07/30/22"",""city"":""Madison"",""state"":""AL""}','{""ownerNumber"":2,""purchaseDate"":""07/30/22"",""endOwnershipDate"":""08/19/26"",""city"":""Huntsville"",""state"":""AL""}']",13,21,0,"2026-08-19","ENHANCED","NEW",true,"[PREMIUM]","Huntsville","AL","35805","[PREMIUM]",4,15,"20ALW8Y001","[PREMIUM]","[PREMIUM]","[PREMIUM]","[PREMIUM]","[PREMIUM]","ADVANTAGE","GOOD","AVERAGE","AVERAGE",420,"[PREMIUM]","[PREMIUM]",21,"['Luxury Package','Driver Alert Package','Preferred Equipment Package','Remote Start','Navigation System','Keyless Entry','Spoiler','Leather Seats','Heated Seats','Heated Steering Wheel']",10,"['18 Inch Wheels','22 Inch Wheels','2nd Row Bench Seat','2nd Row Heated Seats','2nd Row Power Seats','2nd Row Split/Folding Seats','3rd Row Bench Seat','3rd Row Split/Folding Seats','4-Wheel Disc Brakes','4-Wheel Independent Suspension','9 Speakers','AM/FM','Adjustable Seats','Adjustable Steering Wheel','Air Conditioning','Alloy Wheels','Android Auto','Anti-Lock Brakes','Anti-Theft System','Apple Carplay','Auto Climate Control','Auto-Dimming Mirror','Automatic Headlights','Bench Seat','Blind Spot Monitor','Body Colored Bumpers','Bose Sound System','Braking Assist','Bucket Seats','Chevrolet Infotainment System','Compass','Confidence Package','Cruise Control','Daytime Running Lights','Delay-Off Headlights','Digital Instrument Cluster','Door Bin','Dual-Pane Panoramic Power Sunroof','Dual-Zone Climate Control','Emergency Communication System','Floor Mats','Front Airbags (Driver)','Front Airbags (Passenger)','Front Anti-Roll Bar','Front Bucket Seats','Front Center Armrest','Front Side Airbags (Driver)','Front Side Airbags (Passenger)','Handsfree Power Liftgate','Heated Mirrors','High-Beam Assist','Illuminated Entry','Infotainment 3 Premium System','Integrated Garage Door Opener','LED Lights','Lane Departure Warning','Leather Steering Wheel','Leather Trimmed Interior','Leather Trimmed Seats','Memorized Settings','Multimedia Interface','Overhead Airbag','Overhead Console','Panic Button','Passenger Sensing Airbag','Pedestrian Alert System','Power Adjustable Steering Wheel','Power Liftgate','Power Mirrors','Power Seat (Dual)','Power Steering','Power Sun/Moonroof','Power Windows','Rain-Sensing Wipers','Reading Lights','Rear Air Conditioning','Rear Anti-Roll Bar','Rear Bucket Seats','Rear Center Armrest','Rear Cross Traffic Alert','Rear Window Defroster','Rear Window Wiper','Rear-View Camera','Remote Keyless Entry','Roof Rails','Satellite Radio','Seat Memory','Side and Top View Camera','Smooth Ride Suspension Package','Speed-Sensing Steering','Split/Folding Seats','Stability Control','Start-Stop System','Steering Wheel Controls','Steering Wheel Memory','Tachometer','Telematics System','Thermometer','Third Row Seating','Tire Pressure Monitoring System','Traction Control','Trip Computer','Vanity Mirror/Light','Wireless Phone Charger']",104,"Satin Steel Metallic 2022 Chevrolet Tahoe LT 10-Speed Automatic with Overdrive EcoTec3 5.3L V8 4WD Local Trade, 4WD, Jet Black Leather, 1st &amp; 2nd Row Color-Keyed Carpeted Floor Mats, 2nd Row Pwr Release 60/40 Split-Folding Bench Seat, 3rd Row 60/40 Power-Folding Split-Bench Seat, 9 Speakers, AM/FM radio: SiriusXM with 360L, Auto-Dimming Inside Rear-View Mirror, Automatic Stop/Start, Bose 9-Speaker Stereo Audio System Feature, Bright Front &amp; Rear Door Sill Plates, Color-Keyed Carpeting Floor Covering, Driver &amp; Front Outboard Passenger Airbags, Driver Alert Package, Enhanced Driver Information Center, Floor Console w/Storage Area, Hands-Free Rear Power Programmable Liftgate, HD Surround Vision, Heated 2nd Row Outboard Seats, Heated Steering Wheel, Infotainment Display, Lane Change Alert w/Side Blind Zone Alert, Leather-Wrapped Steering Wheel, LED Daytime Running Lamps, Luxury Package, Memory Settings, Memory Settings for Driver, Navigation System, Outside Heated Power-Adjustable Mirrors, Power Tilt &amp; Telescopic Steering Column, Preferred Equipment Group 1LT, Premium audio system: Chevrolet Infotainment System 3, Radio: Chevrolet Infotainment 3 Premium System, Rear Cross Traffic Alert, Rear Pedestrian Alert, Remote Start, SiriusXM Radio w/360L, Start/Stop System Disable Button, Universal Home Remote, Wireless Charging.<br /><br />This 2022 Chevrolet Tahoe is equipped with Driver Alert Package (Lane Change Alert w/Side Blind Zone Alert and Rear Cross Traffic Alert), Luxury Package (2nd Row Pwr Release 60/40 Split-Folding Bench Seat, 3rd Row 60/40 Power-Folding Split-Bench Seat, HD Surround Vision, Heated 2nd Row Outboard Seats, Heated Steering Wheel, Memory Settings, Outside Heated Power-Adjustable Mirrors, Power Tilt &amp; Telescopic Steering Column, and Rear Pedestrian Alert), Preferred Equipment Group 1LT (1st &amp; 2nd Row Color-Keyed Carpeted Floor Mats, Auto-Dimming Inside Rear-View Mirror, Automatic Stop/Start, Bose 9-Speaker Stereo Audio System Feature, Bright Front &amp; Rear Door Sill Plates, Color-Keyed Carpeting Floor Covering, Driver &amp; Front Outboard Passenger Airbags, Enhanced Driver Information Center, Floor Console w/Storage Area, Hands-Free Rear Power Programmable Liftgate, Infotainment Display, Leather-Wrapped Steering Wheel, LED Daytime Running Lamps, Memory Settings for Driver, Remote Start, SiriusXM Radio w/360L, Start/Stop System Disable Button, Universal Home Remote, and Wireless Charging), 4WD, Jet Black Leather, 9 Speakers, AM/FM radio: SiriusXM with 360L, Navigation System, Premium audio system: Chevrolet Infotainment System 3, Radio: Chevrolet Infotainment 3 Premium System, 10-Way Power Driver &amp; Passenger Seat Adjusters, 3.23 Rear Axle Ratio, 3rd row seats: split-bench, 4-Wheel Disc Brakes, ABS brakes, Air Conditioning, Alloy wheels, Apple CarPlay/Android Auto, Auto High-beam Headlights, Auto-dimming Rear-View mirror, Automatic temperature control, Brake assist, Bumpers: body-color, Compass, Delay-off headlights, Driver door bin, Driver vanity mirror, Dual front impact airbags, Dual front side impact airbags, Dual-Pane Power Panoramic Sunroof, Electronic Stability Control, Emergency communication system: OnStar and Chevrolet connected services capable, Engine Block Heater, Four wheel independent suspension, Front anti-roll bar, Front Bucket Seats, Front Center Armrest, Front dual zone A/C, Front High-Back Reclining Bucket Seats, Front reading lights, Fully automatic headlights, Garage door transmitter, Heated door mirrors, Heated Driver &amp; Front Passenger Seats, Heated front seats, Illuminated entry, Leather steering wheel, Leather-Appointed Seat Trim, Low tire pressure warning, Memory seat, Not Equipped w/Front &amp; Rear Park Assist, Not Equipped w/Steering Column Lock, Occupant sensing airbag, Outside temperature display, Overhead airbag, Overhead console, Panic alarm, Passenger door bin, Passenger vanity mirror, Power door mirrors, Power driver seat, Power Liftgate, Power passenger seat, Power Release 2nd Row Bucket Seat","[PREMIUM]","[PREMIUM]",146,
"5TDCZRAH7NS136514XVEE6YAZY520260829","2026-09-04 00:19:34.814","2026-09-04 00:19:34.814","[PREMIUM]","[PREMIUM]","8UT2931",2022,"Toyota","Highlander","L",,"SUV","Silver","Gray","6 Cyl","3.5 L","FWD","Automatic","Gasoline",38108,"[PREMIUM]","[PREMIUM]",29990,,"Used",,,21,29,24,true,true,true,true,"['{""ownerNumber"":1,""purchaseDate"":""09/15/22"",""endOwnershipDate"":""08/29/26"",""city"":""Meridian"",""state"":""MS""}']",11,,0,"2026-08-29","ENHANCED","NEW",true,"[PREMIUM]","Meridian","MS","39301","[PREMIUM]",4.6,298,"XVEE6YAZY5","[PREMIUM]","[PREMIUM]","[PREMIUM]","[PREMIUM]","[PREMIUM]","TOPRATED",,,,,"[PREMIUM]","[PREMIUM]",,"['Grade Package','Spoiler','Tinted Windows','Folding Mirrors','18 Inch Wheels','Alloy Wheels','Third Row Seating','Lane Departure Warning','Heated Mirrors','Black Grille']",10,"['12V Power Outlet','3-Point Seat Belts','4-Wheel Disc Brakes','6 Speakers','AM/FM','Adaptive Cruise Control','Adjustable Headrests','Adjustable Seats','Adjustable Steering Wheel','Air Conditioning','Air Filtration','Antenna','Anti-Lock Brakes','Auto-Dimming Mirror','Automatic Headlights','Body Colored Bumpers','Body Colored Door Handles','Braking Assist','Cargo Area Concealed Storage','Cargo Area Light','Child Safety Locks','Cloth Seats','Collision Warning System','Color Coded Mirrors','Compact Spare Tire','Conversation Mirror','Cup Holder','Daytime Running Lights','Delay-Off Headlights','Delayed Accessory Power','Digital Instrument Cluster','Door Bin','Driver Foot Rest','Dual-Stage Front Airbags','Electric Parking Brake','Engine Immobilizer','Fade-To-Off Interior Lighting','Floor Mats','Front Airbags (Passenger)','Front Anti-Roll Bar','Front Bench Seat','Front Bucket Seats','Front Center Armrest','Front Headrests','Front Knee Airbags (Driver)','Front Side Airbags','Front Ventilated Disc Brakes','High-Beam Assist','Hill Assist System','Illuminated Entry','Independent Suspension','Intermittent Wipers','LED Lights - High Beam','LED Lights - Low Beam','LED Tail Lights','Lane Change Assist','Lane Keeping System','Leatherette Dash Trim','Leatherette Door Trim','Locking Glove Box','Metal-Look Dash Trim','Metal-Look Door Trim','Multi-Link Suspension','Overhead Console','Passenger Sensing Airbag','Power Folding Mirrors','Power Mirrors','Power Seat (Dual)','Power Steering','Reading Lights','Rear Anti-Roll Bar','Rear Center Armrest','Rear Headrests','Rear Stabilizer Bar','Rear-View Camera','Remote Fuel Door Release','Seat Belt Pretensioners','Side Curtain Airbags','Side Impact Door Beam','Speed-Sensing Steering','Split/Folding Seats','Start-Stop System','Steel Spare Wheel Rim','Steering Wheel Controls','Telematics System','Thermometer','Third Row Airbags','Tire Pressure Monitoring System','Trailer Stability Assist','Turn Signal Mirrors','Vanity Mirror/Light','Vehicle Tracking System','Windshield Wiper Heater']",93,"This <b> 2022 Toyota Highlander L</b>, has a Celestial Silver Metallic exterior and Graphite interior color with only 38,108 miles. Stock Number 8UT2931. You can connect with us by calling (601)485-1620. No Accidents! One Owner! <b>OTHER NOTABLE FEATURES AND OPTIONS YOU SHOULD KNOW ABOUT:</b> L Grade Package<ul><li>Audio Radio</li><li>Engine Immobilizer</li></ul> Safety and Security<ul><li> Forward collision mitigation - Forward thinking. You look away for just a second and suddenly the vehicle in front of you has stopped. That's when the forward collision mitigation system comes to life. When it senses an impending impact, it will activate a combination of features to help prevent or reduce the severity of an accident. Forward collision mitigation is always looking ahead.</li><li> Pedestrian impact prevention - An extra step toward safety. Pedestrians don't always stop, look, and listen, but with Pedestrian Impact Prevention, your vehicle is equipped to better see them and avoid them. This system constantly monitors the road ahead to identify and track pedestrians. It projects that image to an interior display screen, AND should an impact become likely, Pedestrian impact prevention takes steps to avoid a collision.</li><li> Hands-on cruise control. Set it and forget it. Road trips used to be stressful. Cruise control only managed speed, but not distance or safety. Now, with hands-on cruise control, simply set your desired speed and let sensor technology maintain a safe distance between you and surrounding vehicles. It slows you down, speeds you up and even keeps you in your own lane. Meet your ultimate co-pilot with hands-on cruise control.</li><li> Hands-on cruise control. Set it and forget it. Road trips used to be stressful. Cruise control only managed speed, but not distance or safety. Now, with hands-on cruise control, simply set your desired speed and let sensor technology maintain a safe distance between you and surrounding vehicles. It slows you down, speeds you up and even keeps you in your own lane. Meet your ultimate co-pilot with hands-on cruise control.</li></ul>Technology and Telematics<ul><li> Smart device mirroring - Smartphone, meet smart car. You can control your device through your vehicle's infotainment system. Smart device mirroring brings together safety and convenience by making it easier to find what you're looking for while keeping your eyes on the road.</li></ul> CELESTIAL SILVER METALLIC, GRAPHITE, FABRIC SEAT TRIM At Toyota of Meridian, we're here to <b>Serve you!</b> Our staff is 100% dedicated to customer satisfaction and we understand that you need clear, transparent information throughout the car buying process. With our live market pricing philosophy, we offer the right cars at the right price, and the transparency to back it up! <b>FINANCING OPTIONS:</b> Take advantage of our attractive low-rate financing options. Our access to various Credit Unions and National Banks can provide financing for most credit levels. We can tailor a finance package to fit your needs. To get started, complete our secure online credit application. We're committed to providing our Meridian, Jackson, Hattiesburg, Tuscaloosa, Birmingham, and Montgomery drivers with the ultimate dealership experience. From a comprehensive selection of new Toyota models and budget-friendly used cars to car loans and leases and friendly service, there's a variety of reasons why our customers continue to return to our conveniently located showroom. From the moment you walk into our showroom to the moment you walk out the doors, the Toyota of Meridian team will provide you with the continued service you need to enjoy every mile. Are you interested in learning more about our offerings or rich-history? Consider joining us at 2900 HWY 39, North Meridian, MS where we're a just a quick drive away from Tuscaloosa, Jackson Hattiesburg, and beyond. We truly look forward to assisting you today and in the future with all of your automotive needs! Visit us on the web at www.toyotaofmeridian.com or call us at (601) 485-1620.","[PREMIUM]","[PREMIUM]",145.5,
"5TDFZRBHXNS201965DFT9YWGE9A20260901","2026-09-04 00:19:34.812","2026-09-04 00:19:34.812","[PREMIUM]","[PREMIUM]","KD00148",2022,"Toyota","Highlander","Platinum",,"SUV","Unspecified","Black","6 Cyl","3.5 L","AWD","Automatic","Gasoline",45549,"[PREMIUM]","[PREMIUM]",40970,,"Used",,,20,27,23,true,true,true,true,"['{""ownerNumber"":1,""purchaseDate"":""03/19/22"",""endOwnershipDate"":""Present"",""city"":""Florence"",""state"":""AL""}']",10,35,0,"2026-09-01","ENHANCED","NEW",true,"[PREMIUM]","Decatur","AL","35601","[PREMIUM]",4.6,518,"DFT9YWGE9A","[PREMIUM]","[PREMIUM]","[PREMIUM]","[PREMIUM]","[PREMIUM]","TOPRATED",,,,,"[PREMIUM]","[PREMIUM]",35,"['Platinum Package','Navigation System','Keyless Entry','Fog Lights','Spoiler','Leather Seats','Heated Seats','Heated Steering Wheel','Roof Rails','Power Liftgate']",10,"['11 Speakers','20 Inch Wheels','2nd Row Split/Folding Seats','3rd Row Bench Seat','3rd Row Split/Folding Seats','4-Wheel Disc Brakes','4-Wheel Independent Suspension','AM/FM','Adjustable 3rd Row Seats','Adjustable Steering Wheel','Air Conditioning','Alloy Wheels','Android Auto','Anti-Lock Brakes','Anti-Theft System','Apple Carplay','Auto Climate Control','Auto-Dimming Mirror','Automatic Headlights','Beverage Holder','Body Colored Bumpers','Braking Assist','Cruise Control','Delay-Off Headlights','Door Bin','Dual-Zone Climate Control','Emergency Communication System','Front Airbags (Driver)','Front Airbags (Passenger)','Front Anti-Roll Bar','Front Bucket Seats','Front Center Armrest','Front Knee Airbags (Driver)','Front Side Airbags (Driver)','Front Side Airbags (Passenger)','Head-Up Display','Heated Mirrors','High-Beam Assist','Illuminated Entry','Integrated Garage Door Opener','JBL Sound System','LED Lights','Leather Shift Knob Trim','Leather Trimmed Interior','Leather Trimmed Seats','Overhead Airbag','Overhead Console','Panic Button','Panorama Sunroof','Passenger Sensing Airbag','Power Mirrors','Power Seat (Dual)','Power Steering','Power Sun/Moonroof','Power Windows','Rain-Sensing Wipers','Reading Lights','Rear Air Conditioning','Rear Anti-Roll Bar','Rear Heated Seats','Rear Window Defroster','Rear Window Wiper','Rear-View Camera','Rear-View Mirror Camera','Remote Keyless Entry','Satellite Radio','Seat Memory','Side and Top View Camera','Speed-Sensing Steering','Stability Control','Steering Wheel Controls','Tachometer','Thermometer','Third Row Seating','Tire Pressure Monitoring System','Traction Control','Trip Computer','Turn Signal Mirrors','Vanity Mirror/Light','Ventilated Seats']",80,"CARFAX One-Owner. 20/27 City/Highway MPG<br />AWD<br /><br /><br />2022 Toyota Highlander Pearl 3.5L V6 DOHC 8-Speed Automatic 4D Sport Utility Platinum<br /><br /><br />Thank you for making your way to Shottenkirk Honda Decatur, your certified Honda dealer serving drivers throughout Decatur, Huntsville, Madison, Athens, Priceville, Hartselle, Danville, Cullman, Vinemont, Moulton, Trinity, Florence, Muscle Shoals, Harvest, Somerville, Arab, New Hope, Gurley, Eva, Guntersville, Scottsboro, Gadsden, Boaz, Owens Cross Roads, Hazel Green, Elkmont, Meridianville, and the surrounding areas. At our dealership, you’ll find a great selection of new Hondas for sale, as well as a carefully inspected lineup of pre-owned vehicles. We also have a well-connected finance center run by a qualified team of finance experts, who can help you get the right loan or lease in a quick, easy, and transparent manner.","[PREMIUM]","[PREMIUM]",150.5,
"JTEFU5JR7N5259745W2IXQKX00120260825","2026-09-04 00:19:34.799","2026-09-04 00:19:34.799","[PREMIUM]","[PREMIUM]","50242A",2022,"Toyota","4Runner","SR5","Premium","SUV","White","Black","6 Cyl","4.0 L","RWD","Automatic","Gasoline",95117,"[PREMIUM]","[PREMIUM]",31710,"FAIR","Used",,,16,19,17,true,true,true,,"['{""ownerNumber"":1,""purchaseDate"":""01/03/22"",""endOwnershipDate"":""01/10/23"",""city"":""Dothan"",""state"":""AL""}','{""ownerNumber"":2,""purchaseDate"":""02/23/23"",""endOwnershipDate"":""07/16/26"",""city"":""Oneonta"",""state"":""AL""}','{""ownerNumber"":3,""purchaseDate"":""07/16/26"",""endOwnershipDate"":""08/25/26"",""city"":""Springville"",""state"":""AL""}']",8,40,0,"2026-08-25","ENHANCED","USED",true,"[PREMIUM]","Pelham","AL","35124","[PREMIUM]",4.6,112,"W2IXQKX001","[PREMIUM]","[PREMIUM]","[PREMIUM]","[PREMIUM]","[PREMIUM]","TOPRATED","GREAT","LOW","LOW",230,"[PREMIUM]","[PREMIUM]",40,"['Spare Tire','Navigation System','Keyless Entry','Fog Lights','Trailer Hitch','Heated Seats','Bucket Seats','Blind Spot Monitor','Alloy Wheels','Led Lights']",10,"['17 Inch Wheels','4-Wheel Disc Brakes','5-Passenger Seating','AM/FM','Adaptive Cruise Control','Adjustable Steering Wheel','Air Conditioning','All-Season Tires','Antenna','Anti-Lock Brakes','Anti-Theft System','Auto-Dimming Mirror','Automatic Headlights','Aux Audio Adapter','Braking Assist','Child Safety Locks','Collision Warning System','Cross Traffic Alert','Daytime Running Lights','Driver Adjustable Lumbar','Engine Immobilizer','Floor Mats','Front Airbags (Driver)','Front Airbags (Passenger)','Front Head Airbag','Front Knee Airbags (Driver)','Front Side Airbags (Driver)','HD Radio','Handsfree/Bluetooth Integration','Heated Mirrors','Integrated Garage Door Opener','Intermittent Wipers','Keyless Ignition','Lane Departure Warning','Leather Steering Wheel','Pass-Through Rear Seat','Passenger Sensing Airbag','Power Locks','Power Mirrors','Power Seat (Dual)','Power Steering','Power Windows','Privacy Glass','Rear Bench Seat','Rear Head Airbags','Rear Spoiler','Rear Window Defroster','Rear-View Camera','Satellite Radio','Smart Device Integration','Stability Control','Steering Wheel Controls','Telematics System','Tire Pressure Monitoring System','Tow Hooks','Traction Control','Trip Computer','Turn Signal Mirrors','Valet Function','Vanity Mirror/Light','Vinyl Seats','Wi-Fi Hotspot','Windshield Wiper Heater']",63,"If you wish to have vehicle shipped to you, that is a separate charge determined by distance. Please use the listed price as the most up to date price. Racy yet refined, this 2022 Toyota 4Runner is a meticulous collaboration between pleasantness and polish. With a Regular Gasoline V-6 4.0 L/241 engine powering this Automatic transmission, this ride is an intoxicating mix of precise machining and charm. It is well equipped with the following options: Wireless Phone Connectivity, Window Grid Diversity Antenna, Wi-Fi Connect with up to 2GB within 3-month trial Mobile Hotspot Internet Access, Wheels: 17"" 6-Spoke Alloy, Variable Intermittent Wipers w/Heated Wiper Park, Valet Function, Turn-By-Turn Navigation Directions, Trip Computer, Transmission: 5-Speed ECT Automatic, and Transmission w/Sequential Shift Control and Oil Cooler . The Accessories include 1 Master Key.","[PREMIUM]","[PREMIUM]",148,
"1FMSK7DH5NGB681086DZ1YFDAVO20260619","2026-09-04 00:19:34.795","2026-09-04 00:19:34.795","[PREMIUM]","[PREMIUM]",,2022,"Ford","Explorer","XLT",,"SUV","Red",,"4 Cyl","2.3 L","RWD","Automatic","Gasoline",35403,"[PREMIUM]","[PREMIUM]",27940,,"Used",,,20,28,23,,true,true,true,"['{""ownerNumber"":1,""purchaseDate"":""02/21/23"",""endOwnershipDate"":""06/09/26"",""city"":""Mesquite"",""state"":""TX""}']",7,27,0,"2026-06-19","ENHANCED","USED",true,"[PREMIUM]","Greenfield","TN","38230","[PREMIUM]",4.7,3,"6DZ1YFDAVO","[PREMIUM]","[PREMIUM]","[PREMIUM]","[PREMIUM]","[PREMIUM]","ADVANTAGE","GREAT","AVERAGE","LOW",310,"[PREMIUM]","[PREMIUM]",27,"['Remote Start','Navigation System','Ecoboost','Leather Seats','Heated Seats','Heated Steering Wheel','Power Liftgate','Third Row Seating','Turbocharger','Rear Bucket Seats']",10,"[]",,"Look at this beautiful Ford Explorer! It's a 1 Owner with regular oil changes documented on carfax! It comes loaded with heated leather seats, 2nd row bucket seats, 3rd row seating, heated steering wheel, navigation, remote start, power liftgate &amp; more! Factory type warranties up to 8 Years/120k Miles are available on this unit.","[PREMIUM]","[PREMIUM]",150,
"JTENU5JR8N5995038TRAXELWUR120260829","2026-09-04 00:19:34.795","2026-09-04 00:19:34.795","[PREMIUM]","[PREMIUM]","DJN21821B",2022,"Toyota","4Runner","SR5","Premium","SUV","Red","Tan","6 Cyl","4.0 L","4WD","Automatic","Gasoline",64265,"[PREMIUM]","[PREMIUM]",39700,"GREAT","Used",,,16,19,17,,true,true,,"['{""ownerNumber"":1,""purchaseDate"":""12/01/21"",""endOwnershipDate"":""02/22/22"",""city"":""Jonesboro"",""state"":""AR""}','{""ownerNumber"":2,""purchaseDate"":""02/22/22"",""endOwnershipDate"":""08/29/26"",""city"":""Jonesboro"",""state"":""AR""}']",18,1,0,"2026-08-29","ENHANCED","NEW",true,"[PREMIUM]","Jonesboro","AR","72404","[PREMIUM]",4.3,699,"TRAXELWUR1","[PREMIUM]","[PREMIUM]","[PREMIUM]","[PREMIUM]","[PREMIUM]","TOPRATED","GREAT","LOW","LOW",160,"[PREMIUM]","[PREMIUM]",1,"['Moonroof Package','Navigation System','Keyless Entry','Fog Lights','Spoiler','Heated Seats','Roof Rails','Blind Spot Monitor','Alloy Wheels','17 Inch Wheels']",10,"['2nd Row Split/Folding Seats','4-Wheel Disc Brakes','8 Speakers','AM/FM','Adjustable Steering Wheel','Air Conditioning','Android Auto','Anti-Lock Brakes','Anti-Theft System','Apple Carplay','Auto-Dimming Mirror','Automatic Headlights','Beverage Holder','Body Colored Bumpers','Braking Assist','Compass','Cruise Control','Door Bin','Emergency Communication System','Front Airbags (Driver)','Front Airbags (Passenger)','Front Anti-Roll Bar','Front Bucket Seats','Front Center Armrest','Front Knee Airbags (Driver)','Front Side Airbags (Driver)','Front Side Airbags (Passenger)','Head Restraint Whiplash Protection','Heated Mirrors','High-Beam Assist','Illuminated Entry','Independent Suspension','Integrated Garage Door Opener','Intermittent Wipers','Leather Shift Knob Trim','Leather Steering Wheel','Leatherette Seats','Overhead Airbag','Overhead Console','Panic Button','Passenger Sensing Airbag','Power Mirrors','Power Seat (Dual)','Power Steering','Power Windows','Premium Sound System','Reading Lights','Rear Anti-Roll Bar','Rear Center Armrest','Rear Window Defroster','Rear Window Wiper','Rear-View Camera','Remote Keyless Entry','SR5 Premium Package','Satellite Radio','Speed-Sensing Steering','Stability Control','Steering Wheel Controls','Sun/Moonroof','Tachometer','Thermometer','Tire Pressure Monitoring System','Traction Control','Trip Computer','Turn Signal Mirrors','Vanity Mirror/Light']",66,"Recent Arrival! Barcelona Red Metallic 2022 Toyota 4Runner SR5 Premium SR5 Premium 4D Sport Utility 4.0L V6 DOHC 24V 5-Speed with ECT 4WD Odometer is 2607 miles below market average! Priced below KBB Fair Purchase Price! 4WD, Sand Beige Premium Synthetic. **#1 IN NEA! CALL TODAY TO SET AN APPOINTMENT OR SHOP ONLINE AT WWW.FLETCHERDCJ.COM**","[PREMIUM]","[PREMIUM]",155.25,
"1FMJK1JT1NEA363297OAXLGKL2120260830","2026-09-04 00:19:34.793","2026-09-04 00:19:34.793","[PREMIUM]","[PREMIUM]","STKA36329",2022,"Ford","Expedition MAX","XLT",,"SUV","Blue","Black","6 Cyl","3.5 L","4WD","Automatic","Gasoline",81021,"[PREMIUM]","[PREMIUM]",37940,,"Used",,,,,,true,true,true,true,"['{""ownerNumber"":1,""purchaseDate"":""07/16/22"",""endOwnershipDate"":""08/30/26"",""city"":""Purdy"",""state"":""MO""}']",14,19,0,"2026-08-30","ENHANCED","NEW",true,"[PREMIUM]","Aurora","MO","65605","[PREMIUM]",4.7,623,"7OAXLGKL21","[PREMIUM]","[PREMIUM]","[PREMIUM]","[PREMIUM]","[PREMIUM]","TOPRATED",,,,,"[PREMIUM]","[PREMIUM]",19,"['Special Edition Package','Remote Start','Navigation System','Ecoboost','Keyless Entry','Spoiler','Running Boards','Heated Seats','Heated Steering Wheel','Ambient Lighting']",10,"['110V Power Outlet','18 Inch Wheels','20 Inch Wheels','2nd Row Captains Chairs','2nd Row Power Seats','2nd Row Split/Folding Seats','3rd Row Bench Seat','3rd Row Split/Folding Seats','4-Wheel Disc Brakes','4-Wheel Independent Suspension','6 Speakers','AM/FM','Adaptive Cruise Control','Adjustable 3rd Row Seats','Adjustable Pedals','Adjustable Steering Wheel','Advanced Security Package','Air Conditioning','Alloy Wheels','Anti-Lock Brakes','Anti-Theft System','Auto Climate Control','Auto-Dimming Mirror','Automatic Headlights','Beverage Holder','Body Colored Bumpers','Braking Assist','Captains Chairs','Cargo Mat','Center Console','Cloth Seats','Co-Pilot 360 Assist Package','Collision Warning System','Compass','Delay-Off Headlights','Door Bin','Dual-Zone Climate Control','Emergency Communication System','Front Airbags (Driver)','Front Airbags (Passenger)','Front Anti-Roll Bar','Front Bucket Seats','Front Center Armrest','Front Parking Sensors','Front Side Airbags (Driver)','Front Side Airbags (Passenger)','Heated Mirrors','Heavy Duty Trailer Tow Package','High Package','High-Beam Assist','Illuminated Entry','Integrated Garage Door Opener','Intermittent Wipers','Keyless Entry Keypad','LED Fog Lights','LED Lights','Leather Steering Wheel','MP3','Overhead Airbag','Overhead Console','Panic Button','Panorama Sunroof','Passenger Sensing Airbag','Power Adjustable Headrest','Power Adjustable Steering Wheel','Power Folding Mirrors','Power Liftgate','Power Mirrors','Power Seat (Dual)','Power Steering','Power Windows','Radio Data System','Reading Lights','Rear Air Conditioning','Rear Anti-Roll Bar','Rear Window Defroster','Rear Window Wiper','Rear-View Camera','Remote Keyless Entry','Roof Rail Crossbars','Satellite Radio','Speed-Sensing Steering','Stability Control','Start-Stop System','Steering Wheel Controls','Steering Wheel Memory','Sync 4','Tachometer','Thermometer','Third Row Seating','Tire Pressure Monitoring System','Traction Control','Trailer Backup Assist','Trailer Brake Controller','Trip Computer','Turn Signal Mirrors','Vanity Mirror/Light','Ventilated Seats','Voice-Activated Command System','Wireless Phone Charger']",100,"2022 Ford Expedition Max XLT 4D Sport Utility CARFAX One-Owner.","[PREMIUM]","[PREMIUM]",150.5,
"5TDZZRAH8NS1070642GP8LM100120260902","2026-09-04 00:19:34.783","2026-09-04 00:19:34.783","[PREMIUM]","[PREMIUM]","38108A",2022,"Toyota","Highlander","LE",,"SUV","Gray","Gray","6 Cyl","3.5 L","FWD","Automatic","Gasoline",95509,"[PREMIUM]","[PREMIUM]",25730,,"Used",,,20,28,23,true,true,true,,"['{""ownerNumber"":1,""purchaseDate"":""02/17/22"",""endOwnershipDate"":""08/27/24"",""city"":""Brandon"",""state"":""MS""}','{""ownerNumber"":2,""purchaseDate"":""11/07/24"",""endOwnershipDate"":""Present"",""city"":""Mendenhall"",""state"":""MS""}']",13,6,0,"2026-09-02","ENHANCED","NEW",true,"[PREMIUM]","Brandon","MS","39042","[PREMIUM]",4.7,1753,"2GP8LM1001","[PREMIUM]","[PREMIUM]","[PREMIUM]","[PREMIUM]","[PREMIUM]","TOPRATED",,,,,"[PREMIUM]","[PREMIUM]",6,"['Keyless Entry','Fog Lights','Spoiler','Power Liftgate','18 Inch Wheels','Alloy Wheels','Third Row Seating','Heated Mirrors','Satellite Radio','Rear Air Conditioning']",10,"['2nd Row Split/Folding Seats','3rd Row Bench Seat','3rd Row Split/Folding Seats','4-Wheel Disc Brakes','4-Wheel Independent Suspension','6 Speakers','AM/FM','Adjustable 3rd Row Seats','Adjustable Steering Wheel','Air Conditioning','Android Auto','Anti-Lock Brakes','Anti-Theft System','Apple Carplay','Auto Climate Control','Automatic Headlights','Beverage Holder','Body Colored Bumpers','Braking Assist','Cloth Seats','Cloth Upholstery','Cruise Control','Delay-Off Headlights','Door Bin','Dual-Zone Climate Control','Emergency Communication System','Front Airbags (Driver)','Front Airbags (Passenger)','Front Anti-Roll Bar','Front Bucket Seats','Front Center Armrest','Front Knee Airbags (Driver)','Front Side Airbags (Driver)','Front Side Airbags (Passenger)','High-Beam Assist','Illuminated Entry','Intermittent Wipers','Leather Shift Knob Trim','Overhead Airbag','Overhead Console','Panic Button','Passenger Sensing Airbag','Power Mirrors','Power Seat (Dual)','Power Steering','Power Windows','Reading Lights','Rear Anti-Roll Bar','Rear Center Armrest','Rear Window Defroster','Rear Window Wiper','Rear-View Camera','Remote Keyless Entry','Speed-Sensing Steering','Stability Control','Steering Wheel Controls','Tachometer','Thermometer','Tire Pressure Monitoring System','Traction Control','Trip Computer','Turn Signal Mirrors','Vanity Mirror/Light']",63,"2022 Toyota Highlander Gray LE 4D Sport Utility 3.5L V6 DOHC FWD 8-Speed Automatic Honda Dealer Serving Jackson MS, Financing Is Available For Everyone.<br /><br />This vehicle has been through an extensive multi-point inspection by an ASE Certified Technician. All necessary services have been done for the appropriate mileage interval as deemed necessary. We have also reconditioned this vehicle inside and out to provide you with as near a new car experience as can be expected from a vehicle of this year and mileage. Buy with confidence. Family-owned &amp; operated. Get Pre-Approved at<br /><br />https://www.bobboytehonda.com/get-pre-qualified.html<br /><br />Free Vehicle History report. Large Metro Jackson MS Used Car Super Store serving residents of Brandon, Ridgeland, Canton, Crystal Springs Yazoo City, Vicksburg, Forest, Carthage, Philadelphia, Newton, Meridian, Laurel, Hattiesburg, McComb, Wesson, Brookhaven, Mendenhall, Magee and all of Central Mississippi. Call Bob Boyte Honda today at 601-591-5000.<br /><br />21/29 City/Highway MPG","[PREMIUM]","[PREMIUM]",146.75,
"5FNYF5H58NB016082SF5YWAIXSN20260830","2026-09-04 00:19:34.782","2026-09-04 00:19:34.782","[PREMIUM]","[PREMIUM]","CNB016082",2022,"Honda","Pilot","EXL",,"SUV","White","Tan","6 Cyl","3.5 L","FWD","Automatic","Gasoline",8498,"[PREMIUM]","[PREMIUM]",33440,"GOOD","Used",,,20,27,23,true,true,true,true,"['{""ownerNumber"":1,""purchaseDate"":""02/14/22"",""endOwnershipDate"":""08/26/26"",""city"":""Birmingham"",""state"":""AL""}']",7,34,1,"2026-08-30","ENHANCED","USED",true,"[PREMIUM]","Irondale","AL","35210","[PREMIUM]",3.9,31,"SF5YWAIXSN","[PREMIUM]","[PREMIUM]","[PREMIUM]","[PREMIUM]","[PREMIUM]","ADVANTAGE","GREAT","LOW","LOW",230,"[PREMIUM]","[PREMIUM]",34,"['Keyless Entry','Fog Lights','Leather Seats','Heated Seats','Bucket Seats','Power Liftgate','Blind Spot Monitor','Alloy Wheels','Led Lights','Third Row Seating']",10,"['4-Wheel Disc Brakes','8-Passenger Seating','AM/FM','Adaptive Cruise Control','Adjustable Steering Wheel','Air Conditioning','All-Season Tires','Anti-Lock Brakes','Anti-Theft System','Auto-Dimming Mirror','Automatic Headlights','Aux Audio Adapter','Braking Assist','Child Safety Locks','Collision Warning System','Compact Spare Tire','Cross Traffic Alert','Daytime Running Lights','Driver Adjustable Lumbar','Engine Immobilizer','Front Airbags (Driver)','Front Airbags (Passenger)','Front Head Airbag','Front Side Airbags (Driver)','HD Radio','Handsfree/Bluetooth Integration','Heated Mirrors','Integrated Garage Door Opener','Intermittent Wipers','Keyless Ignition','Lane Departure Warning','Lane Keeping System','Leather Steering Wheel','Leather Trimmed Interior','MP3','Memory Mirrors','Multi-Zone Climate Control','Pass-Through Rear Seat','Passenger Sensing Airbag','Power Locks','Power Mirrors','Power Seat (Dual)','Power Steering','Power Windows','Privacy Glass','Rear Air Conditioning','Rear Bench Seat','Rear Head Airbags','Rear Spoiler','Rear Window Defroster','Rear-View Camera','Remote Trunk Release','Seat Memory','Smart Device Integration','Stability Control','Steering Wheel Controls','Sun/Moonroof','Telematics System','Tire Pressure Monitoring System','Traction Control','Trip Computer','Turn Signal Mirrors','Vanity Mirror/Light']",63,"At EchoPark, it’s all about offering you options for a happy experience. We have thousands of new-to-you makes and models that range from sedans to trucks to SUVs to luxury vehicles. For your peace of mind, every car undergoes a 190-point inspection and comes with a free Carfax report, and many are still under factory warranty. Our network of stores coast-to-coast makes picking up your new vehicle a breeze. And if it ends up not being a perfect match, you can return it with our 7-Day Money Back Guarantee.It’s all part of our promise to you: we make car buying and selling, happier.In Alabama, price excludes required taxes, tag, title, other governmental fees and includes a $699 documentary fee. We have taken reasonable efforts to ensure display of accurate data, however, the information shown may contain errors and omissions, may not reflect all vehicle items and accessories, and errors with regard to pricing may occur. All displayed inventory is subject to prior sale and all prices expire at midnight on the date displayed. Price shown is for the state in which Dealer is physically located and if transferred to another state, the price may change. Dealer is not responsible for any errors but should be consulted in person to confirm the information on this page.USED VEHICLES MAY BE SUBJECT TO UNREPAIRED MANUFACTURER RECALLS. PLEASE CONTACT THE MANUFACTURER OR A DEALER FOR THAT LINE MAKE FOR RECALL ASSISTANCE/QUESTIONS OR CHECK THE NATIONAL HIGHWAY TRAFFIC SAFETY ADMINISTRATION WEBSITE FOR CURRENT RECALL INFORMATION BEFORE PURCHASING.","[PREMIUM]","[PREMIUM]",155.2,
"5FNYF7H54NB0056564WEJRVCK6120260813","2026-09-04 00:19:34.780","2026-09-04 00:19:34.780","[PREMIUM]","[PREMIUM]","005656R",2022,"Honda","Passport","EX","L","SUV","Silver",,"6 Cyl","3.5 L","FWD","Automatic","Gasoline",62964,"[PREMIUM]","[PREMIUM]",26910,,"Used",,,20,25,22,true,true,true,true,"['{""ownerNumber"":1,""purchaseDate"":""06/25/22"",""endOwnershipDate"":""08/13/26"",""city"":""Clanton"",""state"":""AL""}']",15,29,1,"2026-08-13","ENHANCED","NEW",true,"[PREMIUM]","Birmingham","AL","35215","[PREMIUM]",4.6,844,"4WEJRVCK61","[PREMIUM]","[PREMIUM]","[PREMIUM]","[PREMIUM]","[PREMIUM]","TOPRATED","GREAT","AVERAGE","LOW",390,"[PREMIUM]","[PREMIUM]",29,"['Platinum Package','Keyless Entry','Spoiler','Leather Seats','Heated Seats','Power Liftgate','Blind Spot Monitor','Alloy Wheels','20 Inch Wheels','Lane Departure Warning']",10,"['2nd Row Split/Folding Seats','4-Wheel Disc Brakes','4-Wheel Independent Suspension','7 Speakers','AM/FM','Adjustable Steering Wheel','Air Conditioning','Android Auto','Anti-Lock Brakes','Anti-Theft System','Apple Carplay','Audio/Video Remote Control','Auto Climate Control','Auto-Dimming Mirror','Automatic Headlights','Body Colored Bumpers','Braking Assist','Collision Warning System','Cruise Control','Delay-Off Headlights','Door Bin','Driver Seat Mounted Armrest','Dual-Zone Climate Control','Emergency Communication System','Front Airbags (Driver)','Front Airbags (Passenger)','Front Anti-Roll Bar','Front Bucket Seats','Front Center Armrest','Front Side Airbags (Driver)','Front Side Airbags (Passenger)','Heated Mirrors','High-Beam Assist','HondaLink','Illuminated Entry','Integrated Garage Door Opener','Intermittent Wipers','Lane Keeping System','Leather Trimmed Interior','Leather Trimmed Seats','Overhead Airbag','Overhead Console','Panic Button','Passenger Seat Mounted Armrest','Passenger Sensing Airbag','Power Mirrors','Power Seat (Dual)','Power Steering','Power Sun/Moonroof','Power Windows','Radio Data System','Reading Lights','Rear Air Conditioning','Rear Anti-Roll Bar','Rear Center Armrest','Rear Window Defroster','Rear Window Wiper','Rear-View Camera','Remote Keyless Entry','Satellite Radio','Seat Memory','Speed-Sensing Steering','Stability Control','Steering Wheel Controls','Tachometer','Telematics System','Thermometer','Tire Pressure Monitoring System','Traction Control','Trip Computer','Turn Signal Mirrors','Vanity Mirror/Light']",72,"***THE STEVE SERRA AUTO GROUP*** ASK ABOUT OUR SERRA PLATINUM PACKAGE 3.0!! NOW AVAILABLE!!! */*/*COME SEE WHAT EVERYONE IS TALKING ABOUT!!*/*/* LARGEST PREOWNED INVENTORY IN THE STATE!!*** FWD 9-Speed Automatic 3.5L V6 24V SOHC i-VTEC Odometer is 6018 miles below market average!<br /><br />Awards:<br /> * ALG Residual Value Awards, Residual Value Awards","[PREMIUM]","[PREMIUM]",144.7,
"5FNYF5H63NB029170SN3TE4H00120260826","2026-09-04 00:19:34.775","2026-09-04 00:19:34.775","[PREMIUM]","[PREMIUM]","T029170T",2022,"Honda","Pilot","Touring",,"SUV","Unspecified",,"6 Cyl","3.5 L","FWD","Automatic","Gasoline",63314,"[PREMIUM]","[PREMIUM]",30390,,"Used",,,20,27,23,true,true,true,true,"['{""ownerNumber"":1,""purchaseDate"":""06/22/22"",""endOwnershipDate"":""08/26/26"",""city"":""Jonesboro"",""state"":""AR""}']",4,3,0,"2026-08-26","ENHANCED","NEW",true,"[PREMIUM]","Jonesboro","AR","72404","[PREMIUM]",4.7,401,"SN3TE4H001","[PREMIUM]","[PREMIUM]","[PREMIUM]","[PREMIUM]","[PREMIUM]","TOPRATED","GREAT","AVERAGE","LOW",410,"[PREMIUM]","[PREMIUM]",3,"['Navigation System','Keyless Entry','Fog Lights','Spoiler','Leather Seats','Heated Seats','Roof Rails','Power Liftgate','Blind Spot Monitor','Alloy Wheels']",10,"['10 Speakers','20 Inch Wheels','2nd Row Split/Folding Seats','3rd Row Bench Seat','3rd Row Split/Folding Seats','4-Wheel Disc Brakes','4-Wheel Independent Suspension','7-Passenger Seating','AM/FM','Adjustable 3rd Row Seats','Adjustable Steering Wheel','Air Conditioning','Android Auto','Anti-Lock Brakes','Anti-Theft System','Apple Carplay','Audio/Video Remote Control','Auto Climate Control','Auto-Dimming Mirror','Automatic Headlights','Beverage Holder','Body Colored Bumpers','Braking Assist','Collision Warning System','Compass','Cruise Control','Delay-Off Headlights','Door Bin','Dual-Zone Climate Control','Emergency Communication System','Front Airbags (Driver)','Front Airbags (Passenger)','Front Anti-Roll Bar','Front Bucket Seats','Front Center Armrest','Front Side Airbags (Driver)','Front Side Airbags (Passenger)','Heated Mirrors','High-Beam Assist','HondaLink','Illuminated Entry','Integrated Garage Door Opener','Intermittent Wipers','Lane Departure Warning','Lane Keeping System','Leather Trimmed Interior','Leather Trimmed Seats','Overhead Airbag','Overhead Console','Panic Button','Passenger Sensing Airbag','Power Mirrors','Power Seat (Dual)','Power Steering','Power Sun/Moonroof','Power Windows','Premium Sound System','Radio Data System','Reading Lights','Rear Air Conditioning','Rear Anti-Roll Bar','Rear Audio Controls','Rear Heated Seats','Rear Window Defroster','Rear Window Wiper','Rear-View Camera','Remote Keyless Entry','Satellite Radio','Seat Memory','Speed-Sensing Steering','Stability Control','Steering Wheel Controls','Tachometer','Telematics System','Thermometer','Third Row Seating','Tire Pressure Monitoring System','Traction Control','Trip Computer','Turn Signal Mirrors','Vanity Mirror/Light']",81,"CARFAX One-Owner. Clean CARFAX. 2022 Honda Pilot Touring 7 Passenger 4D Sport Utility FWD 9-Speed Automatic 3.5L V6 24V SOHC i-VTEC<br /><br />Recent Arrival! Odometer is 16505 miles below market average! 20/27 City/Highway MPG","[PREMIUM]","[PREMIUM]",150.5,
"1GKS1BKD9NR3209891AGGAENBA120260824","2026-09-04 00:19:34.666","2026-09-04 00:19:34.666","[PREMIUM]","[PREMIUM]","B9616A",2022,"GMC","Yukon","SLT",,"SUV","White","Tan","8 Cyl","5.3 L","RWD","Automatic","Gasoline",88789,"[PREMIUM]","[PREMIUM]",39840,,"Used",,,15,20,17,true,true,true,true,"['{""ownerNumber"":1,""purchaseDate"":""03/08/23"",""endOwnershipDate"":""08/24/26"",""city"":""Temple"",""state"":""GA""}']",15,14,0,"2026-08-24","ENHANCED","NEW",true,"[PREMIUM]","Birmingham","AL","35209","[PREMIUM]",4.4,870,"1AGGAENBA1","[PREMIUM]","[PREMIUM]","[PREMIUM]","[PREMIUM]","[PREMIUM]","TOPRATED",,,,,"[PREMIUM]","[PREMIUM]",14,"['Premium Package','Luxury Package','Preferred Equipment Package','Navigation System','Keyless Entry','Fog Lights','Spoiler','Leather Seats','Heated Seats','Heated Steering Wheel']",10,"['20 Inch Wheels','2nd Row Bench Seat','2nd Row Heated Seats','2nd Row Power Seats','2nd Row Split/Folding Seats','3rd Row Bench Seat','3rd Row Split/Folding Seats','4-Wheel Disc Brakes','4-Wheel Independent Suspension','9 Speakers','AM/FM','Adjustable Steering Wheel','Air Conditioning','Alloy Wheels','Android Auto','Anti-Lock Brakes','Anti-Theft System','Apple Carplay','Auto Climate Control','Auto-Dimming Mirror','Automatic Headlights','Blind Spot Monitor','Body Colored Bumpers','Body Side Moldings','Bose Sound System','Braking Assist','Chrome Door Handles','Collision Warning System','Compass','Cruise Control','Delay-Off Headlights','Door Bin','Dual-Pane Panoramic Power Sunroof','Dual-Zone Climate Control','Emergency Communication System','Following Distance Indicator','Front Airbags (Driver)','Front Airbags (Passenger)','Front Anti-Roll Bar','Front Bench Seat','Front Bucket Seats','Front Center Armrest','Front Parking Sensors','Front Side Airbags (Driver)','Front Side Airbags (Passenger)','Handsfree Power Liftgate','Heated Mirrors','High-Beam Assist','Illuminated Entry','Integrated Garage Door Opener','Lane Departure Warning','Lane Keeping System','Leather Steering Wheel','Leather Trimmed Interior','Leather Trimmed Seats','Overhead Airbag','Overhead Console','Panic Button','Parking Assist System','Passenger Sensing Airbag','Pedestrian Alert System','Perforated Seats','Power Adjustable Steering Wheel','Power Liftgate','Power Mirrors','Power Seat (Dual)','Power Steering','Power Sun/Moonroof','Power Windows','Rain-Sensing Wipers','Reading Lights','Rear Air Conditioning','Rear Anti-Roll Bar','Rear Bucket Seats','Rear Center Armrest','Rear Cross Traffic Alert','Rear Parking Sensors','Rear Window Defroster','Rear Window Wiper','Rear-View Camera','Remote Keyless Entry','Roof Rails','Safety Alert Seat','Satellite Radio','Seat Memory','Side and Top View Camera','Smooth Ride Suspension Package','Speed-Sensing Steering','Split/Folding Seats','Stability Control','Start-Stop System','Steering Wheel Controls','Tachometer','Thermometer','Third Row Seating','Tire Pressure Monitoring System','Traction Control','Trip Computer','Vanity Mirror/Light','Ventilated Seats','Warranty','Wireless Phone Charger']",102,"This stunning 2022 GMC Yukon SLT commands attention with its crisp white exterior and commanding presence on the road. Powered by a robust EcoTec3 5.3L V8 engine paired with a 10-speed automatic transmission, this full-size SUV delivers the performance and capability you expect from the GMC nameplate. With under 89,000 miles, this well-maintained Yukon is ready for years of reliable service.<br /><br />Key Features:<br />- SLT Premium Package and SLT Luxury Package<br />- Second Row Power Release Bucket Seats<br />- Perforated Leather-Appointed Seating with heated and ventilated driver and front passenger seats<br />- Dual-Pane Panoramic Power Sunroof<br />- Navigation System with Apple CarPlay and Android Auto compatibility<br />- Bose 9-Speaker Premium Audio with SiriusXM 360L satellite radio<br />- HD Surround Vision with automatic emergency braking and lane keep assist<br />- Wireless Charging and Heated Steering Wheel<br />- 20-inch polished aluminum wheels<br />- Front and Rear Park Assist with rear cross traffic alert<br /><br />The SLT trim elevates your driving experience with power-adjustable heated mirrors, automatic high-beam headlights, and a power tilt and telescopic steering column for personalized comfort. Three rows of seating accommodate your whole family, with the third row featuring power-folding capability. Advanced safety technology includes automatic emergency braking, lane departure warning, and rear pedestrian alert to keep you protected on every journey.<br /><br />This Yukon delivers an impressive highway rating of 20 MPG while maintaining the torque and towing capability that makes GMC synonymous with dependable performance. The combination of luxury appointments, modern conveniences, and full-size SUV practicality makes this an exceptional choice for discerning drivers. Schedule your test drive today and experience the Yukon difference firsthand.","[PREMIUM]","[PREMIUM]",150.5,
"1C4SJVEJ7NS167696CBG080G00120260831","2026-09-04 00:19:34.661","2026-09-04 00:19:34.661","[PREMIUM]","[PREMIUM]","P6886",2022,"Jeep","Grand Wagoneer","Series I",,"SUV","Black","Black","8 Cyl","6.4 L","4WD","Automatic","Gasoline",68563,"[PREMIUM]","[PREMIUM]",41350,,"Used",,,13,18,15,true,true,true,true,"['{""ownerNumber"":1,""purchaseDate"":""08/05/22"",""endOwnershipDate"":""05/06/26"",""city"":""Arvada"",""state"":""CO""}']",8,23,0,"2026-08-31","ENHANCED","USED",true,"[PREMIUM]","Memphis","TN","38115","[PREMIUM]",3.4,59,"CBG080G001","[PREMIUM]","[PREMIUM]","[PREMIUM]","[PREMIUM]","[PREMIUM]","ADVANTAGE",,,,,"[PREMIUM]","[PREMIUM]",23,"['Towing Package','Remote Start','Roof Rack','Navigation System','Keyless Entry','Air Suspension','Fog Lights','Trailer Hitch','Leather Seats','Heated Seats']",10,"['20 Inch Wheels','2nd Row Heated Seats','7-Passenger Seating','AM/FM','Active Noise Cancellation','Adaptive Cruise Control','Adjustable Ride Control','Adjustable Steering Wheel','Air Conditioning','Alloy Wheels','Android Auto','Anti-Lock Brakes','Anti-Theft System','Apple Carplay','Auto Climate Control','Blind Spot Monitor','Braking Assist','Collision Warning System','Confidence Package','Daytime Running Lights','Digital Instrument Cluster','Downhill-Assist Control','Driver Attention Alert System','Dual Airbags','Front Parking Sensors','Handsfree Power Liftgate','Handsfree/Bluetooth Integration','Head-Up Display','Heated Mirrors','Heated Steering Wheel','Hill Assist System','Keyless Ignition','LED Lights','LED Tail Lights','Lane Departure Warning','Lane Keeping System','Leather Steering Wheel','Leather Trimmed Interior','Limited Slip Differential','McIntosh Sound System','Memorized Settings','Night Vision Assistant','Panorama Sunroof','Parking Assist System','Pedestrian Alert System','Power Folding Mirrors','Power Liftgate','Power Locks','Power Running Boards','Power Seat (Dual)','Power Steering','Power Windows','Premium Sound System','Premium Wheels','Rear A/C Controls','Rear Cross Traffic Alert','Rear Parking Sensors','Rear Seat Entertainment','Rear-View Camera','Remote Keyless Entry','Roof Rails','Satellite Radio','Seat Memory','Side Airbags','Side Curtain Airbags','Side and Top View Camera','Smart Device Integration','Split/Folding Seats','Stability Control','Telematics System','Three-Zone Climate Control','Touch-Screen Display','Traction Control','Traffic Sign Recognition','Trailer Brake Controller','Trailer Stability Assist','Trailer Tow Package','USB Adapter','Uconnect System','Ventilated Seats','Wireless Phone Charger']",81,"<p>??? <strong>2022 Jeep Grand Wagoneer Series I Powerful V8 Performance, Premium Luxury, 4x4 Capability, Three-Row Comfort &amp; Advanced Technology!</strong> ???</p><p><strong>Full-size luxury meets legendary Jeep capability.</strong> This <strong>2022 Jeep Grand Wagoneer Series I Sport Utility 4D</strong> delivers an exceptional combination of powerful performance, sophisticated luxury, advanced technology, spacious three-row seating, and confident 4x4 capability. With its commanding presence, premium interior, and impressive towing potential, this Grand Wagoneer is designed for families, road trips, luxury travel, and everyday adventure.</p><p>Powered by a potent <strong>6.4L HEMI V8 engine</strong> producing approximately <strong>471 horsepower and 455 lb-ft of torque</strong>, paired with a smooth <strong>8-speed automatic transmission</strong>, this Grand Wagoneer delivers strong acceleration, effortless highway cruising, and serious towing capability.</p><p>With <strong>68,563 miles</strong>, this Grand Wagoneer Series I offers an excellent opportunity to own a premium full-size luxury SUV with plenty of comfort and capability ahead.</p><h3>Jeep Grand Wagoneer Series I Features Include:</h3><p>? 6.4L HEMI V8 Engine<br />? Approximately 471 HP / 455 lb-ft Torque<br />? 8-Speed Automatic Transmission<br />? 4x4 Four-Wheel Drive<br />? Quadra-Drive II 4x4 System<br />? Electronic Limited-Slip Rear Differential<br />? Selec-Terrain Traction Management<br />? Multiple Drive Modes<br />? Hill Descent Control<br />? Hill Start Assist<br />? Air Suspension with Adjustable Ride Height<br />? Active Noise Cancellation<br />? Trailer Tow Package<br />? Integrated Trailer Brake Controller<br />? Trailer Sway Control<br />? Heavy-Duty Towing Capability<br />? Three-Row Seating<br />? Seating for Up to 7 Passengers<br />? Grand Wagoneer Series I Luxury Trim<br />? Signature Seven-Slot Jeep Grille<br />? Premium LED Headlights<br />? LED Daytime Running Lights<br />? LED Taillights<br />? Fog Lights<br />? Premium Alloy Wheels<br />? Heated Power-Folding Exterior Mirrors<br />? Power Liftgate<br />? Roof Rails<br />? Panoramic Sunroof<br />? Power Running Boards<br />? Remote Keyless Entry<br />? Remote Start System<br />? Push-Button Start<br />? Premium Leather Interior<br />? McIntosh Premium Audio System<br />? Heated &amp; Ventilated Front Seats<br />? Heated Second-Row Seats<br />? Heated Steering Wheel<br />? Power Front Seats<br />? Driver Memory Settings<br />? Leather-Wrapped Steering Wheel<br />? Tri-Zone Automatic Climate Control<br />? Rear Climate Controls<br />? Power-Adjustable Third-Row Seating<br />? Premium Interior Wood &amp; Metal Trim<br />? Uconnect 5 Navigation System<br />? Large 12-Inch Touchscreen Display<br />? Apple CarPlay &amp; Android Auto <br />? Wireless Smartphone Connectivity<br />? Bluetooth Hands-Free Calling &amp; Audio Streaming<br />? Wireless Smartphone Charging<br />? Multiple USB-C Charging Ports<br />? Rear Entertainment/Passenger Displays<br />? Digital Instrument Cluster<br />? Head-Up Display<br />? Rearview Backup Camera<br />? 360-Degree Surround-View Camera<br />? Front &amp; Rear Parking Sensors<br />? Blind Spot Monitoring<br />? Rear Cross-Traffic Alert<br />? Forward Collision Warning<br />? Automatic Emergency Braking<br />? Lane Departure Warning<br />? Lane Keep Assist<br />? Adaptive Cruise Control<br />? Night Vision Camera System<br />? Traffic Sign Recognition<br />? Drowsy Driver Detection<br />? Parallel &amp; Perpendicular Park Assist<br />? Power Windows &amp; Door Locks<br />? Split-Folding Second &amp; Third Rows<br />? Spacious Cargo Area<br />? Hands-Free Power Liftgate</p><p>The <strong>2022 Jeep Grand Wagoneer Series I</strong> represents the premium side of Jeep, combining full-size luxury with genuine 4x4 capability. Its <strong>6.4L HEMI V8</strong> produces approximately <strong>471 horsepower and 455 lb-ft of torque</strong>, giving this SUV substantial power for highway travel, towing, and everyday driving.</p><p>The <strong>Quadra-Drive II 4x4 system</strong>, Selec-Terrain traction management, and available air suspension provide confidence across changing road conditions. The three-row cabin offers generous room for passengers and cargo, making this Grand Wagoneer an excellent choice for families and long-distance travel.</p><p>Inside, the Series I provides an upscale environment featuring <strong>premium leather seating, heated and ventilated front seats, heated second-row seats, panoramic sunroof, McIntosh premium audio, 12-inch touchscreen, wireless smartphone connectivity, multiple displays, and advanced driver-assistance technology</strong>.</p><h3>Vehicle Information:</h3><p><strong>Year:</strong> 2022<br /><strong>Make:</strong> Jeep<br /><strong>Model:</strong> Grand Wagoneer Series I Sport Utility 4D<br /><strong>VIN:</strong> 1C4SJVEJ7NS167696<br /><strong>Mileage:</strong> 68,563</p><h3>Why Buy From Us?</h3><p>? Competitive financing available for all credit situations<br />? Top-dollar paid for trade-ins<br />? Friendly, transparent, and hassle-free buying experience</p><p><strong>The 2022 Jeep Grand Wagoneer Series I combines powerful 6.4L HEMI V8 performance, advanced 4x4 capability, three-row luxury, premium leather comfort, cutting-edge technology, impressive towing strength, and commanding Jeep styling into one extraordinary full-size SUV.</strong> With <strong>68,563 miles</strong>, this Grand Wagoneer is ready for luxury family travel, towing, road trips, and adventure.</p><p><strong>?? Call, message, or stop by today to schedule your VIP test drive. Experience the 471-horsepower HEMI V8, Quadra-Drive II 4x4 system, premium leather interior, panoramic sunroof, McIntosh audio, three-row seating, advanced technology, and luxury SUV capability of this 2022 Jeep Grand Wagoneer Series I before it's gone!</strong></p>","[PREMIUM]","[PREMIUM]",145.5,
"5LMCJ2D95NUL10426CBG080G00120260825","2026-09-04 00:19:34.658","2026-09-04 00:19:34.658","[PREMIUM]","[PREMIUM]","P6855",2022,"Lincoln","Corsair","Reserve",,"SUV","White","Gray","4 Cyl","2.0 L","AWD","Automatic","Gasoline",54809,"[PREMIUM]","[PREMIUM]",29100,,"Used",,,21,29,24,true,true,true,true,"['{""ownerNumber"":1,""purchaseDate"":""04/30/22"",""endOwnershipDate"":""08/24/26"",""city"":""Arlington"",""state"":""TN""}']",15,22,0,"2026-08-25","ENHANCED","USED",true,"[PREMIUM]","Memphis","TN","38115","[PREMIUM]",3.4,59,"CBG080G001","[PREMIUM]","[PREMIUM]","[PREMIUM]","[PREMIUM]","[PREMIUM]","ADVANTAGE",,,,,"[PREMIUM]","[PREMIUM]",22,"['Remote Start','Navigation System','Ecoboost','Keyless Entry','Leather Seats','Heated Seats','Heated Steering Wheel','Roof Rails','Ambient Lighting','Power Liftgate']",10,"['2nd Row Split/Folding Seats','AM/FM','Adaptive Cruise Control','Adjustable Steering Wheel','Air Conditioning','Alloy Wheels','Android Auto','Anti-Lock Brakes','Anti-Theft System','Apple Carplay','Auto Climate Control','Automatic Headlights','Blind Spot Monitor','Braking Assist','CD (Single Disc)','Collision Warning System','Daytime Running Lights','Dual Airbags','Dual-Zone Climate Control','Evasive Steering Assist','Front Knee Airbags (Driver)','Front Knee Airbags (Passenger)','Front Parking Sensors','Front Side Airbags','Handsfree/Bluetooth Integration','Heated Mirrors','High-Beam Assist','Hill Assist System','Independent Suspension','Keyless Ignition','LED Lights','LED Tail Lights','Lane Departure Warning','Lane Keeping System','Leather Steering Wheel','Leather Trimmed Interior','MP3','Memorized Settings','Panorama Sunroof','Power Locks','Power Mirrors','Power Seat (Dual)','Power Steering','Power Windows','Rear Cross Traffic Alert','Rear Parking Sensors','Rear Side Airbags','Rear Spoiler','Rear-View Camera','Revel Sound System','Satellite Radio','Seat Memory','Side Curtain Airbags','Smart Device Integration','Stability Control','Steering Wheel Controls','Sync 3','Telematics System','Touch-Screen Display','Traction Control','USB Adapter','Ventilated Seats','Wireless Phone Charger']",63,"<p>??? <strong>2022 Lincoln Corsair Reserve Turbocharged Performance, Premium Luxury, Advanced Technology &amp; Sophisticated SUV Comfort!</strong> ???</p><p><strong>Refined luxury meets effortless everyday versatility.</strong> This <strong>2022 Lincoln Corsair Reserve Sport Utility 4D</strong> delivers an exceptional combination of smooth performance, upscale comfort, advanced technology, and elegant Lincoln styling. With its premium Reserve trim, spacious cabin, and refined driving experience, this Corsair is an excellent choice for commuting, family travel, and weekend adventures.</p><p>Powered by a responsive <strong>2.0L turbocharged 4-cylinder engine</strong> producing approximately <strong>250 horsepower and 280 lb-ft of torque</strong>, paired with an <strong>8-speed automatic transmission</strong>, this Corsair delivers confident acceleration, smooth cruising, and refined performance.</p><p>With only <strong>54,809 miles</strong>, this Corsair Reserve offers an excellent opportunity to own a low-mileage luxury SUV with plenty of comfort and road ahead.</p><h3>Lincoln Corsair Reserve Features Include:</h3><p>? 2.0L Turbocharged 4-Cylinder Engine<br />? Approximately 250 HP / 280 lb-ft Torque<br />? 8-Speed Automatic Transmission<br />? Intelligent All-Wheel Drive<br />? Lincoln Drive Modes<br />? Selectable Drive Modes<br />? Independent Suspension<br />? Electronic Stability Control<br />? Traction Control<br />? Lincoln Reserve Luxury Trim<br />? Signature Lincoln Grille<br />? LED Headlights<br />? LED Daytime Running Lights<br />? LED Taillights<br />? Premium Alloy Wheels<br />? Power Liftgate<br />? Heated Power Exterior Mirrors<br />? Premium Leather-Trimmed Interior<br />? Heated &amp; Ventilated Front Seats<br />? Power Front Seats<br />? Driver &amp; Passenger Memory Settings<br />? Heated Leather-Wrapped Steering Wheel<br />? Dual-Zone Automatic Climate Control<br />? Ambient Interior Lighting<br />? Panoramic Vista Roof<br />? Remote Start System<br />? Keyless Entry<br />? Push-Button Start<br />? Lincoln SYNC 3 Infotainment System<br />? Touchscreen Display<br />? Apple CarPlay &amp; Android Auto <br />? Bluetooth Hands-Free Calling &amp; Audio Streaming<br />? USB Connectivity<br />? Premium Revel Audio System<br />? Navigation System<br />? Wireless Smartphone Charging<br />? Rearview Backup Camera<br />? Front &amp; Rear Parking Sensors<br />? Blind Spot Information System<br />? Rear Cross-Traffic Alert<br />? Lane-Keeping System<br />? Lane Departure Warning<br />? Pre-Collision Assist<br />? Automatic Emergency Braking<br />? Evasive Steering Assist<br />? Adaptive Cruise Control<br />? Automatic High Beams<br />? Steering Wheel Audio Controls<br />? Power Windows &amp; Door Locks<br />? Split-Folding Rear Seats<br />? Spacious Passenger Cabin<br />? Sliding Second-Row Seating<br />? Versatile Cargo Area</p><p>The <strong>2022 Lincoln Corsair Reserve</strong> combines premium luxury with practical SUV versatility. Its <strong>2.0L turbocharged engine</strong> provides responsive performance, while the intelligent all-wheel-drive system offers added confidence and traction in varying road conditions.</p><p>Inside, the Reserve cabin provides a sophisticated environment with leather seating, heated and ventilated front seats, a panoramic roof, premium Revel audio, navigation, smartphone connectivity, and advanced driver-assistance technology. The flexible rear seating and generous cargo area add everyday practicality without sacrificing luxury.</p><h3>Vehicle Information:</h3><p><strong>Year:</strong> 2022<br /><strong>Make:</strong> Lincoln<br /><strong>Model:</strong> Corsair Reserve Sport Utility 4D<br /><strong>VIN:</strong> 5LMCJ2D95NUL10426<br /><strong>Mileage:</strong> 54,809</p><h3>Why Buy From Us?</h3><p>? Competitive financing available for all credit situations<br />? Top-dollar paid for trade-ins<br />? Friendly, transparent, and hassle-free buying experience</p><p><strong>The 2022 Lincoln Corsair Reserve combines turbocharged performance, intelligent AWD capability, premium leather comfort, advanced technology, panoramic-roof luxury, and sophisticated Lincoln styling into one exceptional SUV.</strong> With only <strong>54,809 miles</strong>, this Corsair is an outstanding opportunity to own a low-mileage luxury crossover with plenty of road ahead.</p><p><strong>?? Call, message, or stop by today to schedule your VIP test drive. Experience the turbocharged performance, intelligent AWD, heated and ventilated seats, panoramic Vista Roof, Revel premium audio, advanced technology, and refined luxury of this 2022 Lincoln Corsair Reserve before it's gone!</strong></p>","[PREMIUM]","[PREMIUM]",145.5,
"1C4SJVBT4NS123919YLWOEGX3T220260814","2026-09-04 00:19:34.652","2026-09-04 00:19:34.652","[PREMIUM]","[PREMIUM]","A123919",2022,"Jeep","Wagoneer","Series II",,"SUV","Gray","Black","8 Cyl","5.7 L","4WD","Automatic","Gasoline",59323,"[PREMIUM]","[PREMIUM]",38020,,"Used",,,15,20,17,true,true,,true,"['{""ownerNumber"":1,""purchaseDate"":""06/11/22"",""endOwnershipDate"":""09/27/25"",""city"":""Cockeysville"",""state"":""MD""}']",17,35,0,"2026-08-14","ENHANCED","NEW",true,"[PREMIUM]","West Memphis","AR","72301","[PREMIUM]",4.3,12,"YLWOEGX3T2","[PREMIUM]","[PREMIUM]","[PREMIUM]","[PREMIUM]","[PREMIUM]","LIFETIME",,,,,"[PREMIUM]","[PREMIUM]",35,"['Navigation System','Keyless Entry','Fog Lights','Leather Seats','Heated Seats','Heated Steering Wheel','Bucket Seats','Power Liftgate','Alloy Wheels','20 Inch Wheels']",10,"['10 Speakers','2nd Row Split/Folding Seats','3rd Row Bench Seat','4-Wheel Disc Brakes','4-Wheel Independent Suspension','AM/FM','Adjustable 3rd Row Seats','Adjustable Headrests','Adjustable Pedals','Adjustable Steering Wheel','Air Conditioning','Anti-Lock Brakes','Anti-Theft System','Armrest Storage','Auto Climate Control','Auto Load Leveling','Auto-Dimming Mirror','Automatic Headlights','Body Colored Bumpers','Braking Assist','Compass','Cruise Control','Delay-Off Headlights','Digital Instrument Cluster','Door Bin','Driver Seat Mounted Armrest','Dual-Zone Climate Control','Front Airbags (Driver)','Front Airbags (Passenger)','Front Anti-Roll Bar','Front Bucket Seats','Front Center Armrest','Front Headrests','Front Knee Airbags (Driver)','Front Side Airbags (Driver)','Front Side Airbags (Passenger)','Head Restraint Whiplash Protection','Heated Mirrors','Illuminated Entry','Integrated Garage Door Opener','Leather Trimmed Interior','Leather Trimmed Seats','Overhead Airbag','Overhead Console','Panic Button','Passenger Seat Mounted Armrest','Passenger Sensing Airbag','Power Adjustable Headrest','Power Mirrors','Power Seat (Dual)','Power Steering','Power Windows','Radio Data System','Rain-Sensing Wipers','Reading Lights','Rear Air Conditioning','Rear Anti-Roll Bar','Rear Center Armrest','Rear Window Defroster','Rear Window Wiper','Rear-View Camera','Remote Keyless Entry','Satellite Radio','Seat Memory','Speed-Sensing Steering','Stability Control','Steering Wheel Controls','Steering Wheel Memory','Tachometer','Telematics System','Thermometer','Tire Pressure Monitoring System','Traction Control','Trip Computer','Turn Signal Mirrors','Uconnect System','Vanity Mirror/Light','Ventilated Seats','Wood Dash Trim','Wood Door Trim']",80,"Andrews Chrysler Dodge Jeep Ram is proud to offer this terrific 2022 Jeep Wagoneer in Baltic Gray Metallic Clearcoat. This vehicle comes with the following features plus many more!<br /><br />Odometer is 30746 miles below market average!","[PREMIUM]","[PREMIUM]",146.75,
"2T3A1RFV9NW29324622QDMV3PU120260901","2026-09-04 00:19:34.651","2026-09-04 00:19:34.651","[PREMIUM]","[PREMIUM]","M26590A",2022,"Toyota","RAV4","XLE","Premium","SUV","Unspecified","Black","4 Cyl","2.5 L","AWD","Automatic","Gasoline",32384,"[PREMIUM]","[PREMIUM]",33040,,"Used",,,25,33,28,true,true,true,true,"['{""ownerNumber"":1,""purchaseDate"":""08/12/22"",""endOwnershipDate"":""08/31/26"",""city"":""Saint Charles"",""state"":""MO""}']",12,10,0,"2026-09-01","ENHANCED","NEW",true,"[PREMIUM]","Saint Louis","MO","63141","[PREMIUM]",4.7,428,"22QDMV3PU1","[PREMIUM]","[PREMIUM]","[PREMIUM]","[PREMIUM]","[PREMIUM]","TOPRATED","GREAT","AVERAGE","LOW",440,"[PREMIUM]","[PREMIUM]",10,"['Premium Package','Keyless Entry','Fog Lights','Spoiler','Heated Seats','Heated Steering Wheel','Roof Rails','Power Liftgate','Alloy Wheels','Smart Key']",10,"['17 Inch Wheels','2nd Row Split/Folding Seats','4-Wheel Disc Brakes','4-Wheel Independent Suspension','6 Speakers','AM/FM','Adjustable Steering Wheel','Air Conditioning','Android Auto','Anti-Lock Brakes','Anti-Theft System','Apple Carplay','Auto Climate Control','Automatic Headlights','Beverage Holder','Body Colored Bumpers','Braking Assist','Cargo Mat','Carpet Mat Package','Cruise Control','Delay-Off Headlights','Door Bin','Dual-Zone Climate Control','Emergency Communication System','Floor Mats','Front Airbags (Driver)','Front Airbags (Passenger)','Front Anti-Roll Bar','Front Bucket Seats','Front Center Armrest','Front Knee Airbags (Driver)','Front Side Airbags (Driver)','Front Side Airbags (Passenger)','Heated Mirrors','High-Beam Assist','Illuminated Entry','JBL Sound System','Keyless Ignition','LED Fog Lights','LED Lights','Leather Shift Knob Trim','Leather Steering Wheel','Leatherette Seats','Overhead Airbag','Overhead Console','Panic Button','Passenger Sensing Airbag','Passive Keyless Entry','Power Mirrors','Power Seat (Dual)','Power Steering','Power Sun/Moonroof','Power Windows','Radio Data System','Rain-Sensing Wipers','Reading Lights','Rear Anti-Roll Bar','Rear Center Armrest','Rear Window Defroster','Rear Window Wiper','Rear-View Camera','Remote Keyless Entry','Satellite Radio','Seat Memory','Speed-Sensing Steering','Stability Control','Steering Wheel Controls','Tachometer','Thermometer','Tire Pressure Monitoring System','Traction Control','Trip Computer','Turn Signal Mirrors','Vanity Mirror/Light','Weather Package']",75,"CARFAX One-Owner. Clean CARFAX. Lunar 2022 Toyota RAV4 XLE Premium 8-Speed Automatic 2.5L 4-Cylinder DOHC Dual VVT-i AWD, Black Premium Synthetic.<br />Recent Arrival!<br /><br /><br />27/33 City/Highway MPG<br />Thank you for taking the time to look at this terrific-looking 2022 Toyota RAV4.Team Mazda can be reached directly @ 800-546-1941.","[PREMIUM]","[PREMIUM]",150.5,
"1GYKNCRS3NZ141478JK8Y7JXAVZ20260819","2026-09-04 00:19:34.647","2026-09-04 00:19:34.647","[PREMIUM]","[PREMIUM]","Z2723",2022,"Cadillac","XT5","Premium Luxury",,"SUV","Black","Brown","6 Cyl","3.6 L","FWD","Automatic","Gasoline",48451,"[PREMIUM]","[PREMIUM]",30010,,"Used",,,19,26,21,true,true,true,,"['{""ownerNumber"":1,""purchaseDate"":""04/27/22"",""endOwnershipDate"":""05/29/24"",""city"":""Baytown"",""state"":""TX""}','{""ownerNumber"":2,""purchaseDate"":""06/11/24"",""endOwnershipDate"":""04/18/26"",""city"":""Hitchcock"",""state"":""TX""}']",8,26,0,"2026-08-19","ENHANCED","NEW",true,"[PREMIUM]","Memphis","TN","38119","[PREMIUM]",4.1,312,"JK8Y7JXAVZ","[PREMIUM]","[PREMIUM]","[PREMIUM]","[PREMIUM]","[PREMIUM]","TOPRATED",,,,,"[PREMIUM]","[PREMIUM]",26,"['Technology Package','Luxury Package','Driver Assistance Package','Platinum Package','1SC Package','Preferred Equipment Package','Interior Protection Package','Remote Start','Keyless Entry','Spoiler']",10,"['12V Power Outlet','18 Inch Wheels','2nd Row Split/Folding Seats','4-Wheel Disc Brakes','4-Wheel Independent Suspension','5-Passenger Seating','8 Speakers','AM/FM','Adaptive Cruise Control','Adjustable Seats','Adjustable Steering Wheel','Air Conditioning','Air Filtration','All-Season Tires','All-Weather Floor Mats','Alloy Wheels','Android Auto','Anti-Lock Brakes','Anti-Theft System','Apple Carplay','Auto Climate Control','Auto-Dimming Mirror','Automatic Headlights','Automatic Seat Belt','Aux Audio Adapter','Blind Spot Monitor','Body Colored Bumpers','Body Side Moldings','Bose Sound System','Braking Assist','Bucket Seats','Cadillac CUE','Camera Washer','Cargo Cover','Child Safety Locks','Collision Warning System','Compass','Confidence Package','Cross Traffic Alert','Daytime Running Lights','Delay-Off Headlights','Digital Instrument Cluster','Door Bin','Driver Adjustable Lumbar','Emergency Communication System','Engine Immobilizer','Floor Mats','Front Airbags (Driver)','Front Airbags (Passenger)','Front Anti-Roll Bar','Front Bucket Seats','Front Center Armrest','Front Head Airbag','Front Knee Airbags (Driver)','Front Side Airbags (Driver)','Front Side Airbags (Passenger)','Handsfree Power Liftgate','Handsfree/Bluetooth Integration','Head-Up Display','Heated Mirrors','Heated Seats','Heated Steering Wheel','High-Beam Assist','Illuminated Entry','Integrated Cell Phone','Integrated Garage Door Opener','Keyless Ignition','Lane Departure Warning','Lane Keeping System','Leather Seats','Leather Steering Wheel','MP3','Memory Mirrors','Multi-Zone Climate Control','Multimedia Interface','Overhead Airbag','Overhead Console','Panic Button','Panorama Sunroof','Parking Assist System','Pass-Through Rear Seat','Passenger Adjustable Lumbar','Passenger Sensing Airbag','Pedestrian Alert System','Perforated Seats','Power Folding Mirrors','Power Liftgate','Power Locks','Power Mirrors','Power Seat (Dual)','Power Steering','Power Sun/Moonroof','Power Windows','Premium Luxury Package','Privacy Glass','Radio Data System','Rain-Sensing Wipers','Reading Lights','Rear Air Ducts','Rear Anti-Roll Bar','Rear Bench Seat','Rear Center Armrest','Rear Head Airbags','Rear Heated Seats','Rear Parking Sensors','Rear Spoiler','Rear Window Defroster','Rear Window Wiper','Rear-View Camera','Rear-View Mirror Camera','Remote Keyless Entry','Remote Trunk Release','Satellite Radio','Seat Memory','Side and Top View Camera','Smart Device Integration','Speed-Sensing Steering','Stability Control','Start-Stop System','Steering Wheel Controls','Steering Wheel Memory','Tachometer','Teen Driver Mode','Telematics System','Thermometer','Three-Zone Climate Control','Tire Pressure Monitoring System','Traction Control','Trip Computer','Turn Signal Mirrors','Vanity Mirror/Light','Ventilated Seats','Voice-Activated Command System','Wheel Locks','Wi-Fi Hotspot','Wood Trimmed Interior']",136,"Stellar Black Metallic 2022 Cadillac XT5 Premium Luxury FWD 9-Speed Automatic 3.6L V6 DI VVTRecent Arrival! 19/26 City/Highway MPGCadillac of Memphis is proud to present you with another True Market Priced Pre-Owned Vehicle. This 2022 Cadillac XT5 Premium Luxury is loaded with the following Factory Options:Driver Assist Package (Adaptive Cruise Control, Automatic Seat Belt Tightening, Enhanced Automatic Emergency Braking, and Reverse Automatic Braking), Interior Protection Package (LPO) (All-Weather Floor Mats and All-Weather Integrated Cargo Liner (LPO)), Premium Luxury Package 1SC (Automatic Dual-Zone Climate Control, Automatic Emergency Braking, Dual Driver Info Center Display Gauge Cluster, Front &amp; Rear Park Assist, HD Rear Vision Camera, Inside Rear-View Auto-Dimming Mirror, and Teen Driver), Technology Package (8"" Color Driver Information Center Display, Automatic Parking Assist w/Braking, HD Surround Vision, Head-Up Display, Rear Camera Mirror, Rear Camera Mirror Washer, and Rear Pedestrian Alert), 155 Amp Alternator, 2-Way Power Driver Lumbar Control Seat Adjuster, 2-Way Power Passenger Lumbar Control Seat Adjuster, 4-Wheel Disc Brakes, 4-Wheel Independent Suspension, 8 Speakers, ABS brakes, Air Conditioning, Air Ionizer, Alloy wheels, AM/FM radio: SiriusXM, Apple CarPlay/Android Auto, Audio memory, Auto High-beam Headlights, Auto-dimming door mirrors, Auto-dimming Rear-View mirror, Automatic Heated Steering Wheel, Automatic Stop/Start w/Disable, Automatic temperature control, Bodyside moldings, Bose Premium 8-Speaker Audio System Feature, Brake assist, Bumpers: body-color, Compass, Delay-off headlights, Driver door bin, Driver vanity mirror, Dual front impact airbags, Dual front side impact airbags, Electronic Stability Control, Emergency communication system: OnStar and Cadillac connected services capable, Four wheel independent suspension, Front anti-roll bar, Front Bucket Seats, Front Center Armrest, Front dual zone A/C, Front License Plate Bracket, Front reading lights, Fully automatic headlights, Garage door transmitter, Heated door mirrors, Heated Driver &amp; Front Passenger Seats, Heated front seats, Heated Rear Outboard Seating Positions, Heated steering wheel, Illuminated entry, Knee airbag, Leather Seating Surfaces w/Mini Perforated Inserts, Leather steering wheel, Low tire pressure warning, Memory seat, Occupant sensing airbag, Outside temperature display, Overhead airbag, Overhead console, Panic alarm, Passenger door bin, Passenger vanity mirror, Power door mirrors, Power driver seat, Power Liftgate, Power moonroof: UltraView, Power passenger seat, Power steering, Power windows, Radio data system, Radio: Cadillac User Experience AM/FM Stereo, Rain sensing wipers, Rear anti-roll bar, Rear reading lights, Rear seat center armrest, Rear window defroster, Rear window wiper, Remote keyless entry, Security system, SiriusXM w/360L, Speed control, Speed-sensing steering, Split folding rear seat, Spoiler, Steering wheel memory, Steering wheel mounted audio controls, Tachometer, Telescoping steering wheel, Tilt steering wheel, Traction control, Tri-Zone Automatic Climate Control, Trip computer, Turn signal indicator mirrors, Variably intermittent wipers, Ventilated Driver &amp; Front Passenger Seats, Voltmeter, and Wheels: 18"" 6-Split Spoke Alloy.","[PREMIUM]","[PREMIUM]",146.75,
"1FMDE5BH0NLB26542LJOVV2PNZ120260829","2026-09-04 00:19:34.636","2026-09-04 00:19:34.636","[PREMIUM]","[PREMIUM]","G26537B",2022,"Ford","Bronco","Big Bend",,"SUV","Red","Gray","4 Cyl","2.3 L","4WD","Automatic","Gasoline",90755,"[PREMIUM]","[PREMIUM]",29160,,"Used",,,20,21,20,,true,true,true,"['{""ownerNumber"":1,""purchaseDate"":""06/07/22"",""endOwnershipDate"":""08/29/26"",""city"":""Cordova"",""state"":""AL""}']",10,10,0,"2026-08-29","ENHANCED","NEW",true,"[PREMIUM]","Jasper","AL","35501","[PREMIUM]",4.5,166,"LJOVV2PNZ1","[PREMIUM]","[PREMIUM]","[PREMIUM]","[PREMIUM]","[PREMIUM]","TOPRATED",,,,,"[PREMIUM]","[PREMIUM]",10,"['Navigation System','Ecoboost','Keyless Entry','Fog Lights','Bucket Seats','Alloy Wheels','17 Inch Wheels','Heated Mirrors','Satellite Radio','Cloth Seats']",10,"['2nd Row Split/Folding Seats','4-Wheel Disc Brakes','6 Speakers','AM/FM','Adjustable Steering Wheel','Air Conditioning','Anti-Lock Brakes','Anti-Theft System','Automatic Headlights','Braking Assist','Cloth Upholstery','Compass','Cruise Control','Delay-Off Headlights','Door Bin','Emergency Communication System','Front Airbags (Driver)','Front Airbags (Passenger)','Front Anti-Roll Bar','Front Bucket Seats','Front Center Armrest','Front Side Airbags (Driver)','Front Side Airbags (Passenger)','High-Beam Assist','Illuminated Entry','Independent Suspension','Intermittent Wipers','Leather Shift Knob Trim','Overhead Airbag','Overhead Console','Panic Button','Passenger Sensing Airbag','Power Mirrors','Power Steering','Power Windows','Radio Data System','Reading Lights','Rear-View Camera','Remote Keyless Entry','Rollover Protection Bars','Stability Control','Steering Wheel Controls','Sync 4','Tachometer','Thermometer','Tire Pressure Monitoring System','Traction Control','Trip Computer','Vanity Mirror/Light']",49,"Recent Arrival!<br />2022 Ford Bronco Big Bend Race Red 4WD 10-Speed Automatic 2.3L EcoBoost I-4<br /><br /><br />At Carl Cannon Chevrolet Buick GMC, our entire team works together to provide you with the ultimate Buick, Chevrolet, GMC shopping experience. We are here to exceed your expectations, deliver the best service possible, and make car shopping fun again.<br /><br />Awards:<br /> * NACTOY 2022 North American Utility of the Year","[PREMIUM]","[PREMIUM]",155.25,
"JTEEU5JR2N5255887NKFBWLA00120260829","2026-09-04 00:19:34.636","2026-09-04 00:19:34.636","[PREMIUM]","[PREMIUM]","U255887",2022,"Toyota","4Runner","SR5",,"SUV","White","Gray","6 Cyl","4.0 L","RWD","Automatic","Gasoline",65168,"[PREMIUM]","[PREMIUM]",32300,,"Used",,,16,19,17,true,true,true,,"['{""ownerNumber"":1,""purchaseDate"":""11/13/21"",""endOwnershipDate"":""06/09/22"",""city"":""Cordova"",""state"":""AL""}','{""ownerNumber"":2,""purchaseDate"":""06/09/22"",""endOwnershipDate"":""05/16/23"",""city"":""Hayden"",""state"":""AL""}','{""ownerNumber"":3,""purchaseDate"":""07/03/23"",""endOwnershipDate"":""08/29/26"",""city"":""Birmingham"",""state"":""AL""}']",11,10,0,"2026-08-29","ENHANCED","NEW",true,"[PREMIUM]","Hoover","AL","35244","[PREMIUM]",4.7,323,"NKFBWLA001","[PREMIUM]","[PREMIUM]","[PREMIUM]","[PREMIUM]","[PREMIUM]","TOPRATED","GREAT","LOW","LOW",160,"[PREMIUM]","[PREMIUM]",10,"['Keyless Entry','Fog Lights','Spoiler','Roof Rails','Alloy Wheels','17 Inch Wheels','Heated Mirrors','Satellite Radio','Cloth Seats','Independent Suspension']",10,"['2nd Row Split/Folding Seats','4-Wheel Disc Brakes','8 Speakers','AM/FM','Adjustable Steering Wheel','Air Conditioning','Android Auto','Anti-Lock Brakes','Anti-Theft System','Apple Carplay','Automatic Headlights','Beverage Holder','Body Colored Bumpers','Braking Assist','Cloth Upholstery','Cruise Control','Door Bin','Emergency Communication System','Front Airbags (Driver)','Front Airbags (Passenger)','Front Anti-Roll Bar','Front Bucket Seats','Front Center Armrest','Front Knee Airbags (Driver)','Front Side Airbags (Driver)','Front Side Airbags (Passenger)','Head Restraint Whiplash Protection','High-Beam Assist','Illuminated Entry','Intermittent Wipers','Leather Shift Knob Trim','Leather Steering Wheel','Overhead Airbag','Overhead Console','Panic Button','Passenger Sensing Airbag','Power Mirrors','Power Seat (Dual)','Power Steering','Power Windows','Reading Lights','Rear Anti-Roll Bar','Rear Center Armrest','Rear Window Defroster','Rear Window Wiper','Rear-View Camera','Remote Keyless Entry','Speed-Sensing Steering','Stability Control','Steering Wheel Controls','Tachometer','Thermometer','Tire Pressure Monitoring System','Traction Control','Trip Computer','Vanity Mirror/Light']",56,"Graphite Cloth.<br /><br />This 2022 Toyota 4Runner SR5 in White comes with the following features: 4.0L V6 DOHC 24V 5-Speed with ECT RWD Graphite Cloth Graphite Cloth, 17"" 6-Spoke Alloy Wheels, 3.727 Axle Ratio, 4-Wheel Disc Brakes, 8 Speakers, ABS brakes, Air Conditioning, Alloy wheels, AM/FM radio: SiriusXM, Anti-whiplash front head restraints, Apple CarPlay/Android Auto, Auto High-beam Headlights, Brake assist, Bumpers: body-color, Driver door bin, Driver vanity mirror, Dual front impact airbags, Dual front side impact airbags, Electronic Stability Control, Emergency communication system: Safety Connect with 1-year trial, Exterior Parking Camera Rear, Fabric Seat Trim, Front anti-roll bar, Front Bucket Seats, Front Center Armrest, Front fog lights, Front reading lights, Front wheel independent suspension, Heated door mirrors, Illuminated entry, Knee airbag, Leather Shift Knob, Leather steering wheel, Low tire pressure warning, Occupant sensing airbag, Outside temperature display, Overhead airbag, Overhead console, Panic alarm, Passenger door bin, Passenger vanity mirror, Power door mirrors, Power driver seat, Power steering, Power windows, Radio: Audio, Rear anti-roll bar, Rear seat center armrest, Rear window defroster, Rear window wiper, Remote keyless entry, Roof rack: rails only, Security system, Speed control, Speed-sensing steering, Split folding rear seat, Spoiler, Steering wheel mounted audio controls, Tachometer, Telescoping steering wheel, Tilt steering wheel, Traction control, Trip computer, and Variably intermittent wipers.<br /><br />To learn more about this vehicle or our specials, contact our Sales Dept: 205-989-2881. **While we make every effort to verify options, occasionally human error may occur.**","[PREMIUM]","[PREMIUM]",151.75,
"W1N0G8EBXNV339498V0XKGF7K3120260902","2026-09-04 00:19:34.635","2026-09-04 00:19:34.635","[PREMIUM]","[PREMIUM]","TNV339498",2022,"Mercedes-Benz","GLC","300",,"SUV","Black","Tan","4 Cyl","2.0 L","AWD","Automatic","Gasoline",22680,"[PREMIUM]","[PREMIUM]",34020,"GOOD","Used",,,21,28,24,true,true,true,true,"['{""ownerNumber"":1,""purchaseDate"":""12/30/21"",""endOwnershipDate"":""Present"",""city"":""Jackson"",""state"":""TN""}']",7,1,0,"2026-09-02","ENHANCED","NEW",true,"[PREMIUM]","Franklin","TN","37067","[PREMIUM]",,,"V0XKGF7K31","[PREMIUM]","[PREMIUM]","[PREMIUM]","[PREMIUM]","[PREMIUM]","TOPRATED",,,,,"[PREMIUM]","[PREMIUM]",1,"['Premium Package','Ambient Lighting','Satellite Radio']",3,"['5-Passenger Seating','Android Auto','Apple Carplay','Handsfree/Bluetooth Integration','Harman/Kardon Sound System','Illuminated Entry','Warranty']",7,"Final Price excludes required taxes, tag, title, other governmental fees and includes a processing fee of $800We have taken reasonable efforts to ensure display of accurate data, however, the information shown may contain errors and omissions, may not reflect all vehicle items and accessories, and errors with regard to pricing may occur. All displayed inventory is subject to prior sale and all prices expire at midnight on the date displayed. Price shown is for the state in which Dealer is physically located and if transferred to another state, the price may change. Dealer is not responsible for any errors but should be consulted in person to confirm the information on this page.PRE-OWNED VEHICLES MAY BE SUBJECT TO UNREPAIRED MANUFACTURER RECALLS. PLEASE CONTACT THE MANUFACTURER OR A DEALER FOR THAT LINE MAKE FOR RECALL ASSISTANCE/QUESTIONS OR CHECK THE NATIONAL HIGHWAY TRAFFIC SAFETY ADMINISTRATION WEBSITE FOR CURRENT RECALL INFORMATION BEFORE PURCHASING. Base MSRP excludes transportation and handling charges, destination charges, taxes, title, registration, preparation and documentary fees, tags, labor and installation charges, insurance, and optional equipment, products, packages and accessories. Options, model availability and actual dealer price may vary. See dealer for details, costs and terms. AMG® and 4MATIC® are registered trademarks of Mercedes-Benz Group AG. Android Auto is a trademark of Google LLC. Apple CarPlay® is a registered trademark of Apple Inc. harman/kardon® and Logic 7 are registered marks of Harman International Industries, Incorporated Burmester® is a registered trademark of Burmester Audiosysteme GmbH, Berlin, Germany Bluetooth® is a registered mark of Bluetooth SIG, Inc.","[PREMIUM]","[PREMIUM]",148,
"5FNYF6H29NB067280VLUOVFUFG120260829","2026-09-04 00:19:34.312","2026-09-04 00:19:34.312","[PREMIUM]","[PREMIUM]","G26-711A",2022,"Honda","Pilot","Special Edition",,"SUV","White",,"6 Cyl","3.5 L","AWD","Automatic","Gasoline",68318,"[PREMIUM]","[PREMIUM]",30420,"FAIR","Used",,,19,26,22,true,true,true,true,"['{""ownerNumber"":1,""purchaseDate"":""08/02/22"",""endOwnershipDate"":""08/29/26"",""city"":""Jackson"",""state"":""MO""}']",4,,0,"2026-08-29","ENHANCED","NEW",true,"[PREMIUM]","Sikeston","MO","63801","[PREMIUM]",4.4,253,"VLUOVFUFG1","[PREMIUM]","[PREMIUM]","[PREMIUM]","[PREMIUM]","[PREMIUM]","TOPRATED",,,,,"[PREMIUM]","[PREMIUM]",,"['Keyless Entry','Fog Lights','Spoiler','Leather Seats','Heated Seats','Roof Rails','Power Liftgate','Blind Spot Monitor','Alloy Wheels','20 Inch Wheels']",10,"['2nd Row Split/Folding Seats','3rd Row Bench Seat','3rd Row Split/Folding Seats','4-Wheel Disc Brakes','4-Wheel Independent Suspension','7 Speakers','AM/FM','Adjustable 3rd Row Seats','Adjustable Steering Wheel','Air Conditioning','Android Auto','Anti-Lock Brakes','Anti-Theft System','Apple Carplay','Audio/Video Remote Control','Auto Climate Control','Auto-Dimming Mirror','Automatic Headlights','Beverage Holder','Body Colored Bumpers','Braking Assist','Collision Warning System','Cruise Control','Delay-Off Headlights','Door Bin','Dual-Zone Climate Control','Emergency Communication System','Front Airbags (Driver)','Front Airbags (Passenger)','Front Anti-Roll Bar','Front Bucket Seats','Front Center Armrest','Front Side Airbags (Driver)','Front Side Airbags (Passenger)','Handsfree/Bluetooth Integration','Heated Mirrors','High-Beam Assist','HondaLink','Illuminated Entry','Integrated Garage Door Opener','Intermittent Wipers','Lane Departure Warning','Lane Keeping System','Leather Trimmed Interior','Leather Trimmed Seats','Overhead Airbag','Overhead Console','Panic Button','Passenger Sensing Airbag','Power Mirrors','Power Seat (Dual)','Power Steering','Power Sun/Moonroof','Power Windows','Premium Sound System','Premium Wheels','Radio Data System','Reading Lights','Rear Air Conditioning','Rear Anti-Roll Bar','Rear Center Armrest','Rear Window Defroster','Rear Window Wiper','Rear-View Camera','Remote Keyless Entry','Satellite Radio','Seat Memory','Speed-Sensing Steering','Stability Control','Steering Wheel Controls','Tachometer','Telematics System','Thermometer','Third Row Seating','Tire Pressure Monitoring System','Traction Control','Trip Computer','Turn Signal Mirrors','Vanity Mirror/Light']",79,"** Alloy Wheels / Premium Wheels, ** Bluetooth, Hands Free, ** Cruise Control, ** Keyless Entry, ** Premium Sound System / Premium Audio, ** Satellite Radio, ** Steering Wheel Controls, AWD, 3rd row seats: split-bench, 4-Wheel Disc Brakes, 4.33 Axle Ratio, 7 Speakers, A/V remote: CabinControl, ABS brakes, Air Conditioning, Alloy wheels, AM/FM radio: SiriusXM, Apple CarPlay/Android Auto, Auto High-beam Headlights, Auto-dimming Rear-View mirror, Automatic temperature control, Blind Spot Information (BSI) System warning, Brake assist, Bumpers: body-color, Delay-off headlights, Driver door bin, Driver vanity mirror, Dual front impact airbags, Dual front side impact airbags, Electronic Stability Control, Emergency communication system: HondaLink Assist, Exterior Parking Camera Rear, Forward collision: Collision Mitigation Braking System (CMBS) + FCW mitigation, Four wheel independent suspension, Front anti-roll bar, Front Bucket Seats, Front Center Armrest, Front dual zone A/C, Front fog lights, Front reading lights, Fully automatic headlights, Garage door transmitter: HomeLink, Heated door mirrors, Heated Front Bucket Seats, Heated front seats, Illuminated entry, Lane departure: Lane Keeping Assist System (LKAS) active, Leather Seat Trim, Low tire pressure warning, Memory seat, Occupant sensing airbag, Outside temperature display, Overhead airbag, Overhead console, Panic alarm, Passenger door bin, Passenger vanity mirror, Power door mirrors, Power driver seat, Power Liftgate, Power moonroof, Power passenger seat, Power steering, Power windows, Radio data system, Radio: 215-Watt Audio System, Rear air conditioning, Rear anti-roll bar, Rear reading lights, Rear seat center armrest, Rear window defroster, Rear window wiper, Reclining 3rd row seat, Remote keyless entry, Roof rack: rails only, Security system, Speed control, Speed-sensing steering, Speed-Sensitive Wipers, Split folding rear seat, Spoiler, Steering wheel mounted audio controls, Tachometer, Telescoping steering wheel, Tilt steering wheel, Traction control, Trip computer, Turn signal indicator mirrors, Variably intermittent wipers, Wheels: 20"" Exclusive Gloss Black Alloy, AWD.<br /><br />Recent Arrival! CARFAX One-Owner. Odometer is 3045 miles below market average! White 2022 Honda 4D Sport Utility Pilot Special Edition 3.5L V6 24V SOHC i-VTEC 9-Speed Automatic AWD<br /><br /><br />Always remember ""IF MORLAN'S NOT ON THE BACK OF YOUR CAR, YOU PAID TO MUCH!!""","[PREMIUM]","[PREMIUM]",151.75,
"5TDHZRBH5NS591138BNHUYBSS1120260828","2026-09-04 00:19:34.272","2026-09-04 00:19:34.272","[PREMIUM]","[PREMIUM]","2620849A",2022,"Toyota","Highlander","XLE",,"SUV","Silver","Gray","6 Cyl","3.5 L","AWD","Automatic","Gasoline",61869,"[PREMIUM]","[PREMIUM]",34070,"FAIR","Used",,,20,27,23,true,true,true,true,"['{""ownerNumber"":1,""purchaseDate"":""09/08/22"",""endOwnershipDate"":""08/28/26"",""city"":""Mount Carmel"",""state"":""IL""}']",11,19,0,"2026-08-28","ENHANCED","NEW",true,"[PREMIUM]","Evansville","IN","47715","[PREMIUM]",4.6,2154,"BNHUYBSS11","[PREMIUM]","[PREMIUM]","[PREMIUM]","[PREMIUM]","[PREMIUM]","TOPRATED",,,,,"[PREMIUM]","[PREMIUM]",19,"['Navigation System','Keyless Entry','Fog Lights','Spoiler','Heated Seats','Cargo Cover','Roof Rails','Power Liftgate','18 Inch Wheels','Alloy Wheels']",10,"['2nd Row Split/Folding Seats','3rd Row Bench Seat','3rd Row Split/Folding Seats','4-Wheel Disc Brakes','4-Wheel Independent Suspension','6 Speakers','AM/FM','Adjustable 3rd Row Seats','Adjustable Steering Wheel','Air Conditioning','Android Auto','Anti-Lock Brakes','Anti-Theft System','Apple Carplay','Auto Climate Control','Auto-Dimming Mirror','Automatic Headlights','Body Colored Bumpers','Body Side Moldings','Braking Assist','Cruise Control','Delay-Off Headlights','Door Bin','Dual-Zone Climate Control','Emergency Communication System','Front Airbags (Driver)','Front Airbags (Passenger)','Front Anti-Roll Bar','Front Bench Seat','Front Bucket Seats','Front Center Armrest','Front Knee Airbags (Driver)','Front Side Airbags (Driver)','Front Side Airbags (Passenger)','Handsfree/Bluetooth Integration','Heated Mirrors','High-Beam Assist','Illuminated Entry','Integrated Garage Door Opener','Intermittent Wipers','Leather Shift Knob Trim','Leatherette Seats','Overhead Airbag','Overhead Console','Panic Button','Passenger Sensing Airbag','Power Mirrors','Power Seat (Dual)','Power Steering','Power Sun/Moonroof','Power Windows','Premium Sound System','Reading Lights','Rear Air Conditioning','Rear Anti-Roll Bar','Rear Window Defroster','Rear Window Wiper','Rear-View Camera','Remote Keyless Entry','Satellite Radio','Speed-Sensing Steering','Split/Folding Seats','Stability Control','Steering Wheel Controls','Tachometer','Thermometer','Third Row Seating','Tire Pressure Monitoring System','Traction Control','Trip Computer','Turn Signal Mirrors','Vanity Mirror/Light']",72,"This 2022 Toyota Highlander XLE AWD combines style, capability, and comfort in a versatile three-row SUV. With its powerful 3.5L V6 engine and all-wheel drive, this local trade delivers confident handling and reliable performance. Silver exterior with a well-appointed interior makes this Highlander ready for your next adventure. - Backup Camera - Bluetooth - Power Liftgate - Apple CarPlay/Android Auto - Heated Front Bucket Seats - Power Moonroof - Premium Audio with Navigation - Reclining 3rd Row Seat - SofTex Seat Trim - Body Side Moldings Earning approximately 20 city and 27 highway miles per gallon, this Highlander balances efficiency with the performance you expect from Toyota's legendary midsize SUV. The XLE trim delivers premium appointments including heated front bucket seats, a power moonroof, and a premium audio system with navigation to keep you informed and comfortable on every drive. Don't miss this well-equipped family hauler. Visit us today to experience the Highlander's spacious interior, advanced technology features, and refined driving dynamics firsthand.","[PREMIUM]","[PREMIUM]",151.75,
"WA1AXBF72ND0127261CQWFJZLGU20260902","2026-09-04 00:19:34.243","2026-09-04 00:19:34.243","[PREMIUM]","[PREMIUM]","012726",2022,"Audi","Q7","Premium","55","SUV","Black","Black","6 Cyl","3.0 L","AWD","Automatic","Gasoline",37187,"[PREMIUM]","[PREMIUM]",35870,"GOOD","Used",,,18,23,20,true,true,true,true,"['{""ownerNumber"":1,""purchaseDate"":""06/03/22"",""endOwnershipDate"":""09/01/26"",""city"":""Nashville"",""state"":""TN""}']",11,74,0,"2026-09-02","ENHANCED","USED",true,"[PREMIUM]","Murfreesboro","TN","37129","[PREMIUM]",,,"1CQWFJZLGU","[PREMIUM]","[PREMIUM]","[PREMIUM]","[PREMIUM]","[PREMIUM]","ADVANTAGE","GREAT","LOW","LOW",250,"[PREMIUM]","[PREMIUM]",74,"['Convenience Package','Heated Steering Wheel']",2,"['Audi Guard Protection Package','Illuminated Entry','Rear-View Camera','Side and Top View Camera','Wireless Phone Charger']",5,"2022 Audi Q7 quattro Premium 55 TFSI w/ CONVENIENCE PKG.<p>Listed below are all the window sticker installed options:*</p><p><strong>Mythos Black Metallic $595</strong></p><p><strong>Black Interior Included</strong></p><p><strong>Convenience Package $1,200</strong></p><ul> <li>Audi Phone Box with Wireless Charging and Signal Booster</li> <li>Heated Steering Wheel</li> <li>Top View Camera System</li></ul><p><strong>Audi Beam Rings $475</strong></p><p><strong>Audi Guard Protection Package $340</strong></p><p><em>The features and options listed on this description are for informational purposes only. We cannot guarantee the full accuracy of all data, as some items may have been installed or removed by a prior owner or a third party. The actual equipment on the vehicle will be the final representation of what is being sold. All vehicles are subject to prior sale.<br />.</em><br />Introducing the 2022 Audi Q7 quattro Premium 55 TFSI, now available at Auto Pro Nashville / Auto Collection Murfreesboro. This luxurious SUV combines performance, style, and advanced technology, making it a standout choice for discerning drivers. With a mileage of just 37,187, this vehicle is in excellent condition and ready to deliver a premium driving experience.<br /><br />Under the hood, the Q7 is powered by a robust 3.0L Mild Hybrid E-Turbo V6 engine, producing an impressive 335 horsepower and 369 lb-ft of torque. This powertrain is paired with Audi's renowned quattro all-wheel-drive system, ensuring exceptional handling and stability in various driving conditions. The vehicle offers a respectable fuel efficiency of 18 MPG in the city and 23 MPG on the highway, making it a practical choice for both urban and long-distance driving.<br /><br />The exterior of this Q7 is finished in the striking</p>","[PREMIUM]","[PREMIUM]",153,
"5LMJJ2LT7NEL03881JT8J6P1GN120260830","2026-09-04 00:19:34.217","2026-09-04 00:19:34.217","[PREMIUM]","[PREMIUM]","D67948B",2022,"Lincoln","Navigator","Reserve",,"SUV","White","Tan","6 Cyl","3.5 L","4WD","Automatic","Gasoline",82359,"[PREMIUM]","[PREMIUM]",44030,"FAIR","Used",,,16,22,18,true,true,,,"['{""ownerNumber"":1,""purchaseDate"":""05/06/22"",""endOwnershipDate"":""12/27/25"",""city"":""Birmingham"",""state"":""AL""}','{""ownerNumber"":2,""purchaseDate"":""12/27/25"",""endOwnershipDate"":""08/29/26"",""city"":""Lincoln"",""state"":""AL""}']",13,26,0,"2026-08-30","ENHANCED","USED",true,"[PREMIUM]","Pelham","AL","35124","[PREMIUM]",4.8,855,"JT8J6P1GN1","[PREMIUM]","[PREMIUM]","[PREMIUM]","[PREMIUM]","[PREMIUM]","TOPRATED",,,,,"[PREMIUM]","[PREMIUM]",26,"['Luxury Package','Reserve Package','Navigation System','Keyless Entry','Fog Lights','Spoiler','Leather Seats','Heated Seats','Heated Steering Wheel','Power Liftgate']",10,"['14 Speakers','22 Inch Wheels','28 Speakers','2nd Row Split/Folding Seats','3-Point Seat Belts','3rd Row Bench Seat','3rd Row Split/Folding Seats','4-Wheel Disc Brakes','4-Wheel Independent Suspension','AM/FM','Adaptive Suspension','Adjustable 3rd Row Seats','Adjustable Pedals','Adjustable Seats','Adjustable Steering Wheel','Air Conditioning','Alloy Wheels','Anti-Lock Brakes','Anti-Theft System','Auto Climate Control','Auto Load Leveling','Auto-Dimming Mirror','Automatic Headlights','Body Colored Bumpers','Body Side Moldings','Braking Assist','Color Coded Mirrors','Compass','Cruise Control','Delay-Off Headlights','Door Bin','Driver Seat Mounted Armrest','Dual-Zone Climate Control','Emergency Communication System','Front Airbags (Driver)','Front Airbags (Passenger)','Front Anti-Roll Bar','Front Bucket Seats','Front Headrests','Front Side Airbags (Driver)','Front Side Airbags (Passenger)','HD Radio','Head-Up Display','Heated Mirrors','High-Beam Assist','Illuminated Entry','Integrated Garage Door Opener','Leather Steering Wheel','MP3','Massage Seats','Memorized Settings','Monochrome Package','Overhead Airbag','Overhead Console','Panic Button','Passenger Seat Mounted Armrest','Passenger Sensing Airbag','Power Adjustable Headrest','Power Mirrors','Power Panorama Sunroof','Power Seat (Dual)','Power Steering','Power Windows','Radio Data System','Rain-Sensing Wipers','Reading Lights','Rear Air Conditioning','Rear Anti-Roll Bar','Rear Audio Controls','Rear Headrests','Rear Heated Seats','Rear Ventilated Seats','Rear Window Defroster','Rear Window Wiper','Rear-View Camera','Remote Keyless Entry','Revel Ultima Sound System','Roof Rail Crossbars','Satellite Radio','Seat Memory','Speed-Sensing Steering','Stability Control','Start-Stop System','Steering Wheel Controls','Steering Wheel Memory','Sync 4','Tachometer','Telematics System','Thermometer','Third Row Seating','Tire Pressure Monitoring System','Touch-Screen Display','Traction Control','Trip Computer','Turn Signal Mirrors','Vanity Mirror/Light','Ventilated Seats','Voice-Activated Command System','Wood Dash Trim','Wood Door Trim']",100,"This stunning 2022 Lincoln Navigator Reserve commands attention with its pristine white metallic tri-coat exterior and commanding presence on the road. As a full-size luxury SUV built for those who demand premium appointments and refined capability, this Navigator Reserve delivers an exceptional driving experience backed by meticulous craftsmanship and cutting-edge technology.<br /><br />Key Features:<br />- Revel Ultima 3D Audio System with 28 speakers<br />- Panoramic Vista Roof with power operation<br />- Premium leather heated and ventilated front seats with 30-way perfect position adjustment<br />- 2nd row heated and ventilated enhanced massage seats<br />- Heads-up display for enhanced visibility<br />- Navigation system with connected services<br />- Automatic temperature control with rear air conditioning<br />- Heated steering wheel and power liftgate<br />- 22-inch black aluminum wheels with chrome roof rack<br />- SiriusXM satellite radio<br /><br />This well-maintained Navigator has been expertly reconditioned and shows approximately 82,359 miles, reflecting responsible ownership and consistent care. The V6 engine paired with automatic 4WD transmission provides a smooth, capable ride that balances luxury comfort with practical performance, delivering 16 city and 22 highway MPG.<br /><br />The Reserve trim elevates your experience with the Equipment Group 201A, Luxury Package, and Monochromatic Package, creating a cohesive, sophisticated aesthetic inside and out. From the reclining third-row seat to rain-sensing wipers and auto high-beam headlights, every detail has been selected to enhance your journey.<br /><br />Schedule your test drive today to experience the commanding comfort and technological sophistication this Navigator offers.<br /><br />Driver's Way has been trusted in the used vehicle industry since 1997. We stock over 400 expertly reconditioned vehicles at fair prices. Driver's Way operates two locations - in Pelham and Birmingham, AL. Call us at 205-982-8326 to schedule a test drive. Come see why we sell several thousand vehicles year after year!","[PREMIUM]","[PREMIUM]",151.25,
"1GNSCRKDXNR1299920OZAAJDJ4E20260827","2026-09-04 00:19:34.210","2026-09-04 00:19:34.210","[PREMIUM]","[PREMIUM]","SNR129992",2022,"Chevrolet","Tahoe","RST",,"SUV","Gray","Black","8 Cyl","5.3 L","RWD","Automatic","Gasoline",103301,"[PREMIUM]","[PREMIUM]",38990,,"Used",,,15,20,17,,true,true,true,"['{""ownerNumber"":1,""purchaseDate"":""11/26/21"",""endOwnershipDate"":""08/13/26"",""city"":""Gulf Shores"",""state"":""AL""}']",17,4,0,"2026-08-27","ENHANCED","NEW",true,"[PREMIUM]","Madison","MS","39110","[PREMIUM]",4.4,417,"0OZAAJDJ4E","[PREMIUM]","[PREMIUM]","[PREMIUM]","[PREMIUM]","[PREMIUM]","TOPRATED","GOOD","AVERAGE","AVERAGE",420,"[PREMIUM]","[PREMIUM]",4,"['Luxury Package','Driver Alert Package','Preferred Equipment Package','Suspension Package','Remote Start','Keyless Entry','Trailer Hitch','Leather Seats','Running Boards','Trailer Wiring']",10,"['120V Power Outlet','12V Power Outlet','22 Inch Wheels','2nd Row Heated Seats','2nd Row Power Seats','3-Point Seat Belts','3rd Row Bench Seat','3rd Row Split/Folding Seats','4-Wheel Disc Brakes','9 Speakers','AM/FM','Active Grille Shutters','Adjustable Lumbar Support','Adjustable Seats','Air Filtration','Airbags','All-Season Tires','Android Auto','Anti-Lock Brakes','Anti-Theft System','Apple Carplay','Auto-Dimming Mirror','Auxiliary Transmission Cooler','Bench Seat','Blind Spot Monitor','Body Colored Door Handles','Bose Sound System','Braking Assist','Cargo Area Light','Cargo Management Package','Center Console','Chevrolet Infotainment System','Child Safety Locks','Child Seat Anchors','Collision Warning System','Color Coded Mirrors','Confidence Package','Daytime Running Lights','Digital Instrument Cluster','Floor Mats','Following Distance Indicator','Front Airbags (Driver)','Front Airbags (Passenger)','Front Bucket Seats','Front Parking Sensors','Front Side Airbags (Driver)','Front Side Airbags (Passenger)','Front Stabilizer Bar','Handsfree Power Liftgate','Heated Mirrors','Heated Steering Wheel','Hill Assist System','Hitch Guidance Camera','Illuminated Entry','Independent Suspension','Infotainment 3 Premium System','Integrated Garage Door Opener','Keyless Ignition','LED Lights','Lane Departure Warning','Leather Steering Wheel','Leather Trimmed Seats','Limited Slip Differential','Memorized Settings','Multi-Link Suspension','Multimedia Interface','Overhead Console','Passenger Sensing Airbag','Pedestrian Alert System','Perforated Seats','Power Adjustable Steering Wheel','Power Folding 3rd Row Seats','Power Mirrors','Power Panorama Sunroof','Power Seat (Dual)','Power Steering','Reading Lights','Rear Bucket Seats','Rear Cross Traffic Alert','Rear Parking Sensors','Rear Seat Reminder','Rear Window Defroster','Rear-View Camera','Remote Keyless Entry','Satellite Radio','Side Curtain Airbags','Side and Top View Camera','Smooth Ride Suspension Package','Spare Tire Carrier Winch','Split/Folding Seats','Stability Control','Start-Stop System','Tachometer','Teen Driver Mode','Telematics System','Third Row Seating','Tinted Windows','Traction Control','Trailer Stability Assist','Turn Signal Mirrors','USB Adapter','Vanity Mirror/Light','Wireless Phone Charger']",103,"This <b> 2022 Chevrolet Tahoe RST</b>, has a Satin Steel Metallic exterior and Jet Black/Victory Red interior color with only 103,301 miles. Stock Number SNR129992. You can connect with us by calling 601-707-9414. No Accidents! One Owner! <b>OTHER NOTABLE FEATURES AND OPTIONS YOU SHOULD KNOW ABOUT:</b> Driver Alert Package<ul><li>Rear Cross Traffic Alert</li><li>Lane Change Alert with Side Blind Zone Alert</li></ul>Luxury Package ($2,525 value)<ul><li>Memory Settings</li><li>3rd Row 60/40 Power-Folding Split-Bench Seat</li><li>2nd Row Power Release 60/40 Split-Folding Bench Seat</li><li>Outside Heated Power-Adjustable Mirrors</li><li>Heated 2nd Row Outboard Seats</li><li>Heated Steering Wheel</li><li>Power Tilt and Telescopic Steering Column</li><li>Rear Pedestrian Alert</li><li>HD Surround Vision</li></ul>Preferred Equipment Group 1SP<ul><li>Front High-Back Reclining Bucket Seats</li><li>Memory Settings For Driver</li><li>Driver and Front Outboard Passenger Airbags</li><li>Color-Keyed Carpeting Floor Covering</li><li>1st and 2nd Row Color-Keyed Carpeted Floor Mats</li><li>Remote Start</li><li>Bright Front and Rear Door Sill Plates</li><li>Floor Console with Storage Area</li><li>Auto-Dimming Inside Rearview Mirror</li><li>Stop/start System Disable Button</li><li>Chevrolet Infotainment 3 Premium System Radio</li><li>Wireless Charging</li><li>Automatic Stop/start</li><li>Leather-Wrapped Steering Wheel</li><li>22\ X 9\ Bright Machined Wheels</li><li>Perforated Leather Seat Trim</li><li>LED Daytime Running Lamps</li><li>Hands-Free Rear Power Programmable Liftgate</li><li>SiriusXM Radio with 360L</li><li>Enhanced Driver Information Center</li><li>Universal Home Remote</li><li>Infotainment Display</li><li>Bose 9-Speaker Stereo Audio System Feature</li><li>275/50R22SL AS BW Tires</li></ul> Safety and Security<ul><li> The vehicle is equipped with a system that senses, and then prepares, the vehicle and/or occupants, for an impending forward collision.</li><li> The vehicle is equipped with a system that senses, and then prepares, the vehicle and/or occupants, for an impending forward collision.</li><li> The vehicle constantly monitors the roadway in front of the vehicle and identifies and tracks pedestrians on an interior display. If the system determines a likely impact, it will automatically take preventative steps to avoid hitting the pedestrian.</li></ul>Technology and Telematics<ul><li> Apple CarPlay/Android Auto smart device wireless mirroring</li><li> Mobile devices can wirelessly connect to the internet through the vehicle's private mobile network.</li></ul> SUSPENSION PACKAGE, PREMIUM SMOOTH RIDE, EMISSIONS, FEDERAL REQUIREMENTS, ENGINE, 5.3L ECOTEC3 V8, TRANSMISSION, 10-SPEED AUTOMATIC, GVWR, 7400 LBS. (3357 KG), REAR AXLE, 3.23 RATIO, WHEELS, 22\ X 9\ (55.9 CM X 22.9 CM) BRIGHT MACHINED HIGH-GLOSS BLACK PAINTED, SATIN STEEL METALLIC, SEATS, FRONT BUCKET, JET BLACK/VICTORY RED, PERFORATED LEATHER SEATING SURFACES 1ST AND 2ND ROW, AUDIO SYSTEM, CHEVROLET INFOTAINMENT 3 PREMIUM SYSTEM WITH GOOGLE BUILT-IN, LUXURY PACKAGE, DRIVER ALERT PACKAGE, SUNROOF, POWER PANORAMIC, DUAL-PANE, TILT-SLIDING, MIRRORS, OUTSIDE HEATED POWER-ADJUSTABLE, POWER-FOLDING, DRIVER-SIDE AUTO-DIMMING, LICENSE PLATE FRONT MOUNTING PACKAGE, SEATS, HEATED SECOND ROW OUTBOARD SEATS, SEATS, SECOND ROW BUCKET, POWER RELEASE, SEATS, THIRD ROW 60/40 SPLIT-BENCH, POWER FOLDING, CONSOLE, FLOOR, POWER-SLIDING CENTER, NOT EQUIPPED WITH STEERING COLUMN LOCK, STEERING COLUMN, POWER TILT AND TELESCOPIC, STEERING WHEEL, HEATED, MEMORY SETTINGS, RECALLS 2 \DRIVER\ PRESETS FOR POWER DRIVER SEAT, OUTSIDE REARVIEW MIRRORS AND POWER AND TILT AND TELESCOPIC STEERING COLUMN, HD SURROUND VISION, REAR CROSS TRAFFIC ALERT, REAR PEDESTRIAN ALERT, LANE CHANGE ALERT WITH SIDE BLIND ZONE ALERT At Mac Haik Chevrolet Madison, we're here to <b>Serve you!</b> Our staff is 100% dedicated to customer satisfaction and we understand that you need clear, transparent information throughout the car buying process. With our live market pricing philosophy, we offer the right cars at the right price, and the transparency to back it up!","[PREMIUM]","[PREMIUM]",152,
"1FMEE5DP7NLB62222HM8MODGOTN20260825","2026-09-04 00:19:34.203","2026-09-04 00:19:34.203","[PREMIUM]","[PREMIUM]","NLB62222A",2022,"Ford","Bronco","Outer Banks",,"SUV","Gray","Black","6 Cyl","2.7 L","4WD","Automatic","Gasoline",80475,"[PREMIUM]","[PREMIUM]",35690,"FAIR","Used",,,19,20,19,true,true,true,true,"['{""ownerNumber"":1,""purchaseDate"":""10/11/22"",""endOwnershipDate"":""08/25/26"",""city"":""Gallatin"",""state"":""TN""}']",11,,0,"2026-08-25","ENHANCED","NEW",true,"[PREMIUM]","Gallatin","TN","37066","[PREMIUM]",4.5,164,"HM8MODGOTN","[PREMIUM]","[PREMIUM]","[PREMIUM]","[PREMIUM]","[PREMIUM]","LIFETIME",,,,,"[PREMIUM]","[PREMIUM]",,"['Remote Start','Spare Tire','Navigation System','Ecoboost','Keyless Entry','Fog Lights','Leather Seats','Heated Seats','Bucket Seats','Blind Spot Monitor']",10,"['18 Inch Wheels','2nd Row Split/Folding Seats','4-Wheel Disc Brakes','6 Speakers','AM/FM','Adjustable Steering Wheel','Advanced 4WD','Air Conditioning','Alloy Wheels','Anti-Lock Brakes','Anti-Theft System','Apple Carplay','Auto Climate Control','Auto-Dimming Mirror','Automatic Headlights','Aux Audio Adapter','Braking Assist','Child Safety Locks','Cloth Seats','Compass','Cross Traffic Alert','Cruise Control','Daytime Running Lights','Delay-Off Headlights','Door Bin','Driver Adjustable Lumbar','Dual Sun/Moonroof','Dual-Zone Climate Control','Emergency Communication System','Engine Immobilizer','Floor Mats','Front Airbags (Driver)','Front Airbags (Passenger)','Front Anti-Roll Bar','Front Bucket Seats','Front Center Armrest','Front Head Airbag','Front Parking Sensors','Front Side Airbags (Driver)','Front Side Airbags (Passenger)','Handsfree/Bluetooth Integration','Hard Top','Heated Mirrors','High Package','High-Beam Assist','Illuminated Entry','Independent Suspension','Intermittent Wipers','Keyless Entry Keypad','Keyless Ignition','Lane Departure Warning','Lane Keeping System','Leather Shift Knob Trim','Leather Steering Wheel','Limited Slip Differential','Locking Differential','MP3','Multi-Zone Climate Control','Off-Road Tires','Overhead Airbag','Overhead Console','Panic Button','Pass-Through Rear Seat','Passenger Sensing Airbag','Power Locks','Power Mirrors','Power Seat (Dual)','Power Steering','Power Windows','Privacy Glass','Radio Data System','Reading Lights','Rear Head Airbags','Rear Parking Sensors','Rear Window Defroster','Rear-View Camera','Remote Keyless Entry','Rollover Protection Bars','Satellite Radio','Side and Top View Camera','Smart Device Integration','Stability Control','Steering Wheel Controls','Sync 4','Tachometer','Targa Top','Telematics System','Thermometer','Tire Pressure Monitoring System','Touch-Screen Display','Tow Hooks','Traction Control','Trip Computer','Vanity Mirror/Light','Vinyl Seats','Wheel Locks','Wi-Fi Hotspot']",97,"Recent Arrival!<br /><br />CARFAX One-Owner.<br /><br />Gray Metallic 2022 Ford Bronco Outer Banks 4D Sport Utility 4WD 2.7L EcoBoost V6 10-Speed Automatic<br /><br />12 LCD Capacitive Touchscreen w/Swipe Capability, 18 Bright Machined Aluminum Wheels, 360-Degree Camera, 4-Wheel Disc Brakes, 4.27 Axle Ratio, 6 Speakers, ABS brakes, Additional Sound Deadening, Air Conditioning, Alloy wheels, AM/FM radio: SiriusXM with 360L, AM/FM Stereo, Auto High-beam Headlights, Auto-dimming Rear-View mirror, Automatic temperature control, Brake assist, Carbonized Gray Molded-In-Color Hard Top, Compass, Connected Navigation, Delay-off headlights, Driver door bin, Driver vanity mirror, Dual front impact airbags, Dual front side impact airbags, Electronic Stability Control, Emergency communication system: 911 Assist, Equipment Group 313A High Package, Exterior Parking Camera Rear, Front anti-roll bar, Front Bucket Seats, Front Center Armrest, Front dual zone A/C, Front fog lights, Front License Plate Bracket, Front Parking Sensors, Front reading lights, Front Row Top Panels Storage Bag, Front wheel independent suspension, Fully automatic headlights, Hard Top Sound Deadening Headliner, Heated Cloth Bucket Seats, Heated door mirrors, Heated front seats, Illuminated entry, Information on Demand Panel, Integrated roll-over protection, Keyless Entry Keypad, Leather Shift Knob, Low tire pressure warning, Navigation system: Connected Navigation, Occupant sensing airbag, Outside temperature display, Overhead airbag, Overhead console, Panic alarm, Passenger door bin, Passenger vanity mirror, Power door mirrors, Power steering, Power windows, Radio data system, Rear-Window Defroster &amp; Washer, Remote keyless entry, Security system, Sideview Mirrors, SiriusXM Radio w/360L, Slide-Out Tailgate, Speed control, Split folding rear seat, Steering wheel mounted audio controls, SYNC 4, Tachometer, Telescoping steering wheel, Tilt steering wheel, Traction control, Trip computer, Variably intermittent wipers, Voltmeter.<br /><br /><br />Awards:<br /> * NACTOY 2022 North American Utility of the Year<br /><br />Price does not include licensing costs, registration fees, taxes and dealer doc fee of $899 which are to be paid by the consumer.","[PREMIUM]","[PREMIUM]",151.75,
"1C4SJVDT8NS205424O4CS6BD1EM20260809","2026-09-04 00:19:34.183","2026-09-04 00:19:34.183","[PREMIUM]","[PREMIUM]","96003",2022,"Jeep","Wagoneer","Series III",,"SUV","White","Black","8 Cyl","5.7 L","4WD","Automatic","Gasoline",127810,"[PREMIUM]","[PREMIUM]",30240,,"Used",,,15,20,17,true,true,true,,"['{""ownerNumber"":1,""purchaseDate"":""09/10/22"",""endOwnershipDate"":""11/20/25"",""city"":""Meadville"",""state"":""MS""}','{""ownerNumber"":2,""purchaseDate"":""02/03/26"",""endOwnershipDate"":""07/04/26"",""city"":""Hattiesburg"",""state"":""MS""}']",15,33,0,"2026-08-09","ENHANCED","NEW",true,"[PREMIUM]","Brookhaven","MS","39601","[PREMIUM]",4.7,40,"O4CS6BD1EM","[PREMIUM]","[PREMIUM]","[PREMIUM]","[PREMIUM]","[PREMIUM]","TOPRATED",,,,,"[PREMIUM]","[PREMIUM]",33,"['Navigation System','Fog Lights','Leather Seats','Heated Seats','Cargo Cover','Heated Steering Wheel','Bucket Seats','Power Liftgate','Alloy Wheels','Ventilated Seats']",10,"['19 Speakers','4-Wheel Independent Suspension','7-Passenger Seating','Adjustable Pedals','Air Conditioning','Airbags','Auto Climate Control','Auto Load Leveling','Automatic Headlights','Braking Assist','Cargo Mat','Console','Cup Holder','Dual-Zone Climate Control','Floor Mats','Head-Up Display','High-Beam Assist','Leather Trimmed Seats','McIntosh Sound System','Memorized Settings','Power Running Boards','Power Sun/Moonroof','Rain-Sensing Wipers','Rear Air Conditioning','Rear Bucket Seats','Rear Heated Seats','Rear Window Defroster','Rear-View Camera','Satellite Radio','Seat Memory','Seating Flexibility Package','Speed-Sensing Steering','Stability Control','Steering Wheel Controls','Telematics System','Traction Control','Uconnect System','Voice-Activated Command System','Wood Trimmed Interior']",39,"This 2022 Jeep Wagoneer Series III represents a premium full-size SUV built for those seeking both capability and refined comfort. With its White Pearlcoat exterior and commanding presence, this vehicle commands attention on any road while delivering the versatility expected from the Wagoneer nameplate. - Alloy Wheels - Backup Camera - 19 Speaker McIntosh Audio System - Uconnect 5 Nav with 10.1' Display - 3 Panel Sunroof - Power Deployable Running Boards - Flexible Seating Group with Power Tip/Slide Recline 2nd Row Buckets - 7-Passenger Seating - Heated Front and Rear Seats - Ventilated Front Seats - Leather Trimmed Bucket Seats - Power Liftgate - Auto-Leveling Suspension - Four Wheel Independent Suspension The 5.7L V8 engine paired with an 8-speed automatic transmission and 4WD capability ensures this Wagoneer delivers the performance and traction you need. The vehicle achieves 15 city and 20 highway MPG, providing reasonable fuel economy for its class and capability level. One owner and a clean vehicle history report back this Series III's reliability and care throughout its life. Inside, the premium appointments reflect the Series III designation. The cabin features genuine wood accents on the dashboard, door panels, and console, creating an atmosphere of sophistication. Climate control includes front dual zone automatic temperature control, rear dual zone A/C, and a rear window defroster. The heated steering wheel adds comfort during cooler months, while the memory seat and pedal memory settings ensure personalized adjustments return each time you drive. The Flexible Seating Group provides adaptability for your lifestyle, with power-operated second-row buckets that tip and slide for enhanced third-row access. The floor console with cupholder keeps essentials within reach, and the reversible carpet and vinyl cargo mat protects your cargo area. Luxury front and rear floor mats and a cargo cover complete the premium interior experience. Entertainment and connectivity come through the Uconnect 5 navigation system with its 10.1-inch display, SiriusXM with 360L, and the exceptional 19-speaker McIntosh audio system. Steering wheel-mounted controls and voice command functionality keep your focus on the road. The heads-up display projects essential information directly into your line of sight. Safety and convenience features include a backup camera, electronic stability control, traction control, brake assist, and a comprehensive airbag system. The auto-leveling suspension adjusts to maintain a consistent ride height regardless of load, while the speed-sensing steering adapts to your driving conditions. Auto high-beam headlights, front fog lights, and rain-sensing wipers enhance visibility in all weather conditions. Keith White Family Plan FREE with select Pre-Owned Vehicles Under 100K Miles! At Keith White Ford, we treat every customer like family. That's why we include our exclusive Keith White Family Plan at no extra cost with eligible pre-owned vehicles under 100,000 miles! This plan includes lifetime powertrain coverage, windshield repair, complimentary oil change, future trade-in bonus, rewards program access, and so much more. Because when you buy from us, you're not just getting a vehicle you're joining the Keith White Ford family. Join our family today! Some exclusions apply. See dealer for details.","[PREMIUM]","[PREMIUM]",151.75,
"5XYP5DHCXNG195449PZ752Y100120260902","2026-09-04 00:19:34.182","2026-09-04 00:19:34.182","[PREMIUM]","[PREMIUM]","NG195449",2022,"Kia","Telluride","SX",,"SUV","Gray","Black","6 Cyl","3.8 L","AWD","Automatic","Gasoline",28648,"[PREMIUM]","[PREMIUM]",36160,"GREAT","Used",,,19,24,21,true,true,true,,"['{""ownerNumber"":1,""purchaseDate"":""06/26/21"",""endOwnershipDate"":""03/18/23"",""city"":""Clanton"",""state"":""AL""}','{""ownerNumber"":2,""purchaseDate"":""03/28/23"",""endOwnershipDate"":""Present"",""city"":""Birmingham"",""state"":""AL""}']",12,1,0,"2026-09-02","ENHANCED","NEW",true,"[PREMIUM]","Pelham","AL","35124","[PREMIUM]",,,"PZ752Y1001","[PREMIUM]","[PREMIUM]","[PREMIUM]","[PREMIUM]","[PREMIUM]","TOPRATED",,,,,"[PREMIUM]","[PREMIUM]",1,"['Towing Package','Prestige Package','Remote Start','Navigation System','Keyless Entry','Fog Lights','Trailer Hitch','Spoiler','Leather Seats','Heated Seats']",10,"['10 Speakers','20 Inch Wheels','2nd Row Split/Folding Seats','3rd Row Bench Seat','3rd Row Split/Folding Seats','4-Wheel Disc Brakes','4-Wheel Independent Suspension','7-Passenger Seating','AM/FM','Adaptive Cruise Control','Adjustable 3rd Row Seats','Adjustable Steering Wheel','Air Conditioning','Alloy Wheels','Android Auto','Anti-Lock Brakes','Anti-Theft System','Apple Carplay','Auto Climate Control','Auto-Dimming Mirror','Automatic Headlights','Aux Audio Adapter','Blind Spot Monitor','Body Colored Bumpers','Braking Assist','Bucket Seats','Cargo Tray','Child Safety Locks','Cloth Seats','Collision Warning System','Compact Spare Tire','Compass','Cooled Seats','Cross Traffic Alert','Daytime Running Lights','Delay-Off Headlights','Door Bin','Driver Adjustable Lumbar','Dual Sun/Moonroof','Dual-Zone Climate Control','Emergency Communication System','Engine Immobilizer','Floor Mats','Front Airbags (Driver)','Front Airbags (Passenger)','Front Anti-Roll Bar','Front Bench Seat','Front Bucket Seats','Front Center Armrest','Front Head Airbag','Front Knee Airbags (Driver)','Front Side Airbags (Driver)','Front Side Airbags (Passenger)','Handsfree Power Liftgate','Handsfree/Bluetooth Integration','Harman/Kardon Sound System','Head-Up Display','Heated Mirrors','Heated Steering Wheel','High Performance Tires','High-Beam Assist','Illuminated Entry','Independent Suspension','Integrated Garage Door Opener','Keyless Ignition','LED Lights','Lane Departure Warning','Lane Keeping System','Leather Shift Knob Trim','Leather Steering Wheel','Leather Trimmed Seats','Limited Slip Differential','Memory Mirrors','Multi-Zone Climate Control','Overhead Airbag','Overhead Console','Panic Button','Panorama Sunroof','Passenger Sensing Airbag','Power Folding Mirrors','Power Liftgate','Power Locks','Power Mirrors','Power Seat (Dual)','Power Steering','Power Sun/Moonroof','Power Windows','Privacy Glass','Radio Data System','Rain-Sensing Wipers','Reading Lights','Rear Air Conditioning','Rear Anti-Roll Bar','Rear Audio Controls','Rear Bucket Seats','Rear Head Airbags','Rear Heated Seats','Rear Parking Sensors','Rear Spoiler','Rear Ventilated Seats','Rear Window Defroster','Rear Window Wiper','Rear-View Camera','Remote Keyless Entry','Remote Trunk Release','Roof Rails','Satellite Radio','Seat Memory','Smart Device Integration','Smart Key','Speed-Sensing Steering','Split/Folding Seats','Stability Control','Steering Wheel Controls','Tachometer','Telematics System','Thermometer','Third Row Seating','Tire Pressure Monitoring System','Traction Control','Trip Computer','Turn Signal Mirrors','Vanity Mirror/Light','Ventilated Seats','Warranty','Wood Trimmed Interior']",126,"AWDWelcome to Riverchase Kia!Kia Certified Pre-Owned Details:* Includes Rental Car and Trip Interruption Reimbursement. 3 month Sirius trial subscription* Warranty Deductible: $50* 165 Point Inspection* Roadside Assistance* Transferable Warranty* Vehicle History* Powertrain Limited Warranty: 120 Month/100,000 Mile (whichever comes first) from original in-service date* Limited Warranty: 12 Month/12,000 Mile (whichever comes first) ""Platinum Coverage"" from certified purchase dateAt Riverchase Kia we believe in Market Pricing all vehicles in our inventory so that we are able to pass those savings along to our customers. Please call 205-987-6518 for any questions. Proudly serving the Pelham, Alabama area along with these great Cities: Birmingham, Montgomery, Huntsville, Tuscaloosa, Hoover, Dothan, Decatur, Auburn, Chattanooga, Atlanta, Columbus, Sandy Springs, Roswell, Marietta, Smyrna and surrounding areas.Under 10k Used Cars in Pelham Alabama. Price does not include tag, title, license or registration fees. Buyer is responsible for state, county and city taxes, tag, title and registration fees in the state where the vehicle will be registered. We sell and service all makes and models. Nissan, Toyota, Honda, INFINITI, Ford, Chevrolet, GMC, Lincoln, Hyundai, Kia, Lexus, Acura, Dodge, Ram, Jeep, Mercedes, BMW, Jaguar, Tahoe, Suburban, Yukon, F150, Silverado, Tacoma, Wrangler, Charger, Challenger, just to name a few. In order to get internet price you must either bring in the printed page, or mention the special to the dealership, and have the same reference in your contract at time of purchase. All vehicles plus tax, title &amp; WRA. Advertised prices include all applicable manufacturer rebates &amp; incentives which the dealer retains. Used cars may be subject to recalls for safety issues that have not been repaired. Visit www.safercar.gov for current vehicle recall information.","[PREMIUM]","[PREMIUM]",162.25,
"1FMEE5DP2NLB78974010RERLVE120260829","2026-09-04 00:19:34.160","2026-09-04 00:19:34.160","[PREMIUM]","[PREMIUM]","T0120278A",2022,"Ford","Bronco","Badlands",,"SUV","Gray","Blue","6 Cyl","2.7 L","4WD","Automatic","Gasoline",39414,"[PREMIUM]","[PREMIUM]",43460,"GOOD","Used",,,17,17,17,true,true,true,,"['{""ownerNumber"":1,""purchaseDate"":""11/24/22"",""endOwnershipDate"":""01/18/26"",""city"":""Houston"",""state"":""TX""}','{""ownerNumber"":2,""purchaseDate"":""03/19/26"",""endOwnershipDate"":""08/28/26"",""city"":""Miller"",""state"":""MO""}']",9,,0,"2026-08-29","ENHANCED","NEW",true,"[PREMIUM]","Springfield","MO","65804","[PREMIUM]",4.8,2003,"010RERLVE1","[PREMIUM]","[PREMIUM]","[PREMIUM]","[PREMIUM]","[PREMIUM]","TOPRATED",,,,,"[PREMIUM]","[PREMIUM]",,"['Remote Start','Navigation System','Ecoboost','Keyless Entry','Leather Seats','Heated Seats','Bucket Seats','Ambient Lighting','Alloy Wheels','17 Inch Wheels']",10,"['12V Power Outlet','2nd Row Split/Folding Seats','4-Wheel Disc Brakes','6 Speakers','AM/FM','Adjustable Steering Wheel','Advanced 4WD','Air Conditioning','Anti-Lock Brakes','Anti-Theft System','Auto Climate Control','Auto-Dimming Mirror','Automatic Headlights','Braking Assist','Center Console','Compass','Cruise Control','Delay-Off Headlights','Door Bin','Dual-Zone Climate Control','Emergency Communication System','Front Airbags (Driver)','Front Airbags (Passenger)','Front Anti-Roll Bar','Front Bucket Seats','Front Center Armrest','Front Parking Sensors','Front Side Airbags (Driver)','Front Side Airbags (Passenger)','Handsfree/Bluetooth Integration','Hard Top','Heated Mirrors','High Package','High-Beam Assist','Illuminated Entry','Independent Suspension','Intermittent Wipers','Leather Trimmed Seats','Overhead Airbag','Overhead Console','Panic Button','Passenger Sensing Airbag','Power Mirrors','Power Steering','Power Windows','Radio Data System','Reading Lights','Rear Parking Sensors','Rear Window Defroster','Rear-View Camera','Remote Keyless Entry','Rollover Protection Bars','Sasquatch Package','Satellite Radio','Side and Top View Camera','Stability Control','Steering Wheel Controls','Sync 4','Tachometer','Telematics System','Thermometer','Tire Pressure Monitoring System','Touch-Screen Display','Traction Control','Trip Computer','Vanity Mirror/Light','Vinyl Seats','Voice-Activated Command System']",68,"SAVE THOUSANDS WITH INTERNET VALUE PRICING! ONLY AT THOMPSON'S IN SPRINGFIELD!<br /><br />This 2022 Ford Bronco Badlands delivers rugged capability with sophisticated style. Gray exterior, powered by a 2.7L EcoBoost V6 with 10-speed automatic transmission, this four-wheel-drive icon is engineered for adventure. With just over 39,000 miles, it's a local trade that's ready for its next owner.<br /><br />- 4WD<br />- Bluetooth connectivity<br />- Rear view camera<br />- Remote keyless entry and vehicle start<br />- SYNC 4 with 12"" touchscreen and 360-degree camera<br />- Sasquatch Package<br />- Equipment Group 333A High Package<br />- Carbonized Gray molded-in-color hard top<br />- Front and rear parking sensors<br />- Heated front bucket seats<br /><br />The Badlands trim brings premium comfort and expedition-ready features. Leather-trimmed bucket seats with heating, dual-zone climate control, and ambient footwell lighting create an inviting cabin. Position-sensitive Bilstein shock absorbers and high-clearance suspension handle any terrain. Connected navigation, SiriusXM 360L, and enhanced voice recognition keep you informed and entertained. The 360-degree camera system, front parking sensors, and auto high-beam headlights enhance safety and confidence on every drive.<br /><br />This Bronco comes with an ALLY 3-month or 3,000-mile limited warranty. Visit Thompson's today and discover why discerning buyers choose this capable, well-equipped Badlands.<br /><br />IN BUSINESS SINCE 1919 AND REMEMBER.....THE THOMPSON BOYS ARE DEALING!!!!!","[PREMIUM]","[PREMIUM]",151,
"5XYP54HC1NG318801JT8J6P1GN120260825","2026-09-04 00:19:34.160","2026-09-04 00:19:34.160","[PREMIUM]","[PREMIUM]","D68166",2022,"Kia","Telluride","SX",,"SUV","White","Brown","6 Cyl","3.8 L","FWD","Automatic","Gasoline",58817,"[PREMIUM]","[PREMIUM]",31500,"FAIR","Used",,,20,26,23,true,true,true,,"['{""ownerNumber"":1,""purchaseDate"":""09/09/22"",""endOwnershipDate"":""07/10/25"",""city"":""Ocala"",""state"":""FL""}','{""ownerNumber"":2,""purchaseDate"":""04/02/26"",""endOwnershipDate"":""08/22/26"",""city"":""Ocala"",""state"":""FL""}']",20,26,0,"2026-08-25","ENHANCED","USED",true,"[PREMIUM]","Pelham","AL","35124","[PREMIUM]",4.8,855,"JT8J6P1GN1","[PREMIUM]","[PREMIUM]","[PREMIUM]","[PREMIUM]","[PREMIUM]","TOPRATED",,,,,"[PREMIUM]","[PREMIUM]",26,"['Towing Package','Remote Start','Navigation System','Keyless Entry','Fog Lights','Trailer Hitch','Spoiler','Leather Seats','Heated Seats','Roof Rails']",10,"['10 Speakers','20 Inch Wheels','2nd Row Split/Folding Seats','3rd Row Bench Seat','3rd Row Split/Folding Seats','4-Wheel Disc Brakes','4-Wheel Independent Suspension','7-Passenger Seating','AM/FM','Adjustable 3rd Row Seats','Adjustable Steering Wheel','Air Conditioning','Alloy Wheels','Android Auto','Anti-Lock Brakes','Anti-Theft System','Apple Carplay','Auto Climate Control','Auto-Dimming Mirror','Automatic Headlights','Blind Spot Monitor','Body Colored Bumpers','Braking Assist','Compass','Cruise Control','Delay-Off Headlights','Door Bin','Dual-Zone Climate Control','Emergency Communication System','Floor Mats','Front Airbags (Driver)','Front Airbags (Passenger)','Front Anti-Roll Bar','Front Bench Seat','Front Bucket Seats','Front Center Armrest','Front Knee Airbags (Driver)','Front Side Airbags (Driver)','Front Side Airbags (Passenger)','Harman/Kardon Sound System','Heated Mirrors','High-Beam Assist','Illuminated Entry','Independent Suspension','Integrated Garage Door Opener','Intermittent Wipers','Leather Shift Knob Trim','Leather Steering Wheel','Leather Trimmed Interior','Leather Trimmed Seats','Overhead Airbag','Overhead Console','Panic Button','Passenger Sensing Airbag','Power Liftgate','Power Mirrors','Power Seat (Dual)','Power Steering','Power Sun/Moonroof','Power Windows','Radio Data System','Reading Lights','Rear Air Conditioning','Rear Anti-Roll Bar','Rear Audio Controls','Rear Window Defroster','Rear Window Wiper','Remote Keyless Entry','Satellite Radio','Seat Memory','Smart Key','Speed-Sensing Steering','Split/Folding Seats','Stability Control','Steering Wheel Controls','Tachometer','Thermometer','Third Row Seating','Tire Pressure Monitoring System','Traction Control','Trip Computer','Turn Signal Mirrors','Vanity Mirror/Light','Ventilated Seats']",84,"This 2022 Kia Telluride SX delivers spacious three-row comfort with premium amenities and practical capability. With 58,817 miles on the odometer, this well-maintained white pearl SUV offers excellent value in the seven-passenger segment. The 3.8L V6 engine provides responsive power, achieving 20 city and 26 highway MPG, while the forward-thinking design and premium features make every journey more enjoyable.<br /><br />- Blind Spot Monitor<br />- SiriusXM satellite radio<br />- Towing Package with hitch and harness<br />- Heated and ventilated front bucket seats<br />- Navigation system with Apple CarPlay and Android Auto<br />- Power moonroof<br />- Harman/Kardon premium audio system<br />- Smart Key with push button and remote start<br />- Power liftgate with auto high-beam headlights<br />- 20-inch black alloy wheels<br /><br />This Telluride has been carefully reconditioned and presents in outstanding condition inside and out. The white Pearl exterior gleams with attention, while the leather-trimmed cabin showcases the quality construction Kia is known for. Memory seats, automatic temperature control, and HomeLink garage door transmitter add convenience to daily driving.<br /><br />Don't miss the opportunity to own this versatile family SUV. Schedule your test drive today and experience the Telluride's commanding road presence and thoughtful interior design firsthand.<br /><br />Driver's Way has been trusted in the used vehicle industry since 1997. We stock over 400 expertly reconditioned vehicles at fair prices. Driver's Way operates two locations - in Pelham and Birmingham, AL. If you are searching for a high quality used vehicle in Vestavia Hills, Helena, Mountain Brook, Alabaster, Chelsea, Moody, Hoover, or surrounding areas, call us at 205-982-8326 to schedule a test drive. Come see why we sell several thousand vehicles year after year!","[PREMIUM]","[PREMIUM]",151.75,
